INFO:     Started server process [15832]
INFO:     Waiting for application startup.
INFO:     Application startup complete.
INFO:     Uvicorn running on http://127.0.0.1:8000 (Press CTRL+C to quit)
INFO:     Started server process [24192]
INFO:     Waiting for application startup.
INFO:     Application startup complete.
INFO:     Uvicorn running on http://127.0.0.1:8000 (Press CTRL+C to quit)
INFO:     Started server process [23972]
INFO:     Waiting for application startup.
INFO:     Application startup complete.
INFO:     Uvicorn running on http://127.0.0.1:8000 (Press CTRL+C to quit)
2026-05-27 15:45:11 | INFO     | query_engine                   | DuckDB views registered: financials, financials_latest, company_master, sector_mapping, audit_log
2026-05-27 15:45:11 | INFO     | normalizer                     | Loaded 27 canonical items, 93 total aliases
2026-05-27 15:45:11 | INFO     | query_engine                   | DuckDB views registered: financials, financials_latest, company_master, sector_mapping, audit_log
2026-05-27 15:45:11 | INFO     | query_engine                   | SQL: SELECT financial_item, financial_category, year, value, units FROM financials WHERE company_id = 'CIPLA' AND is_active = TRUE ORDER BY year DESC, financial_item…
2026-05-27 15:45:15 | INFO     | query_engine                   | DuckDB views registered: financials, financials_latest, company_master, sector_mapping, audit_log
2026-05-27 15:45:15 | INFO     | query_engine                   | SQL: SELECT financial_item, financial_category, year, value, units FROM financials WHERE company_id = 'SUN' AND is_active = TRUE ORDER BY year DESC, financial_item…
2026-05-27 15:45:38 | INFO     | query_engine                   | DuckDB views registered: financials, financials_latest, company_master, sector_mapping, audit_log
2026-05-27 15:45:38 | INFO     | warehouse                      | Deactivated 4 rows for SUN/FY19
2026-05-27 15:45:38 | INFO     | query_engine                   | DuckDB views registered: financials, financials_latest, company_master, sector_mapping, audit_log
2026-05-27 15:45:40 | INFO     | query_engine                   | DuckDB views registered: financials, financials_latest, company_master, sector_mapping, audit_log
2026-05-27 15:45:40 | INFO     | warehouse                      | Ingested batch: {'ingestion_id': '8ae4506b-42d4-4410-8b01-b9070fc52fa5', 'rows_loaded': 43, 'rows_revised': 43, 'rows_new': 0}
2026-05-27 15:45:40 | INFO     | query_engine                   | DuckDB views registered: financials, financials_latest, company_master, sector_mapping, audit_log
2026-05-27 15:45:40 | INFO     | query_engine                   | DuckDB views registered: financials, financials_latest, company_master, sector_mapping, audit_log
2026-05-27 15:45:40 | INFO     | query_engine                   | SQL: SELECT financial_item, year, value, units FROM financials WHERE company_id = 'SUN'   AND financial_category = 'P&L Consolidated'   AND is_active = TRUE…
2026-05-27 15:45:40 | INFO     | query_engine                   | SQL: SELECT financial_item, year, value, units FROM financials WHERE company_id = 'SUN'   AND financial_category = 'P&L Standalone'   AND is_active = TRUE…
2026-05-27 15:45:40 | INFO     | query_engine                   | SQL: SELECT financial_item, year, value, units FROM financials WHERE company_id = 'SUN'   AND financial_category = 'Altman Z'   AND financial_item IN ('Revenue from Operations','EBITDA','PAT','Total Assets…
2026-05-27 15:45:40 | INFO     | cost_structure | Running cost structure analysis …
2026-05-27 15:45:41 | INFO     | cost_structure | Cost structure analysis complete.
2026-05-27 15:45:41 | INFO     | bankruptcy | Running bankruptcy/Altman Z analysis …
2026-05-27 15:45:43 | INFO     | query_engine                   | DuckDB views registered: financials, financials_latest, company_master, sector_mapping, audit_log
2026-05-27 15:45:43 | INFO     | query_engine                   | SQL: SELECT financial_item, financial_category, year, value, units FROM financials WHERE company_id = 'SUN' AND is_active = TRUE ORDER BY year DESC, financial_item…
2026-05-27 15:45:43 | INFO     | query_engine                   | SQL: SELECT financial_item, year, value, units FROM financials WHERE company_id = 'SUN'   AND financial_category = 'P&L Consolidated'   AND is_active = TRUE…
2026-05-27 15:45:43 | INFO     | cost_structure | Running cost structure analysis …
2026-05-27 15:45:44 | INFO     | cost_structure | Cost structure analysis complete.
2026-05-27 15:45:44 | INFO     | query_engine                   | DuckDB views registered: financials, financials_latest, company_master, sector_mapping, audit_log
2026-05-27 15:45:44 | INFO     | query_engine                   | SQL: SELECT financial_item, financial_category, year, value, units FROM financials WHERE company_id = 'SUN' AND is_active = TRUE ORDER BY year DESC, financial_item…
2026-05-27 15:45:48 | INFO     | query_engine                   | DuckDB views registered: financials, financials_latest, company_master, sector_mapping, audit_log
2026-05-27 15:45:48 | INFO     | query_engine                   | SQL: SELECT financial_item, financial_category, year, value, units FROM financials WHERE company_id = 'SUN' AND is_active = TRUE ORDER BY year DESC, financial_item…
2026-05-27 15:45:48 | INFO     | query_engine                   | SQL: SELECT financial_item, year, value, units FROM financials WHERE company_id = 'SUN'   AND financial_category = 'P&L Consolidated'   AND is_active = TRUE…
2026-05-27 15:45:48 | INFO     | cost_structure | Running cost structure analysis …
2026-05-27 15:45:49 | INFO     | cost_structure | Cost structure analysis complete.
2026-05-27 15:45:49 | INFO     | query_engine                   | DuckDB views registered: financials, financials_latest, company_master, sector_mapping, audit_log
2026-05-27 15:45:49 | INFO     | query_engine                   | SQL: SELECT financial_item, financial_category, year, value, units FROM financials WHERE company_id = 'SUN' AND is_active = TRUE ORDER BY year DESC, financial_item…
2026-05-27 15:45:51 | INFO     | query_engine                   | DuckDB views registered: financials, financials_latest, company_master, sector_mapping, audit_log
2026-05-27 15:45:51 | INFO     | query_engine                   | SQL: SELECT financial_item, financial_category, year, value, units FROM financials WHERE company_id = 'SUN' AND is_active = TRUE ORDER BY year DESC, financial_item…
2026-05-27 15:45:51 | INFO     | query_engine                   | DuckDB views registered: financials, financials_latest, company_master, sector_mapping, audit_log
2026-05-27 15:45:51 | INFO     | query_engine                   | SQL: SELECT financial_item, financial_category, year, value, units FROM financials WHERE company_id = 'SUN' AND is_active = TRUE ORDER BY year DESC, financial_item…
2026-05-27 15:45:51 | INFO     | query_engine                   | SQL: SELECT financial_item, year, value, units FROM financials WHERE company_id = 'SUN'   AND financial_category = 'P&L Consolidated'   AND is_active = TRUE…
2026-05-27 15:45:51 | INFO     | cost_structure | Running cost structure analysis …
2026-05-27 15:45:52 | INFO     | cost_structure | Cost structure analysis complete.
2026-05-27 15:45:54 | INFO     | query_engine                   | DuckDB views registered: financials, financials_latest, company_master, sector_mapping, audit_log
2026-05-27 15:45:54 | INFO     | query_engine                   | SQL: SELECT financial_item, financial_category, year, value, units FROM financials WHERE company_id = 'SUN' AND is_active = TRUE ORDER BY year DESC, financial_item…
2026-05-27 15:45:54 | INFO     | query_engine                   | DuckDB views registered: financials, financials_latest, company_master, sector_mapping, audit_log
2026-05-27 15:45:54 | INFO     | query_engine                   | SQL: SELECT financial_item, financial_category, year, value, units FROM financials WHERE company_id = 'SUN' AND is_active = TRUE ORDER BY year DESC, financial_item…
2026-05-27 15:45:57 | INFO     | query_engine                   | DuckDB views registered: financials, financials_latest, company_master, sector_mapping, audit_log
2026-05-27 15:45:57 | INFO     | query_engine                   | SQL: SELECT financial_item, financial_category, year, value, units FROM financials WHERE company_id = 'SUN' AND is_active = TRUE ORDER BY year DESC, financial_item…
2026-05-27 15:45:57 | INFO     | query_engine                   | SQL: SELECT financial_item, year, value, units FROM financials WHERE company_id = 'SUN'   AND financial_category = 'P&L Consolidated'   AND is_active = TRUE…
2026-05-27 15:45:57 | INFO     | cost_structure | Running cost structure analysis …
2026-05-27 15:45:58 | INFO     | cost_structure | Cost structure analysis complete.
2026-05-27 15:45:58 | INFO     | query_engine                   | DuckDB views registered: financials, financials_latest, company_master, sector_mapping, audit_log
2026-05-27 15:45:58 | INFO     | query_engine                   | SQL: SELECT financial_item, financial_category, year, value, units FROM financials WHERE company_id = 'SUN' AND is_active = TRUE ORDER BY year DESC, financial_item…
2026-05-27 15:46:06 | INFO     | query_engine                   | DuckDB views registered: financials, financials_latest, company_master, sector_mapping, audit_log
2026-05-27 15:46:06 | INFO     | query_engine                   | SQL: SELECT financial_item, financial_category, year, value, units FROM financials WHERE company_id = 'SUN' AND is_active = TRUE ORDER BY year DESC, financial_item…
2026-05-27 15:46:06 | INFO     | query_engine                   | SQL: SELECT financial_item, year, value, units FROM financials WHERE company_id = 'SUN'   AND financial_category = 'P&L Consolidated'   AND is_active = TRUE…
2026-05-27 15:46:06 | INFO     | cost_structure | Running cost structure analysis …
2026-05-27 15:46:06 | INFO     | cost_structure | Cost structure analysis complete.
2026-05-27 15:46:51 | INFO     | query_engine                   | DuckDB views registered: financials, financials_latest, company_master, sector_mapping, audit_log
2026-05-27 15:46:51 | INFO     | query_engine                   | SQL: SELECT financial_item, financial_category, year, value, units FROM financials WHERE company_id = 'SUN' AND is_active = TRUE ORDER BY year DESC, financial_item…
2026-05-27 15:46:52 | INFO     | query_engine                   | SQL: SELECT financial_item, year, value, units FROM financials WHERE company_id = 'SUN'   AND financial_category = 'P&L Consolidated'   AND is_active = TRUE…
2026-05-27 15:46:52 | INFO     | cost_structure | Running cost structure analysis …
2026-05-27 15:46:52 | INFO     | cost_structure | Cost structure analysis complete.
2026-05-27 15:47:25 | INFO     | query_engine                   | DuckDB views registered: financials, financials_latest, company_master, sector_mapping, audit_log
2026-05-27 15:47:26 | INFO     | query_engine                   | DuckDB views registered: financials, financials_latest, company_master, sector_mapping, audit_log
2026-05-27 15:47:26 | INFO     | query_engine                   | SQL: SELECT financial_item, year, value, units FROM financials WHERE company_id = 'SUN'   AND financial_category = 'P&L Consolidated'   AND is_active = TRUE…
2026-05-27 15:47:26 | INFO     | query_engine                   | SQL: SELECT financial_item, year, value, units FROM financials WHERE company_id = 'SUN'   AND financial_category = 'P&L Standalone'   AND is_active = TRUE…
2026-05-27 15:47:26 | INFO     | query_engine                   | SQL: SELECT financial_item, year, value, units FROM financials WHERE company_id = 'SUN'   AND financial_category = 'Altman Z'   AND financial_item IN ('Revenue from Operations','EBITDA','PAT','Total Assets…
2026-05-27 15:47:26 | INFO     | cost_structure | Running cost structure analysis …
2026-05-27 15:47:26 | INFO     | cost_structure | Cost structure analysis complete.
2026-05-27 15:47:26 | INFO     | cost_structure | Running cost structure analysis …
2026-05-27 15:47:27 | INFO     | cost_structure | Cost structure analysis complete.
2026-05-27 15:47:27 | INFO     | bankruptcy | Running bankruptcy/Altman Z analysis …
2026-05-27 15:47:27 | INFO     | query_engine                   | SQL: SELECT company_name, ticker FROM company_master WHERE company_id='SUN'…
2026-05-27 15:47:27 | INFO     | excel_writer | Writing Excel with live formulas …
2026-05-27 15:47:28 | INFO     | excel_writer | Output saved to: D:\Desktop\finintel\backend\output\Output_Analysis_SUN.xlsx
2026-05-27 15:51:15 | INFO     | query_engine                   | DuckDB views registered: financials, financials_latest, company_master, sector_mapping, audit_log
2026-05-27 15:51:15 | INFO     | query_engine                   | SQL: SELECT financial_item, financial_category, year, value, units FROM financials WHERE company_id = 'SUN' AND is_active = TRUE ORDER BY year DESC, financial_item…
2026-05-27 15:51:15 | INFO     | query_engine                   | SQL: SELECT financial_item, year, value, units FROM financials WHERE company_id = 'SUN'   AND financial_category = 'P&L Consolidated'   AND is_active = TRUE…
2026-05-27 15:51:15 | INFO     | cost_structure | Running cost structure analysis …
2026-05-27 15:51:16 | INFO     | cost_structure | Cost structure analysis complete.
2026-05-27 16:05:14 | INFO     | query_engine                   | DuckDB views registered: financials, financials_latest, company_master, sector_mapping, audit_log
2026-05-27 16:05:15 | INFO     | query_engine                   | SQL:              SELECT c.company_id, c.company_name,                 MAX(CASE WHEN f.financial_item='Revenue from Operations' THEN f.value END) as revenue,                 MAX(CASE WHEN f.financial_item=…
2026-05-27 16:05:15 | INFO     | query_engine                   | SQL: SELECT financial_item, financial_category, year, value, units FROM financials WHERE company_id = 'SUN' AND is_active = TRUE ORDER BY year DESC, financial_item…
2026-05-27 16:05:15 | INFO     | query_engine                   | SQL: SELECT financial_item, year, value, units FROM financials WHERE company_id = 'SUN'   AND financial_category = 'P&L Consolidated'   AND is_active = TRUE…
2026-05-27 16:05:15 | INFO     | cost_structure | Running cost structure analysis …
2026-05-27 16:05:15 | INFO     | cost_structure | Cost structure analysis complete.
2026-05-27 16:05:16 | INFO     | query_engine                   | SQL: SELECT financial_item, financial_category, year, value, units FROM financials WHERE company_id = 'DRL' AND is_active = TRUE ORDER BY year DESC, financial_item…
2026-05-27 16:05:16 | INFO     | query_engine                   | SQL: SELECT financial_item, year, value, units FROM financials WHERE company_id = 'DRL'   AND financial_category = 'P&L Consolidated'   AND is_active = TRUE…
2026-05-27 16:05:16 | WARNING  | reshaper                       | No P&L data for DRL/P&L Consolidated
2026-05-27 16:05:16 | INFO     | query_engine                   | DuckDB views registered: financials, financials_latest, company_master, sector_mapping, audit_log
2026-05-27 16:05:16 | INFO     | query_engine                   | SQL: SELECT financial_item, financial_category, year, value, units FROM financials WHERE company_id = 'CIPLA' AND is_active = TRUE ORDER BY year DESC, financial_item…
2026-05-27 16:05:16 | INFO     | query_engine                   | SQL: SELECT financial_item, financial_category, year, value, units FROM financials WHERE company_id = 'DRL' AND is_active = TRUE ORDER BY year DESC, financial_item…
2026-05-27 16:05:16 | INFO     | query_engine                   | SQL: SELECT financial_item, year, value, units FROM financials WHERE company_id = 'DRL'   AND financial_category = 'P&L Consolidated'   AND is_active = TRUE…
2026-05-27 16:05:16 | WARNING  | reshaper                       | No P&L data for DRL/P&L Consolidated
2026-05-27 16:05:16 | INFO     | query_engine                   | SQL: SELECT financial_item, financial_category, year, value, units FROM financials WHERE company_id = 'LUPIN' AND is_active = TRUE ORDER BY year DESC, financial_item…
2026-05-27 16:05:16 | INFO     | query_engine                   | SQL: SELECT financial_item, financial_category, year, value, units FROM financials WHERE company_id = 'SUN' AND is_active = TRUE ORDER BY year DESC, financial_item…
2026-05-27 16:05:16 | INFO     | query_engine                   | SQL: SELECT financial_item, year, value, units FROM financials WHERE company_id = 'SUN'   AND financial_category = 'P&L Consolidated'   AND is_active = TRUE…
2026-05-27 16:05:16 | INFO     | cost_structure | Running cost structure analysis …
2026-05-27 16:05:17 | INFO     | cost_structure | Cost structure analysis complete.
2026-05-27 16:05:25 | INFO     | query_engine                   | DuckDB views registered: financials, financials_latest, company_master, sector_mapping, audit_log
2026-05-27 16:05:25 | INFO     | query_engine                   | SQL: SELECT financial_item, financial_category, year, value, units FROM financials WHERE company_id = 'CIPLA' AND is_active = TRUE ORDER BY year DESC, financial_item…
2026-05-27 16:05:25 | INFO     | query_engine                   | SQL: SELECT financial_item, financial_category, year, value, units FROM financials WHERE company_id = 'DRL' AND is_active = TRUE ORDER BY year DESC, financial_item…
2026-05-27 16:05:25 | INFO     | query_engine                   | SQL: SELECT financial_item, year, value, units FROM financials WHERE company_id = 'DRL'   AND financial_category = 'P&L Consolidated'   AND is_active = TRUE…
2026-05-27 16:05:25 | WARNING  | reshaper                       | No P&L data for DRL/P&L Consolidated
2026-05-27 16:05:25 | INFO     | query_engine                   | SQL: SELECT financial_item, financial_category, year, value, units FROM financials WHERE company_id = 'LUPIN' AND is_active = TRUE ORDER BY year DESC, financial_item…
2026-05-27 16:05:25 | INFO     | query_engine                   | SQL: SELECT financial_item, financial_category, year, value, units FROM financials WHERE company_id = 'SUN' AND is_active = TRUE ORDER BY year DESC, financial_item…
2026-05-27 16:05:25 | INFO     | query_engine                   | SQL: SELECT financial_item, year, value, units FROM financials WHERE company_id = 'SUN'   AND financial_category = 'P&L Consolidated'   AND is_active = TRUE…
2026-05-27 16:05:25 | INFO     | cost_structure | Running cost structure analysis …
2026-05-27 16:05:26 | INFO     | cost_structure | Cost structure analysis complete.
2026-05-27 16:05:26 | INFO     | query_engine                   | DuckDB views registered: financials, financials_latest, company_master, sector_mapping, audit_log
2026-05-27 16:05:26 | INFO     | query_engine                   | SQL:              SELECT c.company_id, c.company_name,                 MAX(CASE WHEN f.financial_item='Revenue from Operations' THEN f.value END) as revenue,                 MAX(CASE WHEN f.financial_item=…
2026-05-27 16:05:26 | INFO     | query_engine                   | SQL: SELECT financial_item, financial_category, year, value, units FROM financials WHERE company_id = 'SUN' AND is_active = TRUE ORDER BY year DESC, financial_item…
2026-05-27 16:05:26 | INFO     | query_engine                   | SQL: SELECT financial_item, year, value, units FROM financials WHERE company_id = 'SUN'   AND financial_category = 'P&L Consolidated'   AND is_active = TRUE…
2026-05-27 16:05:26 | INFO     | cost_structure | Running cost structure analysis …
2026-05-27 16:05:27 | INFO     | cost_structure | Cost structure analysis complete.
2026-05-27 16:05:27 | INFO     | query_engine                   | SQL: SELECT financial_item, financial_category, year, value, units FROM financials WHERE company_id = 'DRL' AND is_active = TRUE ORDER BY year DESC, financial_item…
2026-05-27 16:05:27 | INFO     | query_engine                   | SQL: SELECT financial_item, year, value, units FROM financials WHERE company_id = 'DRL'   AND financial_category = 'P&L Consolidated'   AND is_active = TRUE…
2026-05-27 16:05:27 | WARNING  | reshaper                       | No P&L data for DRL/P&L Consolidated
2026-05-27 16:05:47 | INFO     | query_engine                   | DuckDB views registered: financials, financials_latest, company_master, sector_mapping, audit_log
2026-05-27 16:05:47 | INFO     | query_engine                   | SQL: SELECT financial_item, financial_category, year, value, units FROM financials WHERE company_id = 'CIPLA' AND is_active = TRUE ORDER BY year DESC, financial_item…
2026-05-27 16:05:47 | INFO     | query_engine                   | SQL: SELECT financial_item, financial_category, year, value, units FROM financials WHERE company_id = 'DRL' AND is_active = TRUE ORDER BY year DESC, financial_item…
2026-05-27 16:05:47 | INFO     | query_engine                   | SQL: SELECT financial_item, year, value, units FROM financials WHERE company_id = 'DRL'   AND financial_category = 'P&L Consolidated'   AND is_active = TRUE…
2026-05-27 16:05:47 | WARNING  | reshaper                       | No P&L data for DRL/P&L Consolidated
2026-05-27 16:05:47 | INFO     | query_engine                   | SQL: SELECT financial_item, financial_category, year, value, units FROM financials WHERE company_id = 'LUPIN' AND is_active = TRUE ORDER BY year DESC, financial_item…
2026-05-27 16:05:47 | INFO     | query_engine                   | SQL: SELECT financial_item, financial_category, year, value, units FROM financials WHERE company_id = 'SUN' AND is_active = TRUE ORDER BY year DESC, financial_item…
2026-05-27 16:05:47 | INFO     | query_engine                   | SQL: SELECT financial_item, year, value, units FROM financials WHERE company_id = 'SUN'   AND financial_category = 'P&L Consolidated'   AND is_active = TRUE…
2026-05-27 16:05:47 | INFO     | cost_structure | Running cost structure analysis …
2026-05-27 16:05:47 | INFO     | cost_structure | Cost structure analysis complete.
2026-05-27 16:05:48 | INFO     | query_engine                   | DuckDB views registered: financials, financials_latest, company_master, sector_mapping, audit_log
2026-05-27 16:05:48 | INFO     | query_engine                   | SQL:              SELECT c.company_id, c.company_name,                 MAX(CASE WHEN f.financial_item='Revenue from Operations' THEN f.value END) as revenue,                 MAX(CASE WHEN f.financial_item=…
2026-05-27 16:05:48 | INFO     | query_engine                   | SQL: SELECT financial_item, financial_category, year, value, units FROM financials WHERE company_id = 'SUN' AND is_active = TRUE ORDER BY year DESC, financial_item…
2026-05-27 16:05:48 | INFO     | query_engine                   | SQL: SELECT financial_item, year, value, units FROM financials WHERE company_id = 'SUN'   AND financial_category = 'P&L Consolidated'   AND is_active = TRUE…
2026-05-27 16:05:48 | INFO     | cost_structure | Running cost structure analysis …
2026-05-27 16:05:48 | INFO     | cost_structure | Cost structure analysis complete.
2026-05-27 16:05:48 | INFO     | query_engine                   | SQL: SELECT financial_item, financial_category, year, value, units FROM financials WHERE company_id = 'DRL' AND is_active = TRUE ORDER BY year DESC, financial_item…
2026-05-27 16:05:48 | INFO     | query_engine                   | SQL: SELECT financial_item, year, value, units FROM financials WHERE company_id = 'DRL'   AND financial_category = 'P&L Consolidated'   AND is_active = TRUE…
2026-05-27 16:05:49 | WARNING  | reshaper                       | No P&L data for DRL/P&L Consolidated
2026-05-27 16:05:51 | INFO     | query_engine                   | DuckDB views registered: financials, financials_latest, company_master, sector_mapping, audit_log
2026-05-27 16:05:51 | INFO     | query_engine                   | SQL: SELECT financial_item, financial_category, year, value, units FROM financials WHERE company_id = 'CIPLA' AND is_active = TRUE ORDER BY year DESC, financial_item…
2026-05-27 16:05:51 | INFO     | query_engine                   | SQL: SELECT financial_item, financial_category, year, value, units FROM financials WHERE company_id = 'DRL' AND is_active = TRUE ORDER BY year DESC, financial_item…
2026-05-27 16:05:51 | INFO     | query_engine                   | SQL: SELECT financial_item, year, value, units FROM financials WHERE company_id = 'DRL'   AND financial_category = 'P&L Consolidated'   AND is_active = TRUE…
2026-05-27 16:05:51 | WARNING  | reshaper                       | No P&L data for DRL/P&L Consolidated
2026-05-27 16:05:51 | INFO     | query_engine                   | SQL: SELECT financial_item, financial_category, year, value, units FROM financials WHERE company_id = 'LUPIN' AND is_active = TRUE ORDER BY year DESC, financial_item…
2026-05-27 16:05:51 | INFO     | query_engine                   | SQL: SELECT financial_item, financial_category, year, value, units FROM financials WHERE company_id = 'SUN' AND is_active = TRUE ORDER BY year DESC, financial_item…
2026-05-27 16:05:51 | INFO     | query_engine                   | SQL: SELECT financial_item, year, value, units FROM financials WHERE company_id = 'SUN'   AND financial_category = 'P&L Consolidated'   AND is_active = TRUE…
2026-05-27 16:05:51 | INFO     | cost_structure | Running cost structure analysis …
2026-05-27 16:05:52 | INFO     | cost_structure | Cost structure analysis complete.
2026-05-27 16:05:52 | INFO     | query_engine                   | DuckDB views registered: financials, financials_latest, company_master, sector_mapping, audit_log
2026-05-27 16:05:52 | INFO     | query_engine                   | SQL:              SELECT c.company_id, c.company_name,                 MAX(CASE WHEN f.financial_item='Revenue from Operations' THEN f.value END) as revenue,                 MAX(CASE WHEN f.financial_item=…
2026-05-27 16:05:52 | INFO     | query_engine                   | SQL: SELECT financial_item, financial_category, year, value, units FROM financials WHERE company_id = 'SUN' AND is_active = TRUE ORDER BY year DESC, financial_item…
2026-05-27 16:05:52 | INFO     | query_engine                   | SQL: SELECT financial_item, year, value, units FROM financials WHERE company_id = 'SUN'   AND financial_category = 'P&L Consolidated'   AND is_active = TRUE…
2026-05-27 16:05:52 | INFO     | cost_structure | Running cost structure analysis …
2026-05-27 16:05:52 | INFO     | cost_structure | Cost structure analysis complete.
2026-05-27 16:05:52 | INFO     | query_engine                   | SQL: SELECT financial_item, financial_category, year, value, units FROM financials WHERE company_id = 'DRL' AND is_active = TRUE ORDER BY year DESC, financial_item…
2026-05-27 16:05:52 | INFO     | query_engine                   | SQL: SELECT financial_item, year, value, units FROM financials WHERE company_id = 'DRL'   AND financial_category = 'P&L Consolidated'   AND is_active = TRUE…
2026-05-27 16:05:53 | WARNING  | reshaper                       | No P&L data for DRL/P&L Consolidated
2026-05-27 16:13:14 | INFO     | query_engine                   | DuckDB views registered: financials, financials_latest, company_master, sector_mapping, audit_log
2026-05-27 16:13:14 | INFO     | query_engine                   | SQL: SELECT financial_item, financial_category, year, value, units FROM financials WHERE company_id = 'SUN' AND is_active = TRUE ORDER BY year DESC, financial_item…
2026-05-27 16:13:27 | INFO     | query_engine                   | DuckDB views registered: financials, financials_latest, company_master, sector_mapping, audit_log
2026-05-27 16:13:27 | INFO     | query_engine                   | SQL: SELECT financial_item, financial_category, year, value, units FROM financials WHERE company_id = 'LUPIN' AND is_active = TRUE ORDER BY year DESC, financial_item…
2026-05-27 16:13:49 | INFO     | query_engine                   | DuckDB views registered: financials, financials_latest, company_master, sector_mapping, audit_log
2026-05-27 16:13:49 | INFO     | warehouse                      | Ingested batch: {'ingestion_id': 'df053961-cf1c-42f6-910e-670a13892a36', 'rows_loaded': 1, 'rows_revised': 0, 'rows_new': 1}
2026-05-27 16:13:49 | INFO     | query_engine                   | DuckDB views registered: financials, financials_latest, company_master, sector_mapping, audit_log
2026-05-27 16:13:49 | INFO     | query_engine                   | DuckDB views registered: financials, financials_latest, company_master, sector_mapping, audit_log
2026-05-27 16:13:49 | INFO     | query_engine                   | SQL: SELECT financial_item, year, value, units FROM financials WHERE company_id = 'LUPIN'   AND financial_category = 'P&L Consolidated'   AND is_active = TRUE…
2026-05-27 16:13:49 | WARNING  | reshaper                       | No P&L data for LUPIN/P&L Consolidated
2026-05-27 16:13:49 | INFO     | query_engine                   | SQL: SELECT financial_item, year, value, units FROM financials WHERE company_id = 'LUPIN'   AND financial_category = 'P&L Standalone'   AND is_active = TRUE…
2026-05-27 16:13:49 | WARNING  | reshaper                       | No P&L data for LUPIN/P&L Standalone
2026-05-27 16:13:49 | INFO     | query_engine                   | SQL: SELECT financial_item, year, value, units FROM financials WHERE company_id = 'LUPIN'   AND financial_category = 'Altman Z'   AND financial_item IN ('Revenue from Operations','EBITDA','PAT','Total Asse…
2026-05-27 16:13:49 | INFO     | bankruptcy | Running bankruptcy/Altman Z analysis …
2026-05-27 16:13:50 | INFO     | query_engine                   | DuckDB views registered: financials, financials_latest, company_master, sector_mapping, audit_log
2026-05-27 16:13:50 | INFO     | query_engine                   | SQL: SELECT financial_item, financial_category, year, value, units FROM financials WHERE company_id = 'CIPLA' AND is_active = TRUE ORDER BY year DESC, financial_item…
2026-05-27 16:13:50 | INFO     | query_engine                   | SQL: SELECT financial_item, financial_category, year, value, units FROM financials WHERE company_id = 'DRL' AND is_active = TRUE ORDER BY year DESC, financial_item…
2026-05-27 16:13:50 | INFO     | query_engine                   | SQL: SELECT financial_item, year, value, units FROM financials WHERE company_id = 'DRL'   AND financial_category = 'P&L Consolidated'   AND is_active = TRUE…
2026-05-27 16:13:50 | WARNING  | reshaper                       | No P&L data for DRL/P&L Consolidated
2026-05-27 16:13:51 | INFO     | query_engine                   | SQL: SELECT financial_item, financial_category, year, value, units FROM financials WHERE company_id = 'LUPIN' AND is_active = TRUE ORDER BY year DESC, financial_item…
2026-05-27 16:13:51 | INFO     | query_engine                   | SQL: SELECT financial_item, year, value, units FROM financials WHERE company_id = 'LUPIN'   AND financial_category = 'P&L Consolidated'   AND is_active = TRUE…
2026-05-27 16:13:51 | WARNING  | reshaper                       | No P&L data for LUPIN/P&L Consolidated
2026-05-27 16:13:51 | INFO     | query_engine                   | SQL: SELECT financial_item, financial_category, year, value, units FROM financials WHERE company_id = 'SUN' AND is_active = TRUE ORDER BY year DESC, financial_item…
2026-05-27 16:13:51 | INFO     | query_engine                   | SQL: SELECT financial_item, year, value, units FROM financials WHERE company_id = 'SUN'   AND financial_category = 'P&L Consolidated'   AND is_active = TRUE…
2026-05-27 16:13:51 | INFO     | cost_structure | Running cost structure analysis …
2026-05-27 16:13:51 | INFO     | cost_structure | Cost structure analysis complete.
2026-05-27 16:13:51 | INFO     | query_engine                   | DuckDB views registered: financials, financials_latest, company_master, sector_mapping, audit_log
2026-05-27 16:13:51 | INFO     | query_engine                   | SQL:              SELECT c.company_id, c.company_name,                 MAX(CASE WHEN f.financial_item='Revenue from Operations' THEN f.value END) as revenue,                 MAX(CASE WHEN f.financial_item=…
2026-05-27 16:13:51 | INFO     | query_engine                   | SQL: SELECT financial_item, financial_category, year, value, units FROM financials WHERE company_id = 'SUN' AND is_active = TRUE ORDER BY year DESC, financial_item…
2026-05-27 16:13:51 | INFO     | query_engine                   | SQL: SELECT financial_item, year, value, units FROM financials WHERE company_id = 'SUN'   AND financial_category = 'P&L Consolidated'   AND is_active = TRUE…
2026-05-27 16:13:52 | INFO     | cost_structure | Running cost structure analysis …
2026-05-27 16:13:52 | INFO     | cost_structure | Cost structure analysis complete.
2026-05-27 16:13:52 | INFO     | query_engine                   | SQL: SELECT financial_item, financial_category, year, value, units FROM financials WHERE company_id = 'DRL' AND is_active = TRUE ORDER BY year DESC, financial_item…
2026-05-27 16:13:52 | INFO     | query_engine                   | SQL: SELECT financial_item, year, value, units FROM financials WHERE company_id = 'DRL'   AND financial_category = 'P&L Consolidated'   AND is_active = TRUE…
2026-05-27 16:13:52 | WARNING  | reshaper                       | No P&L data for DRL/P&L Consolidated
2026-05-27 16:13:52 | INFO     | query_engine                   | SQL: SELECT financial_item, financial_category, year, value, units FROM financials WHERE company_id = 'LUPIN' AND is_active = TRUE ORDER BY year DESC, financial_item…
2026-05-27 16:13:52 | INFO     | query_engine                   | SQL: SELECT financial_item, year, value, units FROM financials WHERE company_id = 'LUPIN'   AND financial_category = 'P&L Consolidated'   AND is_active = TRUE…
2026-05-27 16:13:52 | WARNING  | reshaper                       | No P&L data for LUPIN/P&L Consolidated
2026-05-27 16:14:27 | INFO     | query_engine                   | DuckDB views registered: financials, financials_latest, company_master, sector_mapping, audit_log
2026-05-27 16:14:27 | INFO     | query_engine                   | SQL: SELECT financial_item, financial_category, year, value, units FROM financials WHERE company_id = 'CIPLA' AND is_active = TRUE ORDER BY year DESC, financial_item…
2026-05-27 16:14:27 | INFO     | query_engine                   | SQL: SELECT financial_item, financial_category, year, value, units FROM financials WHERE company_id = 'DRL' AND is_active = TRUE ORDER BY year DESC, financial_item…
2026-05-27 16:14:27 | INFO     | query_engine                   | SQL: SELECT financial_item, year, value, units FROM financials WHERE company_id = 'DRL'   AND financial_category = 'P&L Consolidated'   AND is_active = TRUE…
2026-05-27 16:14:27 | WARNING  | reshaper                       | No P&L data for DRL/P&L Consolidated
2026-05-27 16:14:28 | INFO     | query_engine                   | SQL: SELECT financial_item, financial_category, year, value, units FROM financials WHERE company_id = 'LUPIN' AND is_active = TRUE ORDER BY year DESC, financial_item…
2026-05-27 16:14:28 | INFO     | query_engine                   | SQL: SELECT financial_item, year, value, units FROM financials WHERE company_id = 'LUPIN'   AND financial_category = 'P&L Consolidated'   AND is_active = TRUE…
2026-05-27 16:14:28 | WARNING  | reshaper                       | No P&L data for LUPIN/P&L Consolidated
2026-05-27 16:14:28 | INFO     | query_engine                   | SQL: SELECT financial_item, financial_category, year, value, units FROM financials WHERE company_id = 'SUN' AND is_active = TRUE ORDER BY year DESC, financial_item…
2026-05-27 16:14:28 | INFO     | query_engine                   | SQL: SELECT financial_item, year, value, units FROM financials WHERE company_id = 'SUN'   AND financial_category = 'P&L Consolidated'   AND is_active = TRUE…
2026-05-27 16:14:28 | INFO     | cost_structure | Running cost structure analysis …
2026-05-27 16:14:28 | INFO     | cost_structure | Cost structure analysis complete.
2026-05-27 16:14:28 | INFO     | query_engine                   | DuckDB views registered: financials, financials_latest, company_master, sector_mapping, audit_log
2026-05-27 16:14:28 | INFO     | query_engine                   | SQL:              SELECT c.company_id, c.company_name,                 MAX(CASE WHEN f.financial_item='Revenue from Operations' THEN f.value END) as revenue,                 MAX(CASE WHEN f.financial_item=…
2026-05-27 16:14:28 | INFO     | query_engine                   | SQL: SELECT financial_item, financial_category, year, value, units FROM financials WHERE company_id = 'SUN' AND is_active = TRUE ORDER BY year DESC, financial_item…
2026-05-27 16:14:29 | INFO     | query_engine                   | SQL: SELECT financial_item, year, value, units FROM financials WHERE company_id = 'SUN'   AND financial_category = 'P&L Consolidated'   AND is_active = TRUE…
2026-05-27 16:14:29 | INFO     | cost_structure | Running cost structure analysis …
2026-05-27 16:14:29 | INFO     | cost_structure | Cost structure analysis complete.
2026-05-27 16:14:29 | INFO     | query_engine                   | SQL: SELECT financial_item, financial_category, year, value, units FROM financials WHERE company_id = 'DRL' AND is_active = TRUE ORDER BY year DESC, financial_item…
2026-05-27 16:14:29 | INFO     | query_engine                   | SQL: SELECT financial_item, year, value, units FROM financials WHERE company_id = 'DRL'   AND financial_category = 'P&L Consolidated'   AND is_active = TRUE…
2026-05-27 16:14:29 | WARNING  | reshaper                       | No P&L data for DRL/P&L Consolidated
2026-05-27 16:14:29 | INFO     | query_engine                   | SQL: SELECT financial_item, financial_category, year, value, units FROM financials WHERE company_id = 'LUPIN' AND is_active = TRUE ORDER BY year DESC, financial_item…
2026-05-27 16:14:29 | INFO     | query_engine                   | SQL: SELECT financial_item, year, value, units FROM financials WHERE company_id = 'LUPIN'   AND financial_category = 'P&L Consolidated'   AND is_active = TRUE…
2026-05-27 16:14:29 | WARNING  | reshaper                       | No P&L data for LUPIN/P&L Consolidated
2026-05-27 16:15:16 | INFO     | query_engine                   | DuckDB views registered: financials, financials_latest, company_master, sector_mapping, audit_log
2026-05-27 16:15:16 | INFO     | query_engine                   | SQL: SELECT financial_item, financial_category, year, value, units FROM financials WHERE company_id = 'LUPIN' AND is_active = TRUE ORDER BY year DESC, financial_item…
2026-05-27 16:15:27 | INFO     | query_engine                   | DuckDB views registered: financials, financials_latest, company_master, sector_mapping, audit_log
2026-05-27 16:15:27 | INFO     | warehouse                      | Deactivated 1 rows for LUPIN/FY25
2026-05-27 16:15:27 | INFO     | query_engine                   | DuckDB views registered: financials, financials_latest, company_master, sector_mapping, audit_log
2026-05-27 16:15:27 | INFO     | query_engine                   | DuckDB views registered: financials, financials_latest, company_master, sector_mapping, audit_log
2026-05-27 16:15:27 | INFO     | query_engine                   | DuckDB views registered: financials, financials_latest, company_master, sector_mapping, audit_log
2026-05-27 16:15:27 | INFO     | query_engine                   | DuckDB views registered: financials, financials_latest, company_master, sector_mapping, audit_log
2026-05-27 16:15:27 | INFO     | query_engine                   | DuckDB views registered: financials, financials_latest, company_master, sector_mapping, audit_log
2026-05-27 16:15:27 | INFO     | query_engine                   | DuckDB views registered: financials, financials_latest, company_master, sector_mapping, audit_log
2026-05-27 16:15:27 | INFO     | query_engine                   | DuckDB views registered: financials, financials_latest, company_master, sector_mapping, audit_log
2026-05-27 16:15:27 | INFO     | query_engine                   | DuckDB views registered: financials, financials_latest, company_master, sector_mapping, audit_log
2026-05-27 16:15:27 | INFO     | query_engine                   | DuckDB views registered: financials, financials_latest, company_master, sector_mapping, audit_log
2026-05-27 16:15:27 | INFO     | query_engine                   | DuckDB views registered: financials, financials_latest, company_master, sector_mapping, audit_log
2026-05-27 16:15:27 | INFO     | query_engine                   | DuckDB views registered: financials, financials_latest, company_master, sector_mapping, audit_log
2026-05-27 16:15:28 | INFO     | query_engine                   | DuckDB views registered: financials, financials_latest, company_master, sector_mapping, audit_log
2026-05-27 16:15:28 | INFO     | query_engine                   | DuckDB views registered: financials, financials_latest, company_master, sector_mapping, audit_log
2026-05-27 16:15:28 | INFO     | query_engine                   | DuckDB views registered: financials, financials_latest, company_master, sector_mapping, audit_log
2026-05-27 16:15:28 | INFO     | warehouse                      | Deactivated all 1 rows for LUPIN
2026-05-27 16:15:28 | INFO     | query_engine                   | DuckDB views registered: financials, financials_latest, company_master, sector_mapping, audit_log
2026-05-27 16:15:33 | INFO     | query_engine                   | DuckDB views registered: financials, financials_latest, company_master, sector_mapping, audit_log
2026-05-27 16:15:33 | INFO     | query_engine                   | SQL: SELECT financial_item, financial_category, year, value, units FROM financials WHERE company_id = 'LUPIN' AND is_active = TRUE ORDER BY year DESC, financial_item…
2026-05-27 16:15:33 | INFO     | query_engine                   | DuckDB views registered: financials, financials_latest, company_master, sector_mapping, audit_log
2026-05-27 16:15:33 | INFO     | query_engine                   | SQL: SELECT financial_item, financial_category, year, value, units FROM financials WHERE company_id = 'LUPIN' AND is_active = TRUE ORDER BY year DESC, financial_item…
2026-05-27 16:15:35 | INFO     | query_engine                   | DuckDB views registered: financials, financials_latest, company_master, sector_mapping, audit_log
2026-05-27 16:15:35 | INFO     | query_engine                   | SQL: SELECT financial_item, financial_category, year, value, units FROM financials WHERE company_id = 'CIPLA' AND is_active = TRUE ORDER BY year DESC, financial_item…
2026-05-27 16:15:35 | INFO     | query_engine                   | SQL: SELECT financial_item, financial_category, year, value, units FROM financials WHERE company_id = 'DRL' AND is_active = TRUE ORDER BY year DESC, financial_item…
2026-05-27 16:15:35 | INFO     | query_engine                   | SQL: SELECT financial_item, year, value, units FROM financials WHERE company_id = 'DRL'   AND financial_category = 'P&L Consolidated'   AND is_active = TRUE…
2026-05-27 16:15:35 | WARNING  | reshaper                       | No P&L data for DRL/P&L Consolidated
2026-05-27 16:15:35 | INFO     | query_engine                   | SQL: SELECT financial_item, financial_category, year, value, units FROM financials WHERE company_id = 'LUPIN' AND is_active = TRUE ORDER BY year DESC, financial_item…
2026-05-27 16:15:35 | INFO     | query_engine                   | SQL: SELECT financial_item, financial_category, year, value, units FROM financials WHERE company_id = 'SUN' AND is_active = TRUE ORDER BY year DESC, financial_item…
2026-05-27 16:15:35 | INFO     | query_engine                   | SQL: SELECT financial_item, year, value, units FROM financials WHERE company_id = 'SUN'   AND financial_category = 'P&L Consolidated'   AND is_active = TRUE…
2026-05-27 16:15:35 | INFO     | cost_structure | Running cost structure analysis …
2026-05-27 16:15:36 | INFO     | cost_structure | Cost structure analysis complete.
2026-05-27 16:15:36 | INFO     | query_engine                   | DuckDB views registered: financials, financials_latest, company_master, sector_mapping, audit_log
2026-05-27 16:15:36 | INFO     | query_engine                   | SQL:              SELECT c.company_id, c.company_name,                 MAX(CASE WHEN f.financial_item='Revenue from Operations' THEN f.value END) as revenue,                 MAX(CASE WHEN f.financial_item=…
2026-05-27 16:15:36 | INFO     | query_engine                   | SQL: SELECT financial_item, financial_category, year, value, units FROM financials WHERE company_id = 'SUN' AND is_active = TRUE ORDER BY year DESC, financial_item…
2026-05-27 16:15:36 | INFO     | query_engine                   | SQL: SELECT financial_item, year, value, units FROM financials WHERE company_id = 'SUN'   AND financial_category = 'P&L Consolidated'   AND is_active = TRUE…
2026-05-27 16:15:36 | INFO     | cost_structure | Running cost structure analysis …
2026-05-27 16:15:36 | INFO     | cost_structure | Cost structure analysis complete.
2026-05-27 16:15:36 | INFO     | query_engine                   | SQL: SELECT financial_item, financial_category, year, value, units FROM financials WHERE company_id = 'DRL' AND is_active = TRUE ORDER BY year DESC, financial_item…
2026-05-27 16:15:36 | INFO     | query_engine                   | SQL: SELECT financial_item, year, value, units FROM financials WHERE company_id = 'DRL'   AND financial_category = 'P&L Consolidated'   AND is_active = TRUE…
2026-05-27 16:15:36 | WARNING  | reshaper                       | No P&L data for DRL/P&L Consolidated
2026-05-27 16:45:45 | INFO     | query_engine                   | DuckDB views registered: financials, financials_latest, company_master, sector_mapping, audit_log
2026-05-27 16:45:45 | INFO     | query_engine                   | SQL: SELECT financial_item, financial_category, year, value, units FROM financials WHERE company_id = 'LUPIN' AND is_active = TRUE ORDER BY year DESC, financial_item…
2026-05-27 16:45:45 | INFO     | query_engine                   | DuckDB views registered: financials, financials_latest, company_master, sector_mapping, audit_log
2026-05-27 16:45:45 | INFO     | query_engine                   | SQL: SELECT financial_item, financial_category, year, value, units FROM financials WHERE company_id = 'LUPIN' AND is_active = TRUE ORDER BY year DESC, financial_item…
2026-05-27 16:45:49 | INFO     | query_engine                   | DuckDB views registered: financials, financials_latest, company_master, sector_mapping, audit_log
2026-05-27 16:45:49 | INFO     | query_engine                   | SQL: SELECT financial_item, financial_category, year, value, units FROM financials WHERE company_id = 'SUN' AND is_active = TRUE ORDER BY year DESC, financial_item…
2026-05-27 16:45:49 | INFO     | query_engine                   | SQL: SELECT financial_item, year, value, units FROM financials WHERE company_id = 'SUN'   AND financial_category = 'P&L Consolidated'   AND is_active = TRUE…
2026-05-27 16:45:49 | INFO     | cost_structure | Running cost structure analysis …
2026-05-27 16:45:50 | INFO     | cost_structure | Cost structure analysis complete.
2026-05-27 16:45:50 | INFO     | query_engine                   | DuckDB views registered: financials, financials_latest, company_master, sector_mapping, audit_log
2026-05-27 16:45:50 | INFO     | query_engine                   | SQL: SELECT financial_item, financial_category, year, value, units FROM financials WHERE company_id = 'SUN' AND is_active = TRUE ORDER BY year DESC, financial_item…
2026-05-27 16:47:15 | INFO     | query_engine                   | DuckDB views registered: financials, financials_latest, company_master, sector_mapping, audit_log
2026-05-27 16:47:15 | INFO     | query_engine                   | SQL: SELECT financial_item, financial_category, year, value, units FROM financials WHERE company_id = 'CIPLA' AND is_active = TRUE ORDER BY year DESC, financial_item…
2026-05-27 16:47:15 | INFO     | query_engine                   | SQL: SELECT financial_item, financial_category, year, value, units FROM financials WHERE company_id = 'DRL' AND is_active = TRUE ORDER BY year DESC, financial_item…
2026-05-27 16:47:15 | INFO     | query_engine                   | SQL: SELECT financial_item, year, value, units FROM financials WHERE company_id = 'DRL'   AND financial_category = 'P&L Consolidated'   AND is_active = TRUE…
2026-05-27 16:47:15 | WARNING  | reshaper                       | No P&L data for DRL/P&L Consolidated
2026-05-27 16:47:15 | INFO     | query_engine                   | SQL: SELECT financial_item, financial_category, year, value, units FROM financials WHERE company_id = 'LUPIN' AND is_active = TRUE ORDER BY year DESC, financial_item…
2026-05-27 16:47:15 | INFO     | query_engine                   | SQL: SELECT financial_item, financial_category, year, value, units FROM financials WHERE company_id = 'SUN' AND is_active = TRUE ORDER BY year DESC, financial_item…
2026-05-27 16:47:16 | INFO     | query_engine                   | SQL: SELECT financial_item, year, value, units FROM financials WHERE company_id = 'SUN'   AND financial_category = 'P&L Consolidated'   AND is_active = TRUE…
2026-05-27 16:47:16 | INFO     | cost_structure | Running cost structure analysis …
2026-05-27 16:47:16 | INFO     | cost_structure | Cost structure analysis complete.
2026-05-27 16:47:16 | INFO     | query_engine                   | DuckDB views registered: financials, financials_latest, company_master, sector_mapping, audit_log
2026-05-27 16:47:16 | INFO     | query_engine                   | SQL:              SELECT c.company_id, c.company_name,                 MAX(CASE WHEN f.financial_item='Revenue from Operations' THEN f.value END) as revenue,                 MAX(CASE WHEN f.financial_item=…
2026-05-27 16:47:16 | INFO     | query_engine                   | SQL: SELECT financial_item, financial_category, year, value, units FROM financials WHERE company_id = 'SUN' AND is_active = TRUE ORDER BY year DESC, financial_item…
2026-05-27 16:47:17 | INFO     | query_engine                   | SQL: SELECT financial_item, year, value, units FROM financials WHERE company_id = 'SUN'   AND financial_category = 'P&L Consolidated'   AND is_active = TRUE…
2026-05-27 16:47:17 | INFO     | cost_structure | Running cost structure analysis …
2026-05-27 16:47:17 | INFO     | cost_structure | Cost structure analysis complete.
2026-05-27 16:47:17 | INFO     | query_engine                   | SQL: SELECT financial_item, financial_category, year, value, units FROM financials WHERE company_id = 'DRL' AND is_active = TRUE ORDER BY year DESC, financial_item…
2026-05-27 16:47:17 | INFO     | query_engine                   | SQL: SELECT financial_item, year, value, units FROM financials WHERE company_id = 'DRL'   AND financial_category = 'P&L Consolidated'   AND is_active = TRUE…
2026-05-27 16:47:17 | WARNING  | reshaper                       | No P&L data for DRL/P&L Consolidated
INFO:     Started server process [8036]
INFO:     Waiting for application startup.
INFO:     Application startup complete.
INFO:     Uvicorn running on http://127.0.0.1:8000 (Press CTRL+C to quit)
2026-05-27 17:33:37 | INFO     | query_engine                   | DuckDB views registered: financials, financials_latest, company_master, sector_mapping, audit_log
2026-05-27 17:33:37 | INFO     | normalizer                     | Loaded 27 canonical items, 93 total aliases
2026-05-27 17:33:37 | INFO     | query_engine                   | DuckDB views registered: financials, financials_latest, company_master, sector_mapping, audit_log
2026-05-27 17:33:37 | INFO     | query_engine                   | SQL: SELECT financial_item, financial_category, year, value, units FROM financials WHERE company_id = 'CIPLA' AND is_active = TRUE ORDER BY year DESC, financial_item…
2026-05-27 17:33:46 | INFO     | query_engine                   | DuckDB views registered: financials, financials_latest, company_master, sector_mapping, audit_log
2026-05-27 17:33:46 | INFO     | query_engine                   | SQL: SELECT financial_item, financial_category, year, value, units FROM financials WHERE company_id = 'SUN' AND is_active = TRUE ORDER BY year DESC, financial_item…
2026-05-27 17:34:05 | INFO     | query_engine                   | DuckDB views registered: financials, financials_latest, company_master, sector_mapping, audit_log
2026-05-27 17:34:05 | INFO     | warehouse                      | Deactivated 8 rows for SUN/FY19
2026-05-27 17:34:05 | INFO     | query_engine                   | DuckDB views registered: financials, financials_latest, company_master, sector_mapping, audit_log
2026-05-27 17:34:07 | INFO     | query_engine                   | DuckDB views registered: financials, financials_latest, company_master, sector_mapping, audit_log
2026-05-27 17:34:07 | INFO     | warehouse                      | Ingested batch: {'ingestion_id': 'e1b2b2ab-c12d-4d5f-85ad-254e49df5359', 'rows_loaded': 43, 'rows_revised': 43, 'rows_new': 0}
2026-05-27 17:34:07 | INFO     | query_engine                   | DuckDB views registered: financials, financials_latest, company_master, sector_mapping, audit_log
2026-05-27 17:34:07 | INFO     | query_engine                   | DuckDB views registered: financials, financials_latest, company_master, sector_mapping, audit_log
2026-05-27 17:34:07 | INFO     | query_engine                   | SQL: SELECT financial_item, year, value, units FROM financials WHERE company_id = 'SUN'   AND financial_category = 'P&L Consolidated'   AND is_active = TRUE…
2026-05-27 17:34:07 | INFO     | query_engine                   | SQL: SELECT financial_item, year, value, units FROM financials WHERE company_id = 'SUN'   AND financial_category = 'P&L Standalone'   AND is_active = TRUE…
2026-05-27 17:34:07 | INFO     | query_engine                   | SQL: SELECT financial_item, year, value, units FROM financials WHERE company_id = 'SUN'   AND financial_category = 'Altman Z'   AND financial_item IN ('Revenue from Operations','EBITDA','PAT','Total Assets…
2026-05-27 17:34:07 | INFO     | cost_structure | Running cost structure analysis …
2026-05-27 17:34:08 | INFO     | cost_structure | Cost structure analysis complete.
2026-05-27 17:34:08 | INFO     | bankruptcy | Running bankruptcy/Altman Z analysis …
2026-05-27 17:34:11 | INFO     | query_engine                   | DuckDB views registered: financials, financials_latest, company_master, sector_mapping, audit_log
2026-05-27 17:34:11 | INFO     | query_engine                   | SQL: SELECT financial_item, financial_category, year, value, units FROM financials WHERE company_id = 'SUN' AND is_active = TRUE ORDER BY year DESC, financial_item…
2026-05-27 17:34:11 | INFO     | query_engine                   | SQL: SELECT financial_item, year, value, units FROM financials WHERE company_id = 'SUN'   AND financial_category = 'P&L Consolidated'   AND is_active = TRUE…
2026-05-27 17:34:11 | INFO     | cost_structure | Running cost structure analysis …
2026-05-27 17:34:12 | INFO     | cost_structure | Cost structure analysis complete.
2026-05-27 17:34:12 | INFO     | query_engine                   | DuckDB views registered: financials, financials_latest, company_master, sector_mapping, audit_log
2026-05-27 17:34:12 | INFO     | query_engine                   | SQL: SELECT financial_item, financial_category, year, value, units FROM financials WHERE company_id = 'SUN' AND is_active = TRUE ORDER BY year DESC, financial_item…
2026-05-27 17:34:17 | INFO     | query_engine                   | DuckDB views registered: financials, financials_latest, company_master, sector_mapping, audit_log
2026-05-27 17:34:17 | INFO     | query_engine                   | SQL:              SELECT c.company_id, c.company_name,                 MAX(CASE WHEN f.financial_item='Revenue from Operations' THEN f.value END) as revenue,                 MAX(CASE WHEN f.financial_item=…
2026-05-27 17:34:17 | INFO     | query_engine                   | SQL: SELECT financial_item, financial_category, year, value, units FROM financials WHERE company_id = 'SUN' AND is_active = TRUE ORDER BY year DESC, financial_item…
2026-05-27 17:34:18 | INFO     | query_engine                   | SQL: SELECT financial_item, year, value, units FROM financials WHERE company_id = 'SUN'   AND financial_category = 'P&L Consolidated'   AND is_active = TRUE…
2026-05-27 17:34:18 | INFO     | cost_structure | Running cost structure analysis …
2026-05-27 17:34:18 | INFO     | cost_structure | Cost structure analysis complete.
2026-05-27 17:34:18 | INFO     | query_engine                   | SQL: SELECT financial_item, financial_category, year, value, units FROM financials WHERE company_id = 'DRL' AND is_active = TRUE ORDER BY year DESC, financial_item…
2026-05-27 17:34:18 | INFO     | query_engine                   | SQL: SELECT financial_item, year, value, units FROM financials WHERE company_id = 'DRL'   AND financial_category = 'P&L Consolidated'   AND is_active = TRUE…
2026-05-27 17:34:18 | WARNING  | reshaper                       | No P&L data for DRL/P&L Consolidated
2026-05-27 17:34:32 | INFO     | query_engine                   | DuckDB views registered: financials, financials_latest, company_master, sector_mapping, audit_log
2026-05-27 17:34:32 | INFO     | query_engine                   | SQL:              SELECT c.company_id, c.company_name,                 MAX(CASE WHEN f.financial_item='Revenue from Operations' THEN f.value END) as revenue,                 MAX(CASE WHEN f.financial_item=…
2026-05-27 17:34:32 | INFO     | query_engine                   | SQL: SELECT financial_item, financial_category, year, value, units FROM financials WHERE company_id = 'SUN' AND is_active = TRUE ORDER BY year DESC, financial_item…
2026-05-27 17:34:32 | INFO     | query_engine                   | SQL: SELECT financial_item, year, value, units FROM financials WHERE company_id = 'SUN'   AND financial_category = 'P&L Consolidated'   AND is_active = TRUE…
2026-05-27 17:34:32 | INFO     | cost_structure | Running cost structure analysis …
2026-05-27 17:34:33 | INFO     | cost_structure | Cost structure analysis complete.
2026-05-27 17:34:33 | INFO     | query_engine                   | SQL: SELECT financial_item, financial_category, year, value, units FROM financials WHERE company_id = 'DRL' AND is_active = TRUE ORDER BY year DESC, financial_item…
2026-05-27 17:34:33 | INFO     | query_engine                   | SQL: SELECT financial_item, year, value, units FROM financials WHERE company_id = 'DRL'   AND financial_category = 'P&L Consolidated'   AND is_active = TRUE…
2026-05-27 17:34:33 | WARNING  | reshaper                       | No P&L data for DRL/P&L Consolidated
2026-05-27 17:34:33 | INFO     | query_engine                   | DuckDB views registered: financials, financials_latest, company_master, sector_mapping, audit_log
2026-05-27 17:34:33 | INFO     | query_engine                   | SQL:              SELECT c.company_id, c.company_name,                 MAX(CASE WHEN f.financial_item='Revenue from Operations' THEN f.value END) as revenue,                 MAX(CASE WHEN f.financial_item=…
2026-05-27 17:34:33 | INFO     | query_engine                   | SQL: SELECT financial_item, financial_category, year, value, units FROM financials WHERE company_id = 'SUN' AND is_active = TRUE ORDER BY year DESC, financial_item…
2026-05-27 17:34:33 | INFO     | query_engine                   | SQL: SELECT financial_item, year, value, units FROM financials WHERE company_id = 'SUN'   AND financial_category = 'P&L Consolidated'   AND is_active = TRUE…
2026-05-27 17:34:33 | INFO     | cost_structure | Running cost structure analysis …
2026-05-27 17:34:34 | INFO     | cost_structure | Cost structure analysis complete.
2026-05-27 17:34:34 | INFO     | query_engine                   | SQL: SELECT financial_item, financial_category, year, value, units FROM financials WHERE company_id = 'DRL' AND is_active = TRUE ORDER BY year DESC, financial_item…
2026-05-27 17:34:34 | INFO     | query_engine                   | SQL: SELECT financial_item, year, value, units FROM financials WHERE company_id = 'DRL'   AND financial_category = 'P&L Consolidated'   AND is_active = TRUE…
2026-05-27 17:34:34 | WARNING  | reshaper                       | No P&L data for DRL/P&L Consolidated
2026-05-27 17:34:52 | INFO     | query_engine                   | DuckDB views registered: financials, financials_latest, company_master, sector_mapping, audit_log
2026-05-27 17:34:52 | INFO     | query_engine                   | SQL:              SELECT c.company_id, c.company_name,                 MAX(CASE WHEN f.financial_item='Revenue from Operations' THEN f.value END) as revenue,                 MAX(CASE WHEN f.financial_item=…
2026-05-27 17:34:52 | INFO     | query_engine                   | SQL: SELECT financial_item, financial_category, year, value, units FROM financials WHERE company_id = 'SUN' AND is_active = TRUE ORDER BY year DESC, financial_item…
2026-05-27 17:34:53 | INFO     | query_engine                   | SQL: SELECT financial_item, year, value, units FROM financials WHERE company_id = 'SUN'   AND financial_category = 'P&L Consolidated'   AND is_active = TRUE…
2026-05-27 17:34:53 | INFO     | cost_structure | Running cost structure analysis …
2026-05-27 17:34:53 | INFO     | cost_structure | Cost structure analysis complete.
2026-05-27 17:35:00 | INFO     | query_engine                   | DuckDB views registered: financials, financials_latest, company_master, sector_mapping, audit_log
2026-05-27 17:35:00 | INFO     | query_engine                   | SQL:              SELECT c.company_id, c.company_name,                 MAX(CASE WHEN f.financial_item='Revenue from Operations' THEN f.value END) as revenue,                 MAX(CASE WHEN f.financial_item=…
2026-05-27 17:35:00 | INFO     | query_engine                   | SQL: SELECT financial_item, financial_category, year, value, units FROM financials WHERE company_id = 'SUN' AND is_active = TRUE ORDER BY year DESC, financial_item…
2026-05-27 17:35:00 | INFO     | query_engine                   | SQL: SELECT financial_item, year, value, units FROM financials WHERE company_id = 'SUN'   AND financial_category = 'P&L Consolidated'   AND is_active = TRUE…
2026-05-27 17:35:00 | INFO     | cost_structure | Running cost structure analysis …
2026-05-27 17:35:01 | INFO     | cost_structure | Cost structure analysis complete.
2026-05-27 17:35:01 | INFO     | query_engine                   | SQL: SELECT financial_item, financial_category, year, value, units FROM financials WHERE company_id = 'DRL' AND is_active = TRUE ORDER BY year DESC, financial_item…
2026-05-27 17:35:01 | INFO     | query_engine                   | SQL: SELECT financial_item, year, value, units FROM financials WHERE company_id = 'DRL'   AND financial_category = 'P&L Consolidated'   AND is_active = TRUE…
2026-05-27 17:35:01 | WARNING  | reshaper                       | No P&L data for DRL/P&L Consolidated
2026-05-27 17:35:02 | INFO     | query_engine                   | DuckDB views registered: financials, financials_latest, company_master, sector_mapping, audit_log
2026-05-27 17:35:02 | INFO     | query_engine                   | SQL:              SELECT c.company_id, c.company_name,                 MAX(CASE WHEN f.financial_item='Revenue from Operations' THEN f.value END) as revenue,                 MAX(CASE WHEN f.financial_item=…
2026-05-27 17:35:02 | INFO     | query_engine                   | SQL: SELECT financial_item, financial_category, year, value, units FROM financials WHERE company_id = 'SUN' AND is_active = TRUE ORDER BY year DESC, financial_item…
2026-05-27 17:35:02 | INFO     | query_engine                   | SQL: SELECT financial_item, year, value, units FROM financials WHERE company_id = 'SUN'   AND financial_category = 'P&L Consolidated'   AND is_active = TRUE…
2026-05-27 17:35:02 | INFO     | cost_structure | Running cost structure analysis …
2026-05-27 17:35:02 | INFO     | cost_structure | Cost structure analysis complete.
2026-05-27 17:35:02 | INFO     | query_engine                   | SQL: SELECT financial_item, financial_category, year, value, units FROM financials WHERE company_id = 'DRL' AND is_active = TRUE ORDER BY year DESC, financial_item…
2026-05-27 17:35:02 | INFO     | query_engine                   | SQL: SELECT financial_item, year, value, units FROM financials WHERE company_id = 'DRL'   AND financial_category = 'P&L Consolidated'   AND is_active = TRUE…
2026-05-27 17:35:02 | WARNING  | reshaper                       | No P&L data for DRL/P&L Consolidated
2026-05-27 17:35:04 | INFO     | query_engine                   | DuckDB views registered: financials, financials_latest, company_master, sector_mapping, audit_log
2026-05-27 17:35:04 | INFO     | query_engine                   | SQL:              SELECT c.company_id, c.company_name,                 MAX(CASE WHEN f.financial_item='Revenue from Operations' THEN f.value END) as revenue,                 MAX(CASE WHEN f.financial_item=…
2026-05-27 17:35:04 | INFO     | query_engine                   | SQL: SELECT financial_item, financial_category, year, value, units FROM financials WHERE company_id = 'SUN' AND is_active = TRUE ORDER BY year DESC, financial_item…
2026-05-27 17:35:04 | INFO     | query_engine                   | SQL: SELECT financial_item, year, value, units FROM financials WHERE company_id = 'SUN'   AND financial_category = 'P&L Consolidated'   AND is_active = TRUE…
2026-05-27 17:35:04 | INFO     | cost_structure | Running cost structure analysis …
2026-05-27 17:35:05 | INFO     | cost_structure | Cost structure analysis complete.
2026-05-27 17:35:05 | INFO     | query_engine                   | SQL: SELECT financial_item, financial_category, year, value, units FROM financials WHERE company_id = 'DRL' AND is_active = TRUE ORDER BY year DESC, financial_item…
2026-05-27 17:35:05 | INFO     | query_engine                   | SQL: SELECT financial_item, year, value, units FROM financials WHERE company_id = 'DRL'   AND financial_category = 'P&L Consolidated'   AND is_active = TRUE…
2026-05-27 17:35:05 | WARNING  | reshaper                       | No P&L data for DRL/P&L Consolidated
2026-05-27 17:35:12 | INFO     | query_engine                   | DuckDB views registered: financials, financials_latest, company_master, sector_mapping, audit_log
2026-05-27 17:35:12 | INFO     | query_engine                   | SQL:              SELECT c.company_id, c.company_name,                 MAX(CASE WHEN f.financial_item='Revenue from Operations' THEN f.value END) as revenue,                 MAX(CASE WHEN f.financial_item=…
2026-05-27 17:35:12 | INFO     | query_engine                   | SQL: SELECT financial_item, financial_category, year, value, units FROM financials WHERE company_id = 'SUN' AND is_active = TRUE ORDER BY year DESC, financial_item…
2026-05-27 17:35:12 | INFO     | query_engine                   | SQL: SELECT financial_item, year, value, units FROM financials WHERE company_id = 'SUN'   AND financial_category = 'P&L Consolidated'   AND is_active = TRUE…
2026-05-27 17:35:12 | INFO     | cost_structure | Running cost structure analysis …
2026-05-27 17:35:13 | INFO     | cost_structure | Cost structure analysis complete.
2026-05-27 17:35:13 | INFO     | query_engine                   | SQL: SELECT financial_item, financial_category, year, value, units FROM financials WHERE company_id = 'DRL' AND is_active = TRUE ORDER BY year DESC, financial_item…
2026-05-27 17:35:13 | INFO     | query_engine                   | SQL: SELECT financial_item, year, value, units FROM financials WHERE company_id = 'DRL'   AND financial_category = 'P&L Consolidated'   AND is_active = TRUE…
2026-05-27 17:35:13 | WARNING  | reshaper                       | No P&L data for DRL/P&L Consolidated
2026-05-27 17:35:13 | INFO     | query_engine                   | DuckDB views registered: financials, financials_latest, company_master, sector_mapping, audit_log
2026-05-27 17:35:13 | INFO     | query_engine                   | SQL:              SELECT c.company_id, c.company_name,                 MAX(CASE WHEN f.financial_item='Revenue from Operations' THEN f.value END) as revenue,                 MAX(CASE WHEN f.financial_item=…
2026-05-27 17:35:13 | INFO     | query_engine                   | SQL: SELECT financial_item, financial_category, year, value, units FROM financials WHERE company_id = 'SUN' AND is_active = TRUE ORDER BY year DESC, financial_item…
2026-05-27 17:35:13 | INFO     | query_engine                   | SQL: SELECT financial_item, year, value, units FROM financials WHERE company_id = 'SUN'   AND financial_category = 'P&L Consolidated'   AND is_active = TRUE…
2026-05-27 17:35:13 | INFO     | cost_structure | Running cost structure analysis …
2026-05-27 17:35:13 | INFO     | cost_structure | Cost structure analysis complete.
2026-05-27 17:35:14 | INFO     | query_engine                   | SQL: SELECT financial_item, financial_category, year, value, units FROM financials WHERE company_id = 'DRL' AND is_active = TRUE ORDER BY year DESC, financial_item…
2026-05-27 17:35:14 | INFO     | query_engine                   | SQL: SELECT financial_item, year, value, units FROM financials WHERE company_id = 'DRL'   AND financial_category = 'P&L Consolidated'   AND is_active = TRUE…
2026-05-27 17:35:14 | WARNING  | reshaper                       | No P&L data for DRL/P&L Consolidated
2026-05-27 17:35:21 | INFO     | query_engine                   | DuckDB views registered: financials, financials_latest, company_master, sector_mapping, audit_log
2026-05-27 17:35:21 | INFO     | query_engine                   | SQL:              SELECT c.company_id, c.company_name,                 MAX(CASE WHEN f.financial_item='Revenue from Operations' THEN f.value END) as revenue,                 MAX(CASE WHEN f.financial_item=…
2026-05-27 17:35:21 | INFO     | query_engine                   | SQL: SELECT financial_item, financial_category, year, value, units FROM financials WHERE company_id = 'SUN' AND is_active = TRUE ORDER BY year DESC, financial_item…
2026-05-27 17:35:22 | INFO     | query_engine                   | SQL: SELECT financial_item, year, value, units FROM financials WHERE company_id = 'SUN'   AND financial_category = 'P&L Consolidated'   AND is_active = TRUE…
2026-05-27 17:35:22 | INFO     | cost_structure | Running cost structure analysis …
2026-05-27 17:35:22 | INFO     | cost_structure | Cost structure analysis complete.
2026-05-27 17:35:22 | INFO     | query_engine                   | SQL: SELECT financial_item, financial_category, year, value, units FROM financials WHERE company_id = 'DRL' AND is_active = TRUE ORDER BY year DESC, financial_item…
2026-05-27 17:35:22 | INFO     | query_engine                   | SQL: SELECT financial_item, year, value, units FROM financials WHERE company_id = 'DRL'   AND financial_category = 'P&L Consolidated'   AND is_active = TRUE…
2026-05-27 17:35:22 | WARNING  | reshaper                       | No P&L data for DRL/P&L Consolidated
2026-05-27 17:35:27 | INFO     | query_engine                   | DuckDB views registered: financials, financials_latest, company_master, sector_mapping, audit_log
2026-05-27 17:35:27 | INFO     | query_engine                   | SQL:              SELECT c.company_id, c.company_name,                 MAX(CASE WHEN f.financial_item='Revenue from Operations' THEN f.value END) as revenue,                 MAX(CASE WHEN f.financial_item=…
2026-05-27 17:35:27 | INFO     | query_engine                   | SQL: SELECT financial_item, financial_category, year, value, units FROM financials WHERE company_id = 'SUN' AND is_active = TRUE ORDER BY year DESC, financial_item…
2026-05-27 17:35:27 | INFO     | query_engine                   | SQL: SELECT financial_item, year, value, units FROM financials WHERE company_id = 'SUN'   AND financial_category = 'P&L Consolidated'   AND is_active = TRUE…
2026-05-27 17:35:27 | INFO     | cost_structure | Running cost structure analysis …
2026-05-27 17:35:28 | INFO     | cost_structure | Cost structure analysis complete.
2026-05-27 17:35:28 | INFO     | query_engine                   | SQL: SELECT financial_item, financial_category, year, value, units FROM financials WHERE company_id = 'DRL' AND is_active = TRUE ORDER BY year DESC, financial_item…
2026-05-27 17:35:28 | INFO     | query_engine                   | SQL: SELECT financial_item, year, value, units FROM financials WHERE company_id = 'DRL'   AND financial_category = 'P&L Consolidated'   AND is_active = TRUE…
2026-05-27 17:35:28 | WARNING  | reshaper                       | No P&L data for DRL/P&L Consolidated
2026-05-27 17:35:39 | INFO     | query_engine                   | DuckDB views registered: financials, financials_latest, company_master, sector_mapping, audit_log
2026-05-27 17:35:39 | INFO     | query_engine                   | SQL:              SELECT c.company_id, c.company_name,                 MAX(CASE WHEN f.financial_item='Revenue from Operations' THEN f.value END) as revenue,                 MAX(CASE WHEN f.financial_item=…
2026-05-27 17:35:39 | INFO     | query_engine                   | SQL: SELECT financial_item, financial_category, year, value, units FROM financials WHERE company_id = 'SUN' AND is_active = TRUE ORDER BY year DESC, financial_item…
2026-05-27 17:35:39 | INFO     | query_engine                   | SQL: SELECT financial_item, year, value, units FROM financials WHERE company_id = 'SUN'   AND financial_category = 'P&L Consolidated'   AND is_active = TRUE…
2026-05-27 17:35:39 | INFO     | cost_structure | Running cost structure analysis …
2026-05-27 17:35:40 | INFO     | cost_structure | Cost structure analysis complete.
2026-05-27 17:35:40 | INFO     | query_engine                   | SQL: SELECT financial_item, financial_category, year, value, units FROM financials WHERE company_id = 'DRL' AND is_active = TRUE ORDER BY year DESC, financial_item…
2026-05-27 17:35:40 | INFO     | query_engine                   | SQL: SELECT financial_item, year, value, units FROM financials WHERE company_id = 'DRL'   AND financial_category = 'P&L Consolidated'   AND is_active = TRUE…
2026-05-27 17:35:40 | WARNING  | reshaper                       | No P&L data for DRL/P&L Consolidated
2026-05-27 17:35:45 | INFO     | query_engine                   | DuckDB views registered: financials, financials_latest, company_master, sector_mapping, audit_log
2026-05-27 17:35:45 | INFO     | query_engine                   | SQL: SELECT financial_item, financial_category, year, value, units FROM financials WHERE company_id = 'SUN' AND is_active = TRUE ORDER BY year DESC, financial_item…
2026-05-27 17:35:45 | INFO     | query_engine                   | SQL: SELECT financial_item, year, value, units FROM financials WHERE company_id = 'SUN'   AND financial_category = 'P&L Consolidated'   AND is_active = TRUE…
2026-05-27 17:35:45 | INFO     | cost_structure | Running cost structure analysis …
2026-05-27 17:35:45 | INFO     | cost_structure | Cost structure analysis complete.
2026-05-27 17:35:51 | INFO     | query_engine                   | DuckDB views registered: financials, financials_latest, company_master, sector_mapping, audit_log
2026-05-27 17:35:51 | INFO     | query_engine                   | SQL:              SELECT c.company_id, c.company_name,                 MAX(CASE WHEN f.financial_item='Revenue from Operations' THEN f.value END) as revenue,                 MAX(CASE WHEN f.financial_item=…
2026-05-27 17:35:51 | INFO     | query_engine                   | SQL: SELECT financial_item, financial_category, year, value, units FROM financials WHERE company_id = 'SUN' AND is_active = TRUE ORDER BY year DESC, financial_item…
2026-05-27 17:35:51 | INFO     | query_engine                   | SQL: SELECT financial_item, year, value, units FROM financials WHERE company_id = 'SUN'   AND financial_category = 'P&L Consolidated'   AND is_active = TRUE…
2026-05-27 17:35:51 | INFO     | cost_structure | Running cost structure analysis …
2026-05-27 17:35:51 | INFO     | cost_structure | Cost structure analysis complete.
2026-05-27 17:35:52 | INFO     | query_engine                   | SQL: SELECT financial_item, financial_category, year, value, units FROM financials WHERE company_id = 'DRL' AND is_active = TRUE ORDER BY year DESC, financial_item…
2026-05-27 17:35:52 | INFO     | query_engine                   | SQL: SELECT financial_item, year, value, units FROM financials WHERE company_id = 'DRL'   AND financial_category = 'P&L Consolidated'   AND is_active = TRUE…
2026-05-27 17:35:52 | WARNING  | reshaper                       | No P&L data for DRL/P&L Consolidated
2026-05-27 17:36:01 | INFO     | query_engine                   | DuckDB views registered: financials, financials_latest, company_master, sector_mapping, audit_log
2026-05-27 17:36:01 | INFO     | query_engine                   | SQL:              SELECT c.company_id, c.company_name,                 MAX(CASE WHEN f.financial_item='Revenue from Operations' THEN f.value END) as revenue,                 MAX(CASE WHEN f.financial_item=…
2026-05-27 17:36:01 | INFO     | query_engine                   | SQL: SELECT financial_item, financial_category, year, value, units FROM financials WHERE company_id = 'SUN' AND is_active = TRUE ORDER BY year DESC, financial_item…
2026-05-27 17:36:01 | INFO     | query_engine                   | SQL: SELECT financial_item, year, value, units FROM financials WHERE company_id = 'SUN'   AND financial_category = 'P&L Consolidated'   AND is_active = TRUE…
2026-05-27 17:36:01 | INFO     | cost_structure | Running cost structure analysis …
2026-05-27 17:36:02 | INFO     | cost_structure | Cost structure analysis complete.
2026-05-27 17:36:02 | INFO     | query_engine                   | SQL: SELECT financial_item, financial_category, year, value, units FROM financials WHERE company_id = 'DRL' AND is_active = TRUE ORDER BY year DESC, financial_item…
2026-05-27 17:36:02 | INFO     | query_engine                   | SQL: SELECT financial_item, year, value, units FROM financials WHERE company_id = 'DRL'   AND financial_category = 'P&L Consolidated'   AND is_active = TRUE…
2026-05-27 17:36:02 | WARNING  | reshaper                       | No P&L data for DRL/P&L Consolidated
2026-05-27 17:36:04 | INFO     | query_engine                   | DuckDB views registered: financials, financials_latest, company_master, sector_mapping, audit_log
2026-05-27 17:36:04 | INFO     | query_engine                   | SQL:              SELECT c.company_id, c.company_name,                 MAX(CASE WHEN f.financial_item='Revenue from Operations' THEN f.value END) as revenue,                 MAX(CASE WHEN f.financial_item=…
2026-05-27 17:36:04 | INFO     | query_engine                   | SQL: SELECT financial_item, financial_category, year, value, units FROM financials WHERE company_id = 'SUN' AND is_active = TRUE ORDER BY year DESC, financial_item…
2026-05-27 17:36:04 | INFO     | query_engine                   | SQL: SELECT financial_item, year, value, units FROM financials WHERE company_id = 'SUN'   AND financial_category = 'P&L Consolidated'   AND is_active = TRUE…
2026-05-27 17:36:04 | INFO     | cost_structure | Running cost structure analysis …
2026-05-27 17:36:05 | INFO     | cost_structure | Cost structure analysis complete.
2026-05-27 17:36:05 | INFO     | query_engine                   | SQL: SELECT financial_item, financial_category, year, value, units FROM financials WHERE company_id = 'DRL' AND is_active = TRUE ORDER BY year DESC, financial_item…
2026-05-27 17:36:05 | INFO     | query_engine                   | SQL: SELECT financial_item, year, value, units FROM financials WHERE company_id = 'DRL'   AND financial_category = 'P&L Consolidated'   AND is_active = TRUE…
2026-05-27 17:36:05 | WARNING  | reshaper                       | No P&L data for DRL/P&L Consolidated
2026-05-27 17:36:06 | INFO     | query_engine                   | DuckDB views registered: financials, financials_latest, company_master, sector_mapping, audit_log
2026-05-27 17:36:06 | INFO     | query_engine                   | SQL:              SELECT c.company_id, c.company_name,                 MAX(CASE WHEN f.financial_item='Revenue from Operations' THEN f.value END) as revenue,                 MAX(CASE WHEN f.financial_item=…
2026-05-27 17:36:06 | INFO     | query_engine                   | SQL: SELECT financial_item, financial_category, year, value, units FROM financials WHERE company_id = 'SUN' AND is_active = TRUE ORDER BY year DESC, financial_item…
2026-05-27 17:36:06 | INFO     | query_engine                   | SQL: SELECT financial_item, year, value, units FROM financials WHERE company_id = 'SUN'   AND financial_category = 'P&L Consolidated'   AND is_active = TRUE…
2026-05-27 17:36:06 | INFO     | cost_structure | Running cost structure analysis …
2026-05-27 17:36:07 | INFO     | cost_structure | Cost structure analysis complete.
2026-05-27 17:36:07 | INFO     | query_engine                   | SQL: SELECT financial_item, financial_category, year, value, units FROM financials WHERE company_id = 'DRL' AND is_active = TRUE ORDER BY year DESC, financial_item…
2026-05-27 17:36:07 | INFO     | query_engine                   | SQL: SELECT financial_item, year, value, units FROM financials WHERE company_id = 'DRL'   AND financial_category = 'P&L Consolidated'   AND is_active = TRUE…
2026-05-27 17:36:07 | WARNING  | reshaper                       | No P&L data for DRL/P&L Consolidated
2026-05-27 17:36:07 | INFO     | query_engine                   | DuckDB views registered: financials, financials_latest, company_master, sector_mapping, audit_log
2026-05-27 17:36:07 | INFO     | query_engine                   | SQL:              SELECT c.company_id, c.company_name,                 MAX(CASE WHEN f.financial_item='Revenue from Operations' THEN f.value END) as revenue,                 MAX(CASE WHEN f.financial_item=…
2026-05-27 17:36:07 | INFO     | query_engine                   | SQL: SELECT financial_item, financial_category, year, value, units FROM financials WHERE company_id = 'SUN' AND is_active = TRUE ORDER BY year DESC, financial_item…
2026-05-27 17:36:08 | INFO     | query_engine                   | SQL: SELECT financial_item, year, value, units FROM financials WHERE company_id = 'SUN'   AND financial_category = 'P&L Consolidated'   AND is_active = TRUE…
2026-05-27 17:36:08 | INFO     | cost_structure | Running cost structure analysis …
2026-05-27 17:36:08 | INFO     | cost_structure | Cost structure analysis complete.
2026-05-27 17:36:08 | INFO     | query_engine                   | SQL: SELECT financial_item, financial_category, year, value, units FROM financials WHERE company_id = 'DRL' AND is_active = TRUE ORDER BY year DESC, financial_item…
2026-05-27 17:36:08 | INFO     | query_engine                   | SQL: SELECT financial_item, year, value, units FROM financials WHERE company_id = 'DRL'   AND financial_category = 'P&L Consolidated'   AND is_active = TRUE…
2026-05-27 17:36:08 | WARNING  | reshaper                       | No P&L data for DRL/P&L Consolidated
INFO:     Started server process [18992]
INFO:     Waiting for application startup.
INFO:     Application startup complete.
INFO:     Uvicorn running on http://127.0.0.1:8000 (Press CTRL+C to quit)
2026-05-27 17:52:42 | INFO     | query_engine                   | DuckDB views registered: financials, financials_latest, company_master, sector_mapping, audit_log
2026-05-27 17:52:42 | INFO     | normalizer                     | Loaded 27 canonical items, 93 total aliases
2026-05-27 17:52:42 | INFO     | query_engine                   | DuckDB views registered: financials, financials_latest, company_master, sector_mapping, audit_log
2026-05-27 17:52:42 | INFO     | query_engine                   | SQL: SELECT financial_item, financial_category, year, value, units FROM financials WHERE company_id = 'CIPLA' AND is_active = TRUE ORDER BY year DESC, financial_item…
2026-05-27 17:52:50 | INFO     | query_engine                   | DuckDB views registered: financials, financials_latest, company_master, sector_mapping, audit_log
2026-05-27 17:52:50 | INFO     | query_engine                   | SQL: SELECT financial_item, financial_category, year, value, units FROM financials WHERE company_id = 'SUN' AND is_active = TRUE ORDER BY year DESC, financial_item…
2026-05-27 17:53:07 | INFO     | query_engine                   | DuckDB views registered: financials, financials_latest, company_master, sector_mapping, audit_log
2026-05-27 17:53:07 | INFO     | warehouse                      | Deactivated 12 rows for SUN/FY19
2026-05-27 17:53:07 | INFO     | query_engine                   | DuckDB views registered: financials, financials_latest, company_master, sector_mapping, audit_log
2026-05-27 17:53:09 | INFO     | query_engine                   | DuckDB views registered: financials, financials_latest, company_master, sector_mapping, audit_log
2026-05-27 17:53:09 | INFO     | warehouse                      | Ingested batch: {'ingestion_id': 'a02b2ba5-3cc6-490d-8363-993931f2a494', 'rows_loaded': 43, 'rows_revised': 43, 'rows_new': 0}
2026-05-27 17:53:09 | INFO     | query_engine                   | DuckDB views registered: financials, financials_latest, company_master, sector_mapping, audit_log
2026-05-27 17:53:09 | INFO     | query_engine                   | DuckDB views registered: financials, financials_latest, company_master, sector_mapping, audit_log
2026-05-27 17:53:09 | INFO     | query_engine                   | SQL: SELECT financial_item, year, value, units FROM financials WHERE company_id = 'SUN'   AND financial_category = 'P&L Consolidated'   AND is_active = TRUE…
2026-05-27 17:53:09 | INFO     | query_engine                   | SQL: SELECT financial_item, year, value, units FROM financials WHERE company_id = 'SUN'   AND financial_category = 'P&L Standalone'   AND is_active = TRUE…
2026-05-27 17:53:09 | INFO     | query_engine                   | SQL: SELECT financial_item, year, value, units FROM financials WHERE company_id = 'SUN'   AND financial_category = 'Altman Z'   AND financial_item IN ('Revenue from Operations','EBITDA','PAT','Total Assets…
2026-05-27 17:53:09 | INFO     | cost_structure | Running cost structure analysis …
2026-05-27 17:53:10 | INFO     | cost_structure | Cost structure analysis complete.
2026-05-27 17:53:10 | INFO     | bankruptcy | Running bankruptcy/Altman Z analysis …
2026-05-27 17:53:13 | INFO     | query_engine                   | DuckDB views registered: financials, financials_latest, company_master, sector_mapping, audit_log
2026-05-27 17:53:13 | INFO     | query_engine                   | SQL: SELECT financial_item, financial_category, year, value, units FROM financials WHERE company_id = 'SUN' AND is_active = TRUE ORDER BY year DESC, financial_item…
2026-05-27 17:53:13 | INFO     | query_engine                   | SQL: SELECT financial_item, year, value, units FROM financials WHERE company_id = 'SUN'   AND financial_category = 'P&L Consolidated'   AND is_active = TRUE…
2026-05-27 17:53:13 | INFO     | cost_structure | Running cost structure analysis …
2026-05-27 17:53:14 | INFO     | cost_structure | Cost structure analysis complete.
2026-05-27 17:53:14 | INFO     | query_engine                   | DuckDB views registered: financials, financials_latest, company_master, sector_mapping, audit_log
2026-05-27 17:53:14 | INFO     | query_engine                   | SQL: SELECT financial_item, financial_category, year, value, units FROM financials WHERE company_id = 'SUN' AND is_active = TRUE ORDER BY year DESC, financial_item…
2026-05-27 17:53:19 | INFO     | query_engine                   | DuckDB views registered: financials, financials_latest, company_master, sector_mapping, audit_log
2026-05-27 17:53:19 | INFO     | query_engine                   | SQL:              SELECT c.company_id, c.company_name,                 MAX(CASE WHEN f.financial_item='Revenue from Operations' THEN f.value END) as revenue,                 MAX(CASE WHEN f.financial_item=…
2026-05-27 17:53:19 | INFO     | query_engine                   | SQL: SELECT financial_item, financial_category, year, value, units FROM financials WHERE company_id = 'SUN' AND is_active = TRUE ORDER BY year DESC, financial_item…
2026-05-27 17:53:19 | INFO     | query_engine                   | SQL: SELECT financial_item, year, value, units FROM financials WHERE company_id = 'SUN'   AND financial_category = 'P&L Consolidated'   AND is_active = TRUE…
2026-05-27 17:53:19 | INFO     | cost_structure | Running cost structure analysis …
2026-05-27 17:53:20 | INFO     | cost_structure | Cost structure analysis complete.
2026-05-27 17:53:20 | INFO     | query_engine                   | SQL: SELECT financial_item, financial_category, year, value, units FROM financials WHERE company_id = 'DRL' AND is_active = TRUE ORDER BY year DESC, financial_item…
2026-05-27 17:53:20 | INFO     | query_engine                   | SQL: SELECT financial_item, year, value, units FROM financials WHERE company_id = 'DRL'   AND financial_category = 'P&L Consolidated'   AND is_active = TRUE…
2026-05-27 17:53:20 | WARNING  | reshaper                       | No P&L data for DRL/P&L Consolidated
2026-05-27 17:53:29 | INFO     | query_engine                   | DuckDB views registered: financials, financials_latest, company_master, sector_mapping, audit_log
2026-05-27 17:53:29 | INFO     | query_engine                   | SQL:              SELECT c.company_id, c.company_name,                 MAX(CASE WHEN f.financial_item='Revenue from Operations' THEN f.value END) as revenue,                 MAX(CASE WHEN f.financial_item=…
2026-05-27 17:53:29 | INFO     | query_engine                   | SQL: SELECT financial_item, financial_category, year, value, units FROM financials WHERE company_id = 'SUN' AND is_active = TRUE ORDER BY year DESC, financial_item…
2026-05-27 17:53:29 | INFO     | query_engine                   | SQL: SELECT financial_item, year, value, units FROM financials WHERE company_id = 'SUN'   AND financial_category = 'P&L Consolidated'   AND is_active = TRUE…
2026-05-27 17:53:29 | INFO     | cost_structure | Running cost structure analysis …
2026-05-27 17:53:29 | INFO     | cost_structure | Cost structure analysis complete.
2026-05-27 17:53:29 | INFO     | query_engine                   | SQL: SELECT financial_item, financial_category, year, value, units FROM financials WHERE company_id = 'DRL' AND is_active = TRUE ORDER BY year DESC, financial_item…
2026-05-27 17:53:30 | INFO     | query_engine                   | SQL: SELECT financial_item, year, value, units FROM financials WHERE company_id = 'DRL'   AND financial_category = 'P&L Consolidated'   AND is_active = TRUE…
2026-05-27 17:53:30 | WARNING  | reshaper                       | No P&L data for DRL/P&L Consolidated
2026-05-27 17:53:31 | INFO     | query_engine                   | DuckDB views registered: financials, financials_latest, company_master, sector_mapping, audit_log
2026-05-27 17:53:31 | INFO     | query_engine                   | SQL:              SELECT c.company_id, c.company_name,                 MAX(CASE WHEN f.financial_item='Revenue from Operations' THEN f.value END) as revenue,                 MAX(CASE WHEN f.financial_item=…
2026-05-27 17:53:31 | INFO     | query_engine                   | SQL: SELECT financial_item, financial_category, year, value, units FROM financials WHERE company_id = 'SUN' AND is_active = TRUE ORDER BY year DESC, financial_item…
2026-05-27 17:53:31 | INFO     | query_engine                   | SQL: SELECT financial_item, year, value, units FROM financials WHERE company_id = 'SUN'   AND financial_category = 'P&L Consolidated'   AND is_active = TRUE…
2026-05-27 17:53:31 | INFO     | cost_structure | Running cost structure analysis …
2026-05-27 17:53:32 | INFO     | cost_structure | Cost structure analysis complete.
2026-05-27 17:53:32 | INFO     | query_engine                   | SQL: SELECT financial_item, financial_category, year, value, units FROM financials WHERE company_id = 'DRL' AND is_active = TRUE ORDER BY year DESC, financial_item…
2026-05-27 17:53:32 | INFO     | query_engine                   | SQL: SELECT financial_item, year, value, units FROM financials WHERE company_id = 'DRL'   AND financial_category = 'P&L Consolidated'   AND is_active = TRUE…
2026-05-27 17:53:32 | WARNING  | reshaper                       | No P&L data for DRL/P&L Consolidated
2026-05-27 17:53:32 | INFO     | query_engine                   | DuckDB views registered: financials, financials_latest, company_master, sector_mapping, audit_log
2026-05-27 17:53:32 | INFO     | query_engine                   | SQL:              SELECT c.company_id, c.company_name,                 MAX(CASE WHEN f.financial_item='Revenue from Operations' THEN f.value END) as revenue,                 MAX(CASE WHEN f.financial_item=…
2026-05-27 17:53:32 | INFO     | query_engine                   | SQL: SELECT financial_item, financial_category, year, value, units FROM financials WHERE company_id = 'SUN' AND is_active = TRUE ORDER BY year DESC, financial_item…
2026-05-27 17:53:32 | INFO     | query_engine                   | SQL: SELECT financial_item, year, value, units FROM financials WHERE company_id = 'SUN'   AND financial_category = 'P&L Consolidated'   AND is_active = TRUE…
2026-05-27 17:53:32 | INFO     | cost_structure | Running cost structure analysis …
2026-05-27 17:53:33 | INFO     | cost_structure | Cost structure analysis complete.
2026-05-27 17:53:33 | INFO     | query_engine                   | SQL: SELECT financial_item, financial_category, year, value, units FROM financials WHERE company_id = 'DRL' AND is_active = TRUE ORDER BY year DESC, financial_item…
2026-05-27 17:53:33 | INFO     | query_engine                   | SQL: SELECT financial_item, year, value, units FROM financials WHERE company_id = 'DRL'   AND financial_category = 'P&L Consolidated'   AND is_active = TRUE…
2026-05-27 17:53:33 | WARNING  | reshaper                       | No P&L data for DRL/P&L Consolidated
2026-05-27 17:53:33 | INFO     | query_engine                   | DuckDB views registered: financials, financials_latest, company_master, sector_mapping, audit_log
2026-05-27 17:53:33 | INFO     | query_engine                   | SQL:              SELECT c.company_id, c.company_name,                 MAX(CASE WHEN f.financial_item='Revenue from Operations' THEN f.value END) as revenue,                 MAX(CASE WHEN f.financial_item=…
2026-05-27 17:53:33 | INFO     | query_engine                   | SQL: SELECT financial_item, financial_category, year, value, units FROM financials WHERE company_id = 'SUN' AND is_active = TRUE ORDER BY year DESC, financial_item…
2026-05-27 17:53:33 | INFO     | query_engine                   | SQL: SELECT financial_item, year, value, units FROM financials WHERE company_id = 'SUN'   AND financial_category = 'P&L Consolidated'   AND is_active = TRUE…
2026-05-27 17:53:33 | INFO     | cost_structure | Running cost structure analysis …
2026-05-27 17:53:34 | INFO     | cost_structure | Cost structure analysis complete.
2026-05-27 17:53:34 | INFO     | query_engine                   | SQL: SELECT financial_item, financial_category, year, value, units FROM financials WHERE company_id = 'DRL' AND is_active = TRUE ORDER BY year DESC, financial_item…
2026-05-27 17:53:34 | INFO     | query_engine                   | SQL: SELECT financial_item, year, value, units FROM financials WHERE company_id = 'DRL'   AND financial_category = 'P&L Consolidated'   AND is_active = TRUE…
2026-05-27 17:53:34 | WARNING  | reshaper                       | No P&L data for DRL/P&L Consolidated
2026-05-27 17:53:36 | INFO     | query_engine                   | DuckDB views registered: financials, financials_latest, company_master, sector_mapping, audit_log
2026-05-27 17:53:36 | INFO     | query_engine                   | SQL:              SELECT c.company_id, c.company_name,                 MAX(CASE WHEN f.financial_item='Revenue from Operations' THEN f.value END) as revenue,                 MAX(CASE WHEN f.financial_item=…
2026-05-27 17:53:36 | INFO     | query_engine                   | SQL: SELECT financial_item, financial_category, year, value, units FROM financials WHERE company_id = 'SUN' AND is_active = TRUE ORDER BY year DESC, financial_item…
2026-05-27 17:53:36 | INFO     | query_engine                   | SQL: SELECT financial_item, year, value, units FROM financials WHERE company_id = 'SUN'   AND financial_category = 'P&L Consolidated'   AND is_active = TRUE…
2026-05-27 17:53:36 | INFO     | cost_structure | Running cost structure analysis …
2026-05-27 17:53:36 | INFO     | cost_structure | Cost structure analysis complete.
2026-05-27 17:53:37 | INFO     | query_engine                   | SQL: SELECT financial_item, financial_category, year, value, units FROM financials WHERE company_id = 'DRL' AND is_active = TRUE ORDER BY year DESC, financial_item…
2026-05-27 17:53:37 | INFO     | query_engine                   | SQL: SELECT financial_item, year, value, units FROM financials WHERE company_id = 'DRL'   AND financial_category = 'P&L Consolidated'   AND is_active = TRUE…
2026-05-27 17:53:37 | WARNING  | reshaper                       | No P&L data for DRL/P&L Consolidated
2026-05-27 17:53:37 | INFO     | query_engine                   | DuckDB views registered: financials, financials_latest, company_master, sector_mapping, audit_log
2026-05-27 17:53:37 | INFO     | query_engine                   | SQL:              SELECT c.company_id, c.company_name,                 MAX(CASE WHEN f.financial_item='Revenue from Operations' THEN f.value END) as revenue,                 MAX(CASE WHEN f.financial_item=…
2026-05-27 17:53:37 | INFO     | query_engine                   | SQL: SELECT financial_item, financial_category, year, value, units FROM financials WHERE company_id = 'SUN' AND is_active = TRUE ORDER BY year DESC, financial_item…
2026-05-27 17:53:37 | INFO     | query_engine                   | SQL: SELECT financial_item, year, value, units FROM financials WHERE company_id = 'SUN'   AND financial_category = 'P&L Consolidated'   AND is_active = TRUE…
2026-05-27 17:53:37 | INFO     | cost_structure | Running cost structure analysis …
2026-05-27 17:53:37 | INFO     | cost_structure | Cost structure analysis complete.
2026-05-27 17:53:38 | INFO     | query_engine                   | SQL: SELECT financial_item, financial_category, year, value, units FROM financials WHERE company_id = 'DRL' AND is_active = TRUE ORDER BY year DESC, financial_item…
2026-05-27 17:53:38 | INFO     | query_engine                   | SQL: SELECT financial_item, year, value, units FROM financials WHERE company_id = 'DRL'   AND financial_category = 'P&L Consolidated'   AND is_active = TRUE…
2026-05-27 17:53:38 | WARNING  | reshaper                       | No P&L data for DRL/P&L Consolidated
2026-05-27 17:53:44 | INFO     | query_engine                   | DuckDB views registered: financials, financials_latest, company_master, sector_mapping, audit_log
2026-05-27 17:53:44 | INFO     | query_engine                   | SQL:              SELECT c.company_id, c.company_name,                 MAX(CASE WHEN f.financial_item='Revenue from Operations' THEN f.value END) as revenue,                 MAX(CASE WHEN f.financial_item=…
2026-05-27 17:53:44 | INFO     | query_engine                   | SQL: SELECT financial_item, financial_category, year, value, units FROM financials WHERE company_id = 'SUN' AND is_active = TRUE ORDER BY year DESC, financial_item…
2026-05-27 17:53:44 | INFO     | query_engine                   | SQL: SELECT financial_item, year, value, units FROM financials WHERE company_id = 'SUN'   AND financial_category = 'P&L Consolidated'   AND is_active = TRUE…
2026-05-27 17:53:44 | INFO     | cost_structure | Running cost structure analysis …
2026-05-27 17:53:44 | INFO     | cost_structure | Cost structure analysis complete.
2026-05-27 17:53:45 | INFO     | query_engine                   | SQL: SELECT financial_item, financial_category, year, value, units FROM financials WHERE company_id = 'DRL' AND is_active = TRUE ORDER BY year DESC, financial_item…
2026-05-27 17:53:45 | INFO     | query_engine                   | SQL: SELECT financial_item, year, value, units FROM financials WHERE company_id = 'DRL'   AND financial_category = 'P&L Consolidated'   AND is_active = TRUE…
2026-05-27 17:53:45 | WARNING  | reshaper                       | No P&L data for DRL/P&L Consolidated
2026-05-27 17:53:45 | INFO     | query_engine                   | DuckDB views registered: financials, financials_latest, company_master, sector_mapping, audit_log
2026-05-27 17:53:45 | INFO     | query_engine                   | SQL:              SELECT c.company_id, c.company_name,                 MAX(CASE WHEN f.financial_item='Revenue from Operations' THEN f.value END) as revenue,                 MAX(CASE WHEN f.financial_item=…
2026-05-27 17:53:45 | INFO     | query_engine                   | SQL: SELECT financial_item, financial_category, year, value, units FROM financials WHERE company_id = 'SUN' AND is_active = TRUE ORDER BY year DESC, financial_item…
2026-05-27 17:53:45 | INFO     | query_engine                   | SQL: SELECT financial_item, year, value, units FROM financials WHERE company_id = 'SUN'   AND financial_category = 'P&L Consolidated'   AND is_active = TRUE…
2026-05-27 17:53:45 | INFO     | cost_structure | Running cost structure analysis …
2026-05-27 17:53:45 | INFO     | cost_structure | Cost structure analysis complete.
2026-05-27 17:53:45 | INFO     | query_engine                   | SQL: SELECT financial_item, financial_category, year, value, units FROM financials WHERE company_id = 'DRL' AND is_active = TRUE ORDER BY year DESC, financial_item…
2026-05-27 17:53:45 | INFO     | query_engine                   | SQL: SELECT financial_item, year, value, units FROM financials WHERE company_id = 'DRL'   AND financial_category = 'P&L Consolidated'   AND is_active = TRUE…
2026-05-27 17:53:45 | WARNING  | reshaper                       | No P&L data for DRL/P&L Consolidated
2026-05-27 17:53:57 | INFO     | query_engine                   | DuckDB views registered: financials, financials_latest, company_master, sector_mapping, audit_log
2026-05-27 17:53:57 | INFO     | query_engine                   | SQL:              SELECT c.company_id, c.company_name,                 MAX(CASE WHEN f.financial_item='Revenue from Operations' THEN f.value END) as revenue,                 MAX(CASE WHEN f.financial_item=…
2026-05-27 17:53:57 | INFO     | query_engine                   | SQL: SELECT financial_item, financial_category, year, value, units FROM financials WHERE company_id = 'SUN' AND is_active = TRUE ORDER BY year DESC, financial_item…
2026-05-27 17:53:58 | INFO     | query_engine                   | SQL: SELECT financial_item, year, value, units FROM financials WHERE company_id = 'SUN'   AND financial_category = 'P&L Consolidated'   AND is_active = TRUE…
2026-05-27 17:53:58 | INFO     | cost_structure | Running cost structure analysis …
2026-05-27 17:53:58 | INFO     | cost_structure | Cost structure analysis complete.
2026-05-27 17:53:58 | INFO     | query_engine                   | SQL: SELECT financial_item, financial_category, year, value, units FROM financials WHERE company_id = 'DRL' AND is_active = TRUE ORDER BY year DESC, financial_item…
2026-05-27 17:53:58 | INFO     | query_engine                   | SQL: SELECT financial_item, year, value, units FROM financials WHERE company_id = 'DRL'   AND financial_category = 'P&L Consolidated'   AND is_active = TRUE…
2026-05-27 17:53:58 | WARNING  | reshaper                       | No P&L data for DRL/P&L Consolidated
2026-05-27 18:34:44 | INFO     | query_engine                   | DuckDB views registered: financials, financials_latest, company_master, sector_mapping, audit_log
2026-05-27 18:34:44 | INFO     | query_engine                   | SQL: SELECT financial_item, financial_category, year, value, units FROM financials WHERE company_id = 'CIPLA' AND is_active = TRUE ORDER BY year DESC, financial_item…
2026-05-27 18:34:49 | INFO     | query_engine                   | DuckDB views registered: financials, financials_latest, company_master, sector_mapping, audit_log
2026-05-27 18:34:49 | INFO     | query_engine                   | SQL: SELECT financial_item, financial_category, year, value, units FROM financials WHERE company_id = 'SUN' AND is_active = TRUE ORDER BY year DESC, financial_item…
2026-05-27 18:34:58 | INFO     | query_engine                   | DuckDB views registered: financials, financials_latest, company_master, sector_mapping, audit_log
2026-05-27 18:34:59 | INFO     | warehouse                      | Ingested batch: {'ingestion_id': '4eb998fb-17c3-47b3-a689-371ddba90231', 'rows_loaded': 43, 'rows_revised': 43, 'rows_new': 0}
2026-05-27 18:34:59 | INFO     | query_engine                   | DuckDB views registered: financials, financials_latest, company_master, sector_mapping, audit_log
2026-05-27 18:34:59 | INFO     | query_engine                   | DuckDB views registered: financials, financials_latest, company_master, sector_mapping, audit_log
2026-05-27 18:34:59 | INFO     | query_engine                   | SQL: SELECT financial_item, year, value, units FROM financials WHERE company_id = 'SUN'   AND financial_category = 'P&L Consolidated'   AND is_active = TRUE…
2026-05-27 18:34:59 | INFO     | query_engine                   | SQL: SELECT financial_item, year, value, units FROM financials WHERE company_id = 'SUN'   AND financial_category = 'P&L Standalone'   AND is_active = TRUE…
2026-05-27 18:34:59 | INFO     | query_engine                   | SQL: SELECT financial_item, year, value, units FROM financials WHERE company_id = 'SUN'   AND financial_category = 'Altman Z'   AND financial_item IN ('Revenue from Operations','EBITDA','PAT','Total Assets…
2026-05-27 18:34:59 | INFO     | cost_structure | Running cost structure analysis …
2026-05-27 18:34:59 | INFO     | cost_structure | Cost structure analysis complete.
2026-05-27 18:34:59 | INFO     | bankruptcy | Running bankruptcy/Altman Z analysis …
2026-05-27 18:35:02 | INFO     | query_engine                   | DuckDB views registered: financials, financials_latest, company_master, sector_mapping, audit_log
2026-05-27 18:35:02 | INFO     | query_engine                   | SQL:              SELECT c.company_id, c.company_name,                 MAX(CASE WHEN f.financial_item='Revenue from Operations' THEN f.value END) as revenue,                 MAX(CASE WHEN f.financial_item=…
2026-05-27 18:35:02 | INFO     | query_engine                   | SQL: SELECT financial_item, financial_category, year, value, units FROM financials WHERE company_id = 'SUN' AND is_active = TRUE ORDER BY year DESC, financial_item…
2026-05-27 18:35:02 | INFO     | query_engine                   | SQL: SELECT financial_item, year, value, units FROM financials WHERE company_id = 'SUN'   AND financial_category = 'P&L Consolidated'   AND is_active = TRUE…
2026-05-27 18:35:02 | INFO     | cost_structure | Running cost structure analysis …
2026-05-27 18:35:03 | INFO     | cost_structure | Cost structure analysis complete.
2026-05-27 18:35:03 | INFO     | query_engine                   | SQL: SELECT financial_item, financial_category, year, value, units FROM financials WHERE company_id = 'DRL' AND is_active = TRUE ORDER BY year DESC, financial_item…
2026-05-27 18:35:03 | INFO     | query_engine                   | SQL: SELECT financial_item, year, value, units FROM financials WHERE company_id = 'DRL'   AND financial_category = 'P&L Consolidated'   AND is_active = TRUE…
2026-05-27 18:35:03 | WARNING  | reshaper                       | No P&L data for DRL/P&L Consolidated
2026-05-27 18:35:06 | INFO     | query_engine                   | DuckDB views registered: financials, financials_latest, company_master, sector_mapping, audit_log
2026-05-27 18:35:06 | INFO     | query_engine                   | SQL:              SELECT c.company_id, c.company_name,                 MAX(CASE WHEN f.financial_item='Revenue from Operations' THEN f.value END) as revenue,                 MAX(CASE WHEN f.financial_item=…
2026-05-27 18:35:06 | INFO     | query_engine                   | SQL: SELECT financial_item, financial_category, year, value, units FROM financials WHERE company_id = 'SUN' AND is_active = TRUE ORDER BY year DESC, financial_item…
2026-05-27 18:35:06 | INFO     | query_engine                   | SQL: SELECT financial_item, year, value, units FROM financials WHERE company_id = 'SUN'   AND financial_category = 'P&L Consolidated'   AND is_active = TRUE…
2026-05-27 18:35:06 | INFO     | cost_structure | Running cost structure analysis …
2026-05-27 18:35:06 | INFO     | cost_structure | Cost structure analysis complete.
2026-05-27 18:35:14 | INFO     | query_engine                   | DuckDB views registered: financials, financials_latest, company_master, sector_mapping, audit_log
2026-05-27 18:35:14 | INFO     | query_engine                   | SQL:              SELECT c.company_id, c.company_name,                 MAX(CASE WHEN f.financial_item='Revenue from Operations' THEN f.value END) as revenue,                 MAX(CASE WHEN f.financial_item=…
2026-05-27 18:35:14 | INFO     | query_engine                   | SQL: SELECT financial_item, financial_category, year, value, units FROM financials WHERE company_id = 'SUN' AND is_active = TRUE ORDER BY year DESC, financial_item…
2026-05-27 18:35:14 | INFO     | query_engine                   | SQL: SELECT financial_item, year, value, units FROM financials WHERE company_id = 'SUN'   AND financial_category = 'P&L Consolidated'   AND is_active = TRUE…
2026-05-27 18:35:14 | INFO     | cost_structure | Running cost structure analysis …
2026-05-27 18:35:14 | INFO     | cost_structure | Cost structure analysis complete.
2026-05-27 18:35:17 | INFO     | query_engine                   | DuckDB views registered: financials, financials_latest, company_master, sector_mapping, audit_log
2026-05-27 18:35:17 | INFO     | query_engine                   | SQL:              SELECT c.company_id, c.company_name,                 MAX(CASE WHEN f.financial_item='Revenue from Operations' THEN f.value END) as revenue,                 MAX(CASE WHEN f.financial_item=…
2026-05-27 18:35:18 | INFO     | query_engine                   | SQL: SELECT financial_item, financial_category, year, value, units FROM financials WHERE company_id = 'SUN' AND is_active = TRUE ORDER BY year DESC, financial_item…
2026-05-27 18:35:18 | INFO     | query_engine                   | SQL: SELECT financial_item, year, value, units FROM financials WHERE company_id = 'SUN'   AND financial_category = 'P&L Consolidated'   AND is_active = TRUE…
2026-05-27 18:35:18 | INFO     | cost_structure | Running cost structure analysis …
2026-05-27 18:35:18 | INFO     | cost_structure | Cost structure analysis complete.
2026-05-27 18:35:32 | INFO     | query_engine                   | DuckDB views registered: financials, financials_latest, company_master, sector_mapping, audit_log
2026-05-27 18:35:32 | INFO     | query_engine                   | SQL:              SELECT c.company_id, c.company_name,                 MAX(CASE WHEN f.financial_item='Revenue from Operations' THEN f.value END) as revenue,                 MAX(CASE WHEN f.financial_item=…
2026-05-27 18:35:32 | INFO     | query_engine                   | SQL: SELECT financial_item, financial_category, year, value, units FROM financials WHERE company_id = 'SUN' AND is_active = TRUE ORDER BY year DESC, financial_item…
2026-05-27 18:35:32 | INFO     | query_engine                   | SQL: SELECT financial_item, year, value, units FROM financials WHERE company_id = 'SUN'   AND financial_category = 'P&L Consolidated'   AND is_active = TRUE…
2026-05-27 18:35:32 | INFO     | cost_structure | Running cost structure analysis …
2026-05-27 18:35:33 | INFO     | cost_structure | Cost structure analysis complete.
2026-05-27 18:35:33 | INFO     | query_engine                   | SQL: SELECT financial_item, financial_category, year, value, units FROM financials WHERE company_id = 'DRL' AND is_active = TRUE ORDER BY year DESC, financial_item…
2026-05-27 18:35:33 | INFO     | query_engine                   | SQL: SELECT financial_item, year, value, units FROM financials WHERE company_id = 'DRL'   AND financial_category = 'P&L Consolidated'   AND is_active = TRUE…
2026-05-27 18:35:33 | WARNING  | reshaper                       | No P&L data for DRL/P&L Consolidated
2026-05-27 18:35:35 | INFO     | query_engine                   | DuckDB views registered: financials, financials_latest, company_master, sector_mapping, audit_log
2026-05-27 18:35:35 | INFO     | query_engine                   | SQL:              SELECT c.company_id, c.company_name,                 MAX(CASE WHEN f.financial_item='Revenue from Operations' THEN f.value END) as revenue,                 MAX(CASE WHEN f.financial_item=…
2026-05-27 18:35:35 | INFO     | query_engine                   | SQL: SELECT financial_item, financial_category, year, value, units FROM financials WHERE company_id = 'SUN' AND is_active = TRUE ORDER BY year DESC, financial_item…
2026-05-27 18:35:35 | INFO     | query_engine                   | SQL: SELECT financial_item, year, value, units FROM financials WHERE company_id = 'SUN'   AND financial_category = 'P&L Consolidated'   AND is_active = TRUE…
2026-05-27 18:35:35 | INFO     | cost_structure | Running cost structure analysis …
2026-05-27 18:35:36 | INFO     | cost_structure | Cost structure analysis complete.
2026-05-27 18:35:36 | INFO     | query_engine                   | SQL: SELECT financial_item, financial_category, year, value, units FROM financials WHERE company_id = 'DRL' AND is_active = TRUE ORDER BY year DESC, financial_item…
2026-05-27 18:35:36 | INFO     | query_engine                   | SQL: SELECT financial_item, year, value, units FROM financials WHERE company_id = 'DRL'   AND financial_category = 'P&L Consolidated'   AND is_active = TRUE…
2026-05-27 18:35:36 | WARNING  | reshaper                       | No P&L data for DRL/P&L Consolidated
2026-05-27 18:35:36 | INFO     | query_engine                   | DuckDB views registered: financials, financials_latest, company_master, sector_mapping, audit_log
2026-05-27 18:35:36 | INFO     | query_engine                   | SQL:              SELECT c.company_id, c.company_name,                 MAX(CASE WHEN f.financial_item='Revenue from Operations' THEN f.value END) as revenue,                 MAX(CASE WHEN f.financial_item=…
2026-05-27 18:35:36 | INFO     | query_engine                   | SQL: SELECT financial_item, financial_category, year, value, units FROM financials WHERE company_id = 'SUN' AND is_active = TRUE ORDER BY year DESC, financial_item…
2026-05-27 18:35:36 | INFO     | query_engine                   | SQL: SELECT financial_item, year, value, units FROM financials WHERE company_id = 'SUN'   AND financial_category = 'P&L Consolidated'   AND is_active = TRUE…
2026-05-27 18:35:36 | INFO     | cost_structure | Running cost structure analysis …
2026-05-27 18:35:37 | INFO     | cost_structure | Cost structure analysis complete.
2026-05-27 18:35:37 | INFO     | query_engine                   | SQL: SELECT financial_item, financial_category, year, value, units FROM financials WHERE company_id = 'DRL' AND is_active = TRUE ORDER BY year DESC, financial_item…
2026-05-27 18:35:37 | INFO     | query_engine                   | SQL: SELECT financial_item, year, value, units FROM financials WHERE company_id = 'DRL'   AND financial_category = 'P&L Consolidated'   AND is_active = TRUE…
2026-05-27 18:35:37 | WARNING  | reshaper                       | No P&L data for DRL/P&L Consolidated
2026-05-27 18:36:13 | INFO     | query_engine                   | DuckDB views registered: financials, financials_latest, company_master, sector_mapping, audit_log
2026-05-27 18:36:13 | INFO     | query_engine                   | SQL: SELECT financial_item, financial_category, year, value, units FROM financials WHERE company_id = 'DRL' AND is_active = TRUE ORDER BY year DESC, financial_item…
2026-05-27 18:36:17 | INFO     | query_engine                   | DuckDB views registered: financials, financials_latest, company_master, sector_mapping, audit_log
2026-05-27 18:36:17 | INFO     | query_engine                   | SQL:              SELECT c.company_id, c.company_name,                 MAX(CASE WHEN f.financial_item='Revenue from Operations' THEN f.value END) as revenue,                 MAX(CASE WHEN f.financial_item=…
2026-05-27 18:36:17 | INFO     | query_engine                   | SQL: SELECT financial_item, financial_category, year, value, units FROM financials WHERE company_id = 'SUN' AND is_active = TRUE ORDER BY year DESC, financial_item…
2026-05-27 18:36:17 | INFO     | query_engine                   | SQL: SELECT financial_item, year, value, units FROM financials WHERE company_id = 'SUN'   AND financial_category = 'P&L Consolidated'   AND is_active = TRUE…
2026-05-27 18:36:17 | INFO     | cost_structure | Running cost structure analysis …
2026-05-27 18:36:18 | INFO     | cost_structure | Cost structure analysis complete.
2026-05-27 18:36:18 | INFO     | query_engine                   | SQL: SELECT financial_item, financial_category, year, value, units FROM financials WHERE company_id = 'DRL' AND is_active = TRUE ORDER BY year DESC, financial_item…
2026-05-27 18:36:18 | INFO     | query_engine                   | SQL: SELECT financial_item, year, value, units FROM financials WHERE company_id = 'DRL'   AND financial_category = 'P&L Consolidated'   AND is_active = TRUE…
2026-05-27 18:36:18 | WARNING  | reshaper                       | No P&L data for DRL/P&L Consolidated
INFO:     Started server process [11948]
INFO:     Waiting for application startup.
INFO:     Application startup complete.
INFO:     Uvicorn running on http://127.0.0.1:8000 (Press CTRL+C to quit)
2026-05-27 18:46:18 | INFO     | query_engine                   | DuckDB views registered: financials, financials_latest, company_master, sector_mapping, audit_log
2026-05-27 18:46:18 | INFO     | normalizer                     | Loaded 27 canonical items, 93 total aliases
2026-05-27 18:46:18 | INFO     | query_engine                   | DuckDB views registered: financials, financials_latest, company_master, sector_mapping, audit_log
2026-05-27 18:46:18 | INFO     | query_engine                   | SQL: SELECT financial_item, financial_category, year, value, units FROM financials WHERE company_id = 'CIPLA' AND is_active = TRUE ORDER BY year DESC, financial_item…
2026-05-27 18:46:25 | INFO     | query_engine                   | DuckDB views registered: financials, financials_latest, company_master, sector_mapping, audit_log
2026-05-27 18:46:25 | INFO     | query_engine                   | SQL: SELECT financial_item, financial_category, year, value, units FROM financials WHERE company_id = 'SUN' AND is_active = TRUE ORDER BY year DESC, financial_item…
2026-05-27 18:46:31 | INFO     | query_engine                   | DuckDB views registered: financials, financials_latest, company_master, sector_mapping, audit_log
2026-05-27 18:46:31 | INFO     | query_engine                   | SQL: SELECT financial_item, financial_category, year, value, units FROM financials WHERE company_id = 'SUN' AND is_active = TRUE ORDER BY year DESC, financial_item…
2026-05-27 18:46:31 | INFO     | query_engine                   | SQL: SELECT financial_item, year, value, units FROM financials WHERE company_id = 'SUN'   AND financial_category = 'P&L Consolidated'   AND is_active = TRUE…
2026-05-27 18:46:31 | INFO     | cost_structure | Running cost structure analysis …
2026-05-27 18:46:31 | INFO     | cost_structure | Cost structure analysis complete.
2026-05-27 18:46:31 | INFO     | query_engine                   | DuckDB views registered: financials, financials_latest, company_master, sector_mapping, audit_log
2026-05-27 18:46:31 | INFO     | query_engine                   | SQL: SELECT financial_item, financial_category, year, value, units FROM financials WHERE company_id = 'SUN' AND is_active = TRUE ORDER BY year DESC, financial_item…
2026-05-27 18:46:50 | INFO     | query_engine                   | DuckDB views registered: financials, financials_latest, company_master, sector_mapping, audit_log
2026-05-27 18:46:50 | INFO     | query_engine                   | SQL: SELECT financial_item, year, value, units FROM financials WHERE company_id = 'SUN'   AND financial_category = 'P&L Consolidated'   AND is_active = TRUE…
2026-05-27 18:46:50 | INFO     | cost_structure | Running cost structure analysis …
2026-05-27 18:46:51 | INFO     | cost_structure | Cost structure analysis complete.
2026-05-27 18:46:51 | INFO     | query_engine                   | DuckDB views registered: financials, financials_latest, company_master, sector_mapping, audit_log
2026-05-27 18:46:51 | INFO     | query_engine                   | SQL: SELECT financial_item, financial_category, year, value, units FROM financials WHERE company_id = 'SUN' AND is_active = TRUE ORDER BY year DESC, financial_item…
2026-05-27 18:46:51 | INFO     | query_engine                   | SQL: SELECT financial_item, year, value, units FROM financials WHERE company_id = 'SUN'   AND financial_category = 'P&L Consolidated'   AND is_active = TRUE…
2026-05-27 18:46:51 | INFO     | cost_structure | Running cost structure analysis …
2026-05-27 18:46:51 | INFO     | cost_structure | Cost structure analysis complete.
2026-05-27 18:46:51 | INFO     | query_engine                   | DuckDB views registered: financials, financials_latest, company_master, sector_mapping, audit_log
2026-05-27 18:46:51 | INFO     | query_engine                   | SQL:              SELECT c.company_id, c.company_name,                 MAX(CASE WHEN f.financial_item='Revenue from Operations' THEN f.value END) as revenue,                 MAX(CASE WHEN f.financial_item=…
2026-05-27 18:46:51 | INFO     | query_engine                   | SQL: SELECT financial_item, financial_category, year, value, units FROM financials WHERE company_id = 'SUN' AND is_active = TRUE ORDER BY year DESC, financial_item…
2026-05-27 18:46:52 | INFO     | query_engine                   | SQL: SELECT financial_item, year, value, units FROM financials WHERE company_id = 'SUN'   AND financial_category = 'P&L Consolidated'   AND is_active = TRUE…
2026-05-27 18:46:52 | INFO     | cost_structure | Running cost structure analysis …
2026-05-27 18:46:52 | INFO     | cost_structure | Cost structure analysis complete.
2026-05-27 18:46:52 | INFO     | query_engine                   | SQL: SELECT financial_item, financial_category, year, value, units FROM financials WHERE company_id = 'DRL' AND is_active = TRUE ORDER BY year DESC, financial_item…
2026-05-27 18:46:52 | INFO     | query_engine                   | SQL: SELECT financial_item, year, value, units FROM financials WHERE company_id = 'DRL'   AND financial_category = 'P&L Consolidated'   AND is_active = TRUE…
2026-05-27 18:46:52 | WARNING  | reshaper                       | No P&L data for DRL/P&L Consolidated
2026-05-27 18:47:05 | INFO     | query_engine                   | DuckDB views registered: financials, financials_latest, company_master, sector_mapping, audit_log
2026-05-27 18:47:05 | INFO     | query_engine                   | SQL: SELECT financial_item, year, value, units FROM financials WHERE company_id = 'SUN'   AND financial_category = 'P&L Consolidated'   AND is_active = TRUE…
2026-05-27 18:47:05 | INFO     | cost_structure | Running cost structure analysis …
2026-05-27 18:47:06 | INFO     | cost_structure | Cost structure analysis complete.
2026-05-27 18:47:06 | INFO     | query_engine                   | DuckDB views registered: financials, financials_latest, company_master, sector_mapping, audit_log
2026-05-27 18:47:06 | INFO     | query_engine                   | SQL: SELECT financial_item, financial_category, year, value, units FROM financials WHERE company_id = 'SUN' AND is_active = TRUE ORDER BY year DESC, financial_item…
2026-05-27 18:47:06 | INFO     | query_engine                   | SQL: SELECT financial_item, year, value, units FROM financials WHERE company_id = 'SUN'   AND financial_category = 'P&L Consolidated'   AND is_active = TRUE…
2026-05-27 18:47:06 | INFO     | cost_structure | Running cost structure analysis …
2026-05-27 18:47:06 | INFO     | cost_structure | Cost structure analysis complete.
2026-05-27 18:47:07 | INFO     | query_engine                   | DuckDB views registered: financials, financials_latest, company_master, sector_mapping, audit_log
2026-05-27 18:47:07 | INFO     | query_engine                   | SQL:              SELECT c.company_id, c.company_name,                 MAX(CASE WHEN f.financial_item='Revenue from Operations' THEN f.value END) as revenue,                 MAX(CASE WHEN f.financial_item=…
2026-05-27 18:47:07 | INFO     | query_engine                   | SQL: SELECT financial_item, financial_category, year, value, units FROM financials WHERE company_id = 'SUN' AND is_active = TRUE ORDER BY year DESC, financial_item…
2026-05-27 18:47:07 | INFO     | query_engine                   | SQL: SELECT financial_item, year, value, units FROM financials WHERE company_id = 'SUN'   AND financial_category = 'P&L Consolidated'   AND is_active = TRUE…
2026-05-27 18:47:07 | INFO     | cost_structure | Running cost structure analysis …
2026-05-27 18:47:07 | INFO     | cost_structure | Cost structure analysis complete.
2026-05-27 18:47:07 | INFO     | query_engine                   | SQL: SELECT financial_item, financial_category, year, value, units FROM financials WHERE company_id = 'DRL' AND is_active = TRUE ORDER BY year DESC, financial_item…
2026-05-27 18:47:07 | INFO     | query_engine                   | SQL: SELECT financial_item, year, value, units FROM financials WHERE company_id = 'DRL'   AND financial_category = 'P&L Consolidated'   AND is_active = TRUE…
2026-05-27 18:47:07 | WARNING  | reshaper                       | No P&L data for DRL/P&L Consolidated
2026-05-27 18:47:27 | INFO     | query_engine                   | DuckDB views registered: financials, financials_latest, company_master, sector_mapping, audit_log
2026-05-27 18:47:27 | INFO     | query_engine                   | SQL: SELECT financial_item, year, value, units FROM financials WHERE company_id = 'SUN'   AND financial_category = 'P&L Consolidated'   AND is_active = TRUE…
2026-05-27 18:47:27 | INFO     | cost_structure | Running cost structure analysis …
2026-05-27 18:47:28 | INFO     | cost_structure | Cost structure analysis complete.
2026-05-27 18:47:28 | INFO     | query_engine                   | SQL: SELECT financial_item, year, value, units FROM financials WHERE company_id = 'DRL'   AND financial_category = 'P&L Consolidated'   AND is_active = TRUE…
2026-05-27 18:47:28 | WARNING  | reshaper                       | No P&L data for DRL/P&L Consolidated
2026-05-27 18:47:28 | INFO     | query_engine                   | SQL: SELECT financial_item, year, value, units FROM financials WHERE company_id = 'DRL'   AND financial_category = 'P&L'   AND is_active = TRUE…
2026-05-27 18:47:28 | INFO     | cost_structure | Running cost structure analysis …
2026-05-27 18:47:28 | INFO     | cost_structure | Cost structure analysis complete.
2026-05-27 18:47:28 | INFO     | query_engine                   | DuckDB views registered: financials, financials_latest, company_master, sector_mapping, audit_log
2026-05-27 18:47:28 | INFO     | query_engine                   | SQL: SELECT financial_item, financial_category, year, value, units FROM financials WHERE company_id = 'SUN' AND is_active = TRUE ORDER BY year DESC, financial_item…
2026-05-27 18:47:28 | INFO     | query_engine                   | SQL: SELECT financial_item, year, value, units FROM financials WHERE company_id = 'SUN'   AND financial_category = 'P&L Consolidated'   AND is_active = TRUE…
2026-05-27 18:47:28 | INFO     | cost_structure | Running cost structure analysis …
2026-05-27 18:47:29 | INFO     | cost_structure | Cost structure analysis complete.
2026-05-27 18:47:29 | INFO     | query_engine                   | SQL: SELECT financial_item, financial_category, year, value, units FROM financials WHERE company_id = 'DRL' AND is_active = TRUE ORDER BY year DESC, financial_item…
2026-05-27 18:47:29 | INFO     | query_engine                   | SQL: SELECT financial_item, year, value, units FROM financials WHERE company_id = 'DRL'   AND financial_category = 'P&L Consolidated'   AND is_active = TRUE…
2026-05-27 18:47:29 | WARNING  | reshaper                       | No P&L data for DRL/P&L Consolidated
2026-05-27 18:47:29 | INFO     | query_engine                   | DuckDB views registered: financials, financials_latest, company_master, sector_mapping, audit_log
2026-05-27 18:47:29 | INFO     | query_engine                   | SQL:              SELECT c.company_id, c.company_name,                 MAX(CASE WHEN f.financial_item='Revenue from Operations' THEN f.value END) as revenue,                 MAX(CASE WHEN f.financial_item=…
2026-05-27 18:47:29 | INFO     | query_engine                   | SQL: SELECT financial_item, financial_category, year, value, units FROM financials WHERE company_id = 'SUN' AND is_active = TRUE ORDER BY year DESC, financial_item…
2026-05-27 18:47:29 | INFO     | query_engine                   | SQL: SELECT financial_item, year, value, units FROM financials WHERE company_id = 'SUN'   AND financial_category = 'P&L Consolidated'   AND is_active = TRUE…
2026-05-27 18:47:29 | INFO     | cost_structure | Running cost structure analysis …
2026-05-27 18:47:30 | INFO     | cost_structure | Cost structure analysis complete.
2026-05-27 18:47:30 | INFO     | query_engine                   | SQL: SELECT financial_item, financial_category, year, value, units FROM financials WHERE company_id = 'DRL' AND is_active = TRUE ORDER BY year DESC, financial_item…
2026-05-27 18:47:30 | INFO     | query_engine                   | SQL: SELECT financial_item, year, value, units FROM financials WHERE company_id = 'DRL'   AND financial_category = 'P&L Consolidated'   AND is_active = TRUE…
2026-05-27 18:47:30 | WARNING  | reshaper                       | No P&L data for DRL/P&L Consolidated
2026-05-27 18:47:43 | INFO     | query_engine                   | DuckDB views registered: financials, financials_latest, company_master, sector_mapping, audit_log
2026-05-27 18:47:43 | INFO     | query_engine                   | SQL: SELECT financial_item, financial_category, year, value, units FROM financials WHERE company_id = 'SUN' AND is_active = TRUE ORDER BY year DESC, financial_item…
2026-05-27 18:47:43 | INFO     | query_engine                   | SQL: SELECT financial_item, year, value, units FROM financials WHERE company_id = 'SUN'   AND financial_category = 'P&L Consolidated'   AND is_active = TRUE…
2026-05-27 18:47:43 | INFO     | cost_structure | Running cost structure analysis …
2026-05-27 18:47:43 | INFO     | cost_structure | Cost structure analysis complete.
2026-05-27 18:47:43 | INFO     | query_engine                   | DuckDB views registered: financials, financials_latest, company_master, sector_mapping, audit_log
2026-05-27 18:47:43 | INFO     | query_engine                   | SQL: SELECT financial_item, financial_category, year, value, units FROM financials WHERE company_id = 'SUN' AND is_active = TRUE ORDER BY year DESC, financial_item…
2026-05-27 18:47:45 | INFO     | query_engine                   | DuckDB views registered: financials, financials_latest, company_master, sector_mapping, audit_log
2026-05-27 18:47:45 | INFO     | query_engine                   | SQL: SELECT financial_item, financial_category, year, value, units FROM financials WHERE company_id = 'SUN' AND is_active = TRUE ORDER BY year DESC, financial_item…
2026-05-27 18:48:06 | INFO     | query_engine                   | DuckDB views registered: financials, financials_latest, company_master, sector_mapping, audit_log
2026-05-27 18:48:06 | INFO     | warehouse                      | Deactivated 16 rows for SUN/FY19
2026-05-27 18:48:06 | INFO     | query_engine                   | DuckDB views registered: financials, financials_latest, company_master, sector_mapping, audit_log
2026-05-27 18:48:09 | INFO     | query_engine                   | DuckDB views registered: financials, financials_latest, company_master, sector_mapping, audit_log
2026-05-27 18:48:09 | INFO     | warehouse                      | Ingested batch: {'ingestion_id': 'f9cba1dc-e221-4f97-931d-e6ba7e5efd43', 'rows_loaded': 43, 'rows_revised': 43, 'rows_new': 0}
2026-05-27 18:48:09 | INFO     | query_engine                   | DuckDB views registered: financials, financials_latest, company_master, sector_mapping, audit_log
2026-05-27 18:48:09 | INFO     | query_engine                   | DuckDB views registered: financials, financials_latest, company_master, sector_mapping, audit_log
2026-05-27 18:48:09 | INFO     | query_engine                   | SQL: SELECT financial_item, year, value, units FROM financials WHERE company_id = 'SUN'   AND financial_category = 'P&L Consolidated'   AND is_active = TRUE…
2026-05-27 18:48:09 | INFO     | query_engine                   | SQL: SELECT financial_item, year, value, units FROM financials WHERE company_id = 'SUN'   AND financial_category = 'P&L Standalone'   AND is_active = TRUE…
2026-05-27 18:48:09 | INFO     | query_engine                   | SQL: SELECT financial_item, year, value, units FROM financials WHERE company_id = 'SUN'   AND financial_category = 'Altman Z'   AND financial_item IN ('Revenue from Operations','EBITDA','PAT','Total Assets…
2026-05-27 18:48:09 | INFO     | cost_structure | Running cost structure analysis …
2026-05-27 18:48:10 | INFO     | cost_structure | Cost structure analysis complete.
2026-05-27 18:48:10 | INFO     | bankruptcy | Running bankruptcy/Altman Z analysis …
2026-05-27 18:48:12 | INFO     | query_engine                   | DuckDB views registered: financials, financials_latest, company_master, sector_mapping, audit_log
2026-05-27 18:48:12 | INFO     | query_engine                   | SQL: SELECT financial_item, financial_category, year, value, units FROM financials WHERE company_id = 'SUN' AND is_active = TRUE ORDER BY year DESC, financial_item…
2026-05-27 18:48:12 | INFO     | query_engine                   | SQL: SELECT financial_item, year, value, units FROM financials WHERE company_id = 'SUN'   AND financial_category = 'P&L Consolidated'   AND is_active = TRUE…
2026-05-27 18:48:12 | INFO     | cost_structure | Running cost structure analysis …
2026-05-27 18:48:13 | INFO     | cost_structure | Cost structure analysis complete.
2026-05-27 18:48:13 | INFO     | query_engine                   | DuckDB views registered: financials, financials_latest, company_master, sector_mapping, audit_log
2026-05-27 18:48:13 | INFO     | query_engine                   | SQL: SELECT financial_item, financial_category, year, value, units FROM financials WHERE company_id = 'SUN' AND is_active = TRUE ORDER BY year DESC, financial_item…
2026-05-27 18:48:24 | INFO     | query_engine                   | DuckDB views registered: financials, financials_latest, company_master, sector_mapping, audit_log
2026-05-27 18:48:24 | INFO     | query_engine                   | SQL: SELECT financial_item, year, value, units FROM financials WHERE company_id = 'CIPLA'   AND financial_category = 'P&L Consolidated'   AND is_active = TRUE…
2026-05-27 18:48:24 | WARNING  | reshaper                       | No P&L data for CIPLA/P&L Consolidated
2026-05-27 18:48:24 | INFO     | query_engine                   | SQL: SELECT financial_item, year, value, units FROM financials WHERE company_id = 'CIPLA'   AND financial_category = 'P&L'   AND is_active = TRUE…
2026-05-27 18:48:24 | WARNING  | reshaper                       | No P&L data for CIPLA/P&L
2026-05-27 18:48:24 | INFO     | query_engine                   | SQL: SELECT financial_item, year, value, units FROM financials WHERE company_id = 'DRL'   AND financial_category = 'P&L Consolidated'   AND is_active = TRUE…
2026-05-27 18:48:24 | WARNING  | reshaper                       | No P&L data for DRL/P&L Consolidated
2026-05-27 18:48:24 | INFO     | query_engine                   | SQL: SELECT financial_item, year, value, units FROM financials WHERE company_id = 'DRL'   AND financial_category = 'P&L'   AND is_active = TRUE…
2026-05-27 18:48:24 | INFO     | cost_structure | Running cost structure analysis …
2026-05-27 18:48:24 | INFO     | cost_structure | Cost structure analysis complete.
2026-05-27 18:48:24 | INFO     | query_engine                   | SQL: SELECT financial_item, year, value, units FROM financials WHERE company_id = 'LUPIN'   AND financial_category = 'P&L Consolidated'   AND is_active = TRUE…
2026-05-27 18:48:24 | WARNING  | reshaper                       | No P&L data for LUPIN/P&L Consolidated
2026-05-27 18:48:24 | INFO     | query_engine                   | SQL: SELECT financial_item, year, value, units FROM financials WHERE company_id = 'LUPIN'   AND financial_category = 'P&L'   AND is_active = TRUE…
2026-05-27 18:48:24 | WARNING  | reshaper                       | No P&L data for LUPIN/P&L
2026-05-27 18:48:24 | INFO     | query_engine                   | SQL: SELECT financial_item, year, value, units FROM financials WHERE company_id = 'SUN'   AND financial_category = 'P&L Consolidated'   AND is_active = TRUE…
2026-05-27 18:48:24 | INFO     | cost_structure | Running cost structure analysis …
2026-05-27 18:48:25 | INFO     | cost_structure | Cost structure analysis complete.
2026-05-27 18:48:25 | INFO     | query_engine                   | DuckDB views registered: financials, financials_latest, company_master, sector_mapping, audit_log
2026-05-27 18:48:25 | INFO     | query_engine                   | SQL: SELECT financial_item, financial_category, year, value, units FROM financials WHERE company_id = 'CIPLA' AND is_active = TRUE ORDER BY year DESC, financial_item…
2026-05-27 18:48:25 | INFO     | query_engine                   | SQL: SELECT financial_item, financial_category, year, value, units FROM financials WHERE company_id = 'DRL' AND is_active = TRUE ORDER BY year DESC, financial_item…
2026-05-27 18:48:25 | INFO     | query_engine                   | SQL: SELECT financial_item, year, value, units FROM financials WHERE company_id = 'DRL'   AND financial_category = 'P&L Consolidated'   AND is_active = TRUE…
2026-05-27 18:48:25 | WARNING  | reshaper                       | No P&L data for DRL/P&L Consolidated
2026-05-27 18:48:25 | INFO     | query_engine                   | SQL: SELECT financial_item, financial_category, year, value, units FROM financials WHERE company_id = 'LUPIN' AND is_active = TRUE ORDER BY year DESC, financial_item…
2026-05-27 18:48:25 | INFO     | query_engine                   | SQL: SELECT financial_item, financial_category, year, value, units FROM financials WHERE company_id = 'SUN' AND is_active = TRUE ORDER BY year DESC, financial_item…
2026-05-27 18:48:25 | INFO     | query_engine                   | SQL: SELECT financial_item, year, value, units FROM financials WHERE company_id = 'SUN'   AND financial_category = 'P&L Consolidated'   AND is_active = TRUE…
2026-05-27 18:48:25 | INFO     | cost_structure | Running cost structure analysis …
2026-05-27 18:48:25 | INFO     | cost_structure | Cost structure analysis complete.
2026-05-27 18:48:25 | INFO     | query_engine                   | DuckDB views registered: financials, financials_latest, company_master, sector_mapping, audit_log
2026-05-27 18:48:25 | INFO     | query_engine                   | SQL:              SELECT c.company_id, c.company_name,                 MAX(CASE WHEN f.financial_item='Revenue from Operations' THEN f.value END) as revenue,                 MAX(CASE WHEN f.financial_item=…
2026-05-27 18:48:26 | INFO     | query_engine                   | SQL: SELECT financial_item, financial_category, year, value, units FROM financials WHERE company_id = 'SUN' AND is_active = TRUE ORDER BY year DESC, financial_item…
2026-05-27 18:48:26 | INFO     | query_engine                   | SQL: SELECT financial_item, year, value, units FROM financials WHERE company_id = 'SUN'   AND financial_category = 'P&L Consolidated'   AND is_active = TRUE…
2026-05-27 18:48:26 | INFO     | cost_structure | Running cost structure analysis …
2026-05-27 18:48:26 | INFO     | cost_structure | Cost structure analysis complete.
2026-05-27 18:48:26 | INFO     | query_engine                   | SQL: SELECT financial_item, financial_category, year, value, units FROM financials WHERE company_id = 'DRL' AND is_active = TRUE ORDER BY year DESC, financial_item…
2026-05-27 18:48:26 | INFO     | query_engine                   | SQL: SELECT financial_item, year, value, units FROM financials WHERE company_id = 'DRL'   AND financial_category = 'P&L Consolidated'   AND is_active = TRUE…
2026-05-27 18:48:26 | WARNING  | reshaper                       | No P&L data for DRL/P&L Consolidated
2026-05-27 18:48:58 | INFO     | query_engine                   | DuckDB views registered: financials, financials_latest, company_master, sector_mapping, audit_log
2026-05-27 18:48:58 | INFO     | query_engine                   | SQL: SELECT financial_item, financial_category, year, value, units FROM financials WHERE company_id = 'SUN' AND is_active = TRUE ORDER BY year DESC, financial_item…
2026-05-27 18:48:59 | INFO     | query_engine                   | SQL: SELECT financial_item, year, value, units FROM financials WHERE company_id = 'SUN'   AND financial_category = 'P&L Consolidated'   AND is_active = TRUE…
2026-05-27 18:48:59 | INFO     | cost_structure | Running cost structure analysis …
2026-05-27 18:48:59 | INFO     | cost_structure | Cost structure analysis complete.
2026-05-27 18:49:12 | INFO     | query_engine                   | DuckDB views registered: financials, financials_latest, company_master, sector_mapping, audit_log
2026-05-27 18:49:12 | INFO     | query_engine                   | SQL: SELECT financial_item, year, value, units FROM financials WHERE company_id = 'CIPLA'   AND financial_category = 'P&L Consolidated'   AND is_active = TRUE…
2026-05-27 18:49:12 | WARNING  | reshaper                       | No P&L data for CIPLA/P&L Consolidated
2026-05-27 18:49:12 | INFO     | query_engine                   | SQL: SELECT financial_item, year, value, units FROM financials WHERE company_id = 'CIPLA'   AND financial_category = 'P&L'   AND is_active = TRUE…
2026-05-27 18:49:12 | WARNING  | reshaper                       | No P&L data for CIPLA/P&L
2026-05-27 18:49:12 | INFO     | query_engine                   | SQL: SELECT financial_item, year, value, units FROM financials WHERE company_id = 'DRL'   AND financial_category = 'P&L Consolidated'   AND is_active = TRUE…
2026-05-27 18:49:12 | WARNING  | reshaper                       | No P&L data for DRL/P&L Consolidated
2026-05-27 18:49:12 | INFO     | query_engine                   | SQL: SELECT financial_item, year, value, units FROM financials WHERE company_id = 'DRL'   AND financial_category = 'P&L'   AND is_active = TRUE…
2026-05-27 18:49:12 | INFO     | cost_structure | Running cost structure analysis …
2026-05-27 18:49:13 | INFO     | cost_structure | Cost structure analysis complete.
2026-05-27 18:49:13 | INFO     | query_engine                   | SQL: SELECT financial_item, year, value, units FROM financials WHERE company_id = 'LUPIN'   AND financial_category = 'P&L Consolidated'   AND is_active = TRUE…
2026-05-27 18:49:13 | WARNING  | reshaper                       | No P&L data for LUPIN/P&L Consolidated
2026-05-27 18:49:13 | INFO     | query_engine                   | SQL: SELECT financial_item, year, value, units FROM financials WHERE company_id = 'LUPIN'   AND financial_category = 'P&L'   AND is_active = TRUE…
2026-05-27 18:49:13 | WARNING  | reshaper                       | No P&L data for LUPIN/P&L
2026-05-27 18:49:13 | INFO     | query_engine                   | SQL: SELECT financial_item, year, value, units FROM financials WHERE company_id = 'SUN'   AND financial_category = 'P&L Consolidated'   AND is_active = TRUE…
2026-05-27 18:49:13 | INFO     | cost_structure | Running cost structure analysis …
2026-05-27 18:49:13 | INFO     | cost_structure | Cost structure analysis complete.
2026-05-27 18:49:13 | INFO     | query_engine                   | DuckDB views registered: financials, financials_latest, company_master, sector_mapping, audit_log
2026-05-27 18:49:13 | INFO     | query_engine                   | SQL: SELECT financial_item, financial_category, year, value, units FROM financials WHERE company_id = 'CIPLA' AND is_active = TRUE ORDER BY year DESC, financial_item…
2026-05-27 18:49:13 | INFO     | query_engine                   | SQL: SELECT financial_item, financial_category, year, value, units FROM financials WHERE company_id = 'DRL' AND is_active = TRUE ORDER BY year DESC, financial_item…
2026-05-27 18:49:13 | INFO     | query_engine                   | SQL: SELECT financial_item, year, value, units FROM financials WHERE company_id = 'DRL'   AND financial_category = 'P&L Consolidated'   AND is_active = TRUE…
2026-05-27 18:49:13 | WARNING  | reshaper                       | No P&L data for DRL/P&L Consolidated
2026-05-27 18:49:13 | INFO     | query_engine                   | SQL: SELECT financial_item, financial_category, year, value, units FROM financials WHERE company_id = 'LUPIN' AND is_active = TRUE ORDER BY year DESC, financial_item…
2026-05-27 18:49:13 | INFO     | query_engine                   | SQL: SELECT financial_item, financial_category, year, value, units FROM financials WHERE company_id = 'SUN' AND is_active = TRUE ORDER BY year DESC, financial_item…
2026-05-27 18:49:13 | INFO     | query_engine                   | SQL: SELECT financial_item, year, value, units FROM financials WHERE company_id = 'SUN'   AND financial_category = 'P&L Consolidated'   AND is_active = TRUE…
2026-05-27 18:49:13 | INFO     | cost_structure | Running cost structure analysis …
2026-05-27 18:49:14 | INFO     | cost_structure | Cost structure analysis complete.
2026-05-27 18:49:14 | INFO     | query_engine                   | DuckDB views registered: financials, financials_latest, company_master, sector_mapping, audit_log
2026-05-27 18:49:14 | INFO     | query_engine                   | SQL:              SELECT c.company_id, c.company_name,                 MAX(CASE WHEN f.financial_item='Revenue from Operations' THEN f.value END) as revenue,                 MAX(CASE WHEN f.financial_item=…
2026-05-27 18:49:14 | INFO     | query_engine                   | SQL: SELECT financial_item, financial_category, year, value, units FROM financials WHERE company_id = 'SUN' AND is_active = TRUE ORDER BY year DESC, financial_item…
2026-05-27 18:49:14 | INFO     | query_engine                   | SQL: SELECT financial_item, year, value, units FROM financials WHERE company_id = 'SUN'   AND financial_category = 'P&L Consolidated'   AND is_active = TRUE…
2026-05-27 18:49:14 | INFO     | cost_structure | Running cost structure analysis …
2026-05-27 18:49:15 | INFO     | cost_structure | Cost structure analysis complete.
2026-05-27 18:49:15 | INFO     | query_engine                   | SQL: SELECT financial_item, financial_category, year, value, units FROM financials WHERE company_id = 'DRL' AND is_active = TRUE ORDER BY year DESC, financial_item…
2026-05-27 18:49:15 | INFO     | query_engine                   | SQL: SELECT financial_item, year, value, units FROM financials WHERE company_id = 'DRL'   AND financial_category = 'P&L Consolidated'   AND is_active = TRUE…
2026-05-27 18:49:15 | WARNING  | reshaper                       | No P&L data for DRL/P&L Consolidated
2026-05-27 18:49:59 | INFO     | query_engine                   | DuckDB views registered: financials, financials_latest, company_master, sector_mapping, audit_log
2026-05-27 18:49:59 | INFO     | query_engine                   | SQL: SELECT financial_item, financial_category, year, value, units FROM financials WHERE company_id = 'SUN' AND is_active = TRUE ORDER BY year DESC, financial_item…
2026-05-27 18:49:59 | INFO     | query_engine                   | SQL: SELECT financial_item, year, value, units FROM financials WHERE company_id = 'SUN'   AND financial_category = 'P&L Consolidated'   AND is_active = TRUE…
2026-05-27 18:49:59 | INFO     | cost_structure | Running cost structure analysis …
2026-05-27 18:50:00 | INFO     | cost_structure | Cost structure analysis complete.
2026-05-27 18:50:00 | INFO     | query_engine                   | DuckDB views registered: financials, financials_latest, company_master, sector_mapping, audit_log
2026-05-27 18:50:00 | INFO     | query_engine                   | SQL: SELECT financial_item, financial_category, year, value, units FROM financials WHERE company_id = 'SUN' AND is_active = TRUE ORDER BY year DESC, financial_item…
2026-05-27 18:50:29 | INFO     | query_engine                   | DuckDB views registered: financials, financials_latest, company_master, sector_mapping, audit_log
2026-05-27 18:50:29 | INFO     | query_engine                   | SQL: SELECT financial_item, financial_category, year, value, units FROM financials WHERE company_id = 'SUN' AND is_active = TRUE ORDER BY year DESC, financial_item…
2026-05-27 18:50:29 | INFO     | query_engine                   | SQL: SELECT financial_item, year, value, units FROM financials WHERE company_id = 'SUN'   AND financial_category = 'P&L Consolidated'   AND is_active = TRUE…
2026-05-27 18:50:29 | INFO     | cost_structure | Running cost structure analysis …
2026-05-27 18:50:30 | INFO     | cost_structure | Cost structure analysis complete.
2026-05-27 18:50:30 | INFO     | query_engine                   | DuckDB views registered: financials, financials_latest, company_master, sector_mapping, audit_log
2026-05-27 18:50:30 | INFO     | query_engine                   | SQL: SELECT financial_item, financial_category, year, value, units FROM financials WHERE company_id = 'SUN' AND is_active = TRUE ORDER BY year DESC, financial_item…
2026-05-27 18:52:49 | INFO     | query_engine                   | DuckDB views registered: financials, financials_latest, company_master, sector_mapping, audit_log
2026-05-27 18:52:49 | INFO     | query_engine                   | SQL: SELECT financial_item, year, value, units FROM financials WHERE company_id = 'CIPLA'   AND financial_category = 'P&L Consolidated'   AND is_active = TRUE…
2026-05-27 18:52:49 | WARNING  | reshaper                       | No P&L data for CIPLA/P&L Consolidated
2026-05-27 18:52:49 | INFO     | query_engine                   | SQL: SELECT financial_item, year, value, units FROM financials WHERE company_id = 'CIPLA'   AND financial_category = 'P&L'   AND is_active = TRUE…
2026-05-27 18:52:49 | WARNING  | reshaper                       | No P&L data for CIPLA/P&L
2026-05-27 18:52:49 | INFO     | query_engine                   | SQL: SELECT financial_item, year, value, units FROM financials WHERE company_id = 'DRL'   AND financial_category = 'P&L Consolidated'   AND is_active = TRUE…
2026-05-27 18:52:49 | WARNING  | reshaper                       | No P&L data for DRL/P&L Consolidated
2026-05-27 18:52:49 | INFO     | query_engine                   | SQL: SELECT financial_item, year, value, units FROM financials WHERE company_id = 'DRL'   AND financial_category = 'P&L'   AND is_active = TRUE…
2026-05-27 18:52:49 | INFO     | cost_structure | Running cost structure analysis …
2026-05-27 18:52:49 | INFO     | cost_structure | Cost structure analysis complete.
2026-05-27 18:52:49 | INFO     | query_engine                   | SQL: SELECT financial_item, year, value, units FROM financials WHERE company_id = 'LUPIN'   AND financial_category = 'P&L Consolidated'   AND is_active = TRUE…
2026-05-27 18:52:49 | WARNING  | reshaper                       | No P&L data for LUPIN/P&L Consolidated
2026-05-27 18:52:49 | INFO     | query_engine                   | SQL: SELECT financial_item, year, value, units FROM financials WHERE company_id = 'LUPIN'   AND financial_category = 'P&L'   AND is_active = TRUE…
2026-05-27 18:52:49 | WARNING  | reshaper                       | No P&L data for LUPIN/P&L
2026-05-27 18:52:49 | INFO     | query_engine                   | SQL: SELECT financial_item, year, value, units FROM financials WHERE company_id = 'SUN'   AND financial_category = 'P&L Consolidated'   AND is_active = TRUE…
2026-05-27 18:52:49 | INFO     | cost_structure | Running cost structure analysis …
2026-05-27 18:52:50 | INFO     | cost_structure | Cost structure analysis complete.
2026-05-27 18:52:50 | INFO     | query_engine                   | DuckDB views registered: financials, financials_latest, company_master, sector_mapping, audit_log
2026-05-27 18:52:50 | INFO     | query_engine                   | SQL: SELECT financial_item, financial_category, year, value, units FROM financials WHERE company_id = 'CIPLA' AND is_active = TRUE ORDER BY year DESC, financial_item…
2026-05-27 18:52:50 | INFO     | query_engine                   | SQL: SELECT financial_item, financial_category, year, value, units FROM financials WHERE company_id = 'DRL' AND is_active = TRUE ORDER BY year DESC, financial_item…
2026-05-27 18:52:50 | INFO     | query_engine                   | SQL: SELECT financial_item, year, value, units FROM financials WHERE company_id = 'DRL'   AND financial_category = 'P&L Consolidated'   AND is_active = TRUE…
2026-05-27 18:52:50 | WARNING  | reshaper                       | No P&L data for DRL/P&L Consolidated
2026-05-27 18:52:50 | INFO     | query_engine                   | SQL: SELECT financial_item, financial_category, year, value, units FROM financials WHERE company_id = 'LUPIN' AND is_active = TRUE ORDER BY year DESC, financial_item…
2026-05-27 18:52:50 | INFO     | query_engine                   | SQL: SELECT financial_item, financial_category, year, value, units FROM financials WHERE company_id = 'SUN' AND is_active = TRUE ORDER BY year DESC, financial_item…
2026-05-27 18:52:50 | INFO     | query_engine                   | SQL: SELECT financial_item, year, value, units FROM financials WHERE company_id = 'SUN'   AND financial_category = 'P&L Consolidated'   AND is_active = TRUE…
2026-05-27 18:52:50 | INFO     | cost_structure | Running cost structure analysis …
2026-05-27 18:52:50 | INFO     | cost_structure | Cost structure analysis complete.
2026-05-27 18:52:50 | INFO     | query_engine                   | DuckDB views registered: financials, financials_latest, company_master, sector_mapping, audit_log
2026-05-27 18:52:50 | INFO     | query_engine                   | SQL:              SELECT c.company_id, c.company_name,                 MAX(CASE WHEN f.financial_item='Revenue from Operations' THEN f.value END) as revenue,                 MAX(CASE WHEN f.financial_item=…
2026-05-27 18:52:50 | INFO     | query_engine                   | SQL: SELECT financial_item, financial_category, year, value, units FROM financials WHERE company_id = 'SUN' AND is_active = TRUE ORDER BY year DESC, financial_item…
2026-05-27 18:52:51 | INFO     | query_engine                   | SQL: SELECT financial_item, year, value, units FROM financials WHERE company_id = 'SUN'   AND financial_category = 'P&L Consolidated'   AND is_active = TRUE…
2026-05-27 18:52:51 | INFO     | cost_structure | Running cost structure analysis …
2026-05-27 18:52:51 | INFO     | cost_structure | Cost structure analysis complete.
2026-05-27 18:52:51 | INFO     | query_engine                   | SQL: SELECT financial_item, financial_category, year, value, units FROM financials WHERE company_id = 'DRL' AND is_active = TRUE ORDER BY year DESC, financial_item…
2026-05-27 18:52:51 | INFO     | query_engine                   | SQL: SELECT financial_item, year, value, units FROM financials WHERE company_id = 'DRL'   AND financial_category = 'P&L Consolidated'   AND is_active = TRUE…
2026-05-27 18:52:51 | WARNING  | reshaper                       | No P&L data for DRL/P&L Consolidated
2026-05-27 18:54:15 | INFO     | query_engine                   | DuckDB views registered: financials, financials_latest, company_master, sector_mapping, audit_log
2026-05-27 18:54:15 | INFO     | query_engine                   | SQL: SELECT financial_item, financial_category, year, value, units FROM financials WHERE company_id = 'SUN' AND is_active = TRUE ORDER BY year DESC, financial_item…
2026-05-27 18:54:15 | INFO     | query_engine                   | SQL: SELECT financial_item, year, value, units FROM financials WHERE company_id = 'SUN'   AND financial_category = 'P&L Consolidated'   AND is_active = TRUE…
2026-05-27 18:54:15 | INFO     | cost_structure | Running cost structure analysis …
2026-05-27 18:54:15 | INFO     | cost_structure | Cost structure analysis complete.
2026-05-27 18:54:33 | INFO     | query_engine                   | DuckDB views registered: financials, financials_latest, company_master, sector_mapping, audit_log
2026-05-27 18:54:33 | INFO     | query_engine                   | SQL: SELECT financial_item, year, value, units FROM financials WHERE company_id = 'CIPLA'   AND financial_category = 'P&L Consolidated'   AND is_active = TRUE…
2026-05-27 18:54:33 | WARNING  | reshaper                       | No P&L data for CIPLA/P&L Consolidated
2026-05-27 18:54:33 | INFO     | query_engine                   | SQL: SELECT financial_item, year, value, units FROM financials WHERE company_id = 'CIPLA'   AND financial_category = 'P&L'   AND is_active = TRUE…
2026-05-27 18:54:33 | WARNING  | reshaper                       | No P&L data for CIPLA/P&L
2026-05-27 18:54:33 | INFO     | query_engine                   | SQL: SELECT financial_item, year, value, units FROM financials WHERE company_id = 'DRL'   AND financial_category = 'P&L Consolidated'   AND is_active = TRUE…
2026-05-27 18:54:33 | WARNING  | reshaper                       | No P&L data for DRL/P&L Consolidated
2026-05-27 18:54:33 | INFO     | query_engine                   | SQL: SELECT financial_item, year, value, units FROM financials WHERE company_id = 'DRL'   AND financial_category = 'P&L'   AND is_active = TRUE…
2026-05-27 18:54:33 | INFO     | cost_structure | Running cost structure analysis …
2026-05-27 18:54:33 | INFO     | cost_structure | Cost structure analysis complete.
2026-05-27 18:54:33 | INFO     | query_engine                   | SQL: SELECT financial_item, year, value, units FROM financials WHERE company_id = 'LUPIN'   AND financial_category = 'P&L Consolidated'   AND is_active = TRUE…
2026-05-27 18:54:33 | WARNING  | reshaper                       | No P&L data for LUPIN/P&L Consolidated
2026-05-27 18:54:33 | INFO     | query_engine                   | SQL: SELECT financial_item, year, value, units FROM financials WHERE company_id = 'LUPIN'   AND financial_category = 'P&L'   AND is_active = TRUE…
2026-05-27 18:54:33 | WARNING  | reshaper                       | No P&L data for LUPIN/P&L
2026-05-27 18:54:33 | INFO     | query_engine                   | SQL: SELECT financial_item, year, value, units FROM financials WHERE company_id = 'SUN'   AND financial_category = 'P&L Consolidated'   AND is_active = TRUE…
2026-05-27 18:54:33 | INFO     | cost_structure | Running cost structure analysis …
2026-05-27 18:54:34 | INFO     | cost_structure | Cost structure analysis complete.
2026-05-27 18:54:34 | INFO     | query_engine                   | DuckDB views registered: financials, financials_latest, company_master, sector_mapping, audit_log
2026-05-27 18:54:34 | INFO     | query_engine                   | SQL: SELECT financial_item, financial_category, year, value, units FROM financials WHERE company_id = 'CIPLA' AND is_active = TRUE ORDER BY year DESC, financial_item…
2026-05-27 18:54:34 | INFO     | query_engine                   | SQL: SELECT financial_item, financial_category, year, value, units FROM financials WHERE company_id = 'DRL' AND is_active = TRUE ORDER BY year DESC, financial_item…
2026-05-27 18:54:34 | INFO     | query_engine                   | SQL: SELECT financial_item, year, value, units FROM financials WHERE company_id = 'DRL'   AND financial_category = 'P&L Consolidated'   AND is_active = TRUE…
2026-05-27 18:54:34 | WARNING  | reshaper                       | No P&L data for DRL/P&L Consolidated
2026-05-27 18:54:34 | INFO     | query_engine                   | SQL: SELECT financial_item, financial_category, year, value, units FROM financials WHERE company_id = 'LUPIN' AND is_active = TRUE ORDER BY year DESC, financial_item…
2026-05-27 18:54:34 | INFO     | query_engine                   | SQL: SELECT financial_item, financial_category, year, value, units FROM financials WHERE company_id = 'SUN' AND is_active = TRUE ORDER BY year DESC, financial_item…
2026-05-27 18:54:34 | INFO     | query_engine                   | SQL: SELECT financial_item, year, value, units FROM financials WHERE company_id = 'SUN'   AND financial_category = 'P&L Consolidated'   AND is_active = TRUE…
2026-05-27 18:54:34 | INFO     | cost_structure | Running cost structure analysis …
2026-05-27 18:54:35 | INFO     | cost_structure | Cost structure analysis complete.
2026-05-27 18:54:35 | INFO     | query_engine                   | DuckDB views registered: financials, financials_latest, company_master, sector_mapping, audit_log
2026-05-27 18:54:35 | INFO     | query_engine                   | SQL:              SELECT c.company_id, c.company_name,                 MAX(CASE WHEN f.financial_item='Revenue from Operations' THEN f.value END) as revenue,                 MAX(CASE WHEN f.financial_item=…
2026-05-27 18:54:35 | INFO     | query_engine                   | SQL: SELECT financial_item, financial_category, year, value, units FROM financials WHERE company_id = 'SUN' AND is_active = TRUE ORDER BY year DESC, financial_item…
2026-05-27 18:54:35 | INFO     | query_engine                   | SQL: SELECT financial_item, year, value, units FROM financials WHERE company_id = 'SUN'   AND financial_category = 'P&L Consolidated'   AND is_active = TRUE…
2026-05-27 18:54:35 | INFO     | cost_structure | Running cost structure analysis …
2026-05-27 18:54:35 | INFO     | cost_structure | Cost structure analysis complete.
2026-05-27 18:54:35 | INFO     | query_engine                   | SQL: SELECT financial_item, financial_category, year, value, units FROM financials WHERE company_id = 'DRL' AND is_active = TRUE ORDER BY year DESC, financial_item…
2026-05-27 18:54:36 | INFO     | query_engine                   | SQL: SELECT financial_item, year, value, units FROM financials WHERE company_id = 'DRL'   AND financial_category = 'P&L Consolidated'   AND is_active = TRUE…
2026-05-27 18:54:36 | WARNING  | reshaper                       | No P&L data for DRL/P&L Consolidated
2026-05-27 19:07:40 | INFO     | query_engine                   | DuckDB views registered: financials, financials_latest, company_master, sector_mapping, audit_log
2026-05-27 19:07:40 | INFO     | query_engine                   | SQL: SELECT financial_item, financial_category, year, value, units FROM financials WHERE company_id = 'SUN' AND is_active = TRUE ORDER BY year DESC, financial_item…
2026-05-27 19:07:40 | INFO     | query_engine                   | SQL: SELECT financial_item, year, value, units FROM financials WHERE company_id = 'SUN'   AND financial_category = 'P&L Consolidated'   AND is_active = TRUE…
2026-05-27 19:07:40 | INFO     | cost_structure | Running cost structure analysis …
2026-05-27 19:07:41 | INFO     | cost_structure | Cost structure analysis complete.
2026-05-27 19:08:31 | INFO     | query_engine                   | DuckDB views registered: financials, financials_latest, company_master, sector_mapping, audit_log
2026-05-27 19:08:31 | INFO     | query_engine                   | SQL: SELECT financial_item, year, value, units FROM financials WHERE company_id = 'CIPLA'   AND financial_category = 'P&L Consolidated'   AND is_active = TRUE…
2026-05-27 19:08:31 | WARNING  | reshaper                       | No P&L data for CIPLA/P&L Consolidated
2026-05-27 19:08:31 | INFO     | query_engine                   | SQL: SELECT financial_item, year, value, units FROM financials WHERE company_id = 'CIPLA'   AND financial_category = 'P&L'   AND is_active = TRUE…
2026-05-27 19:08:31 | WARNING  | reshaper                       | No P&L data for CIPLA/P&L
2026-05-27 19:08:31 | INFO     | query_engine                   | SQL: SELECT financial_item, year, value, units FROM financials WHERE company_id = 'DRL'   AND financial_category = 'P&L Consolidated'   AND is_active = TRUE…
2026-05-27 19:08:31 | WARNING  | reshaper                       | No P&L data for DRL/P&L Consolidated
2026-05-27 19:08:31 | INFO     | query_engine                   | SQL: SELECT financial_item, year, value, units FROM financials WHERE company_id = 'DRL'   AND financial_category = 'P&L'   AND is_active = TRUE…
2026-05-27 19:08:31 | INFO     | cost_structure | Running cost structure analysis …
2026-05-27 19:08:32 | INFO     | cost_structure | Cost structure analysis complete.
2026-05-27 19:08:32 | INFO     | query_engine                   | SQL: SELECT financial_item, year, value, units FROM financials WHERE company_id = 'LUPIN'   AND financial_category = 'P&L Consolidated'   AND is_active = TRUE…
2026-05-27 19:08:32 | WARNING  | reshaper                       | No P&L data for LUPIN/P&L Consolidated
2026-05-27 19:08:32 | INFO     | query_engine                   | SQL: SELECT financial_item, year, value, units FROM financials WHERE company_id = 'LUPIN'   AND financial_category = 'P&L'   AND is_active = TRUE…
2026-05-27 19:08:32 | WARNING  | reshaper                       | No P&L data for LUPIN/P&L
2026-05-27 19:08:32 | INFO     | query_engine                   | SQL: SELECT financial_item, year, value, units FROM financials WHERE company_id = 'SUN'   AND financial_category = 'P&L Consolidated'   AND is_active = TRUE…
2026-05-27 19:08:32 | INFO     | cost_structure | Running cost structure analysis …
2026-05-27 19:08:32 | INFO     | cost_structure | Cost structure analysis complete.
2026-05-27 19:08:32 | INFO     | query_engine                   | DuckDB views registered: financials, financials_latest, company_master, sector_mapping, audit_log
2026-05-27 19:08:32 | INFO     | query_engine                   | SQL: SELECT financial_item, financial_category, year, value, units FROM financials WHERE company_id = 'CIPLA' AND is_active = TRUE ORDER BY year DESC, financial_item…
2026-05-27 19:08:32 | INFO     | query_engine                   | SQL: SELECT financial_item, financial_category, year, value, units FROM financials WHERE company_id = 'DRL' AND is_active = TRUE ORDER BY year DESC, financial_item…
2026-05-27 19:08:32 | INFO     | query_engine                   | SQL: SELECT financial_item, year, value, units FROM financials WHERE company_id = 'DRL'   AND financial_category = 'P&L Consolidated'   AND is_active = TRUE…
2026-05-27 19:08:32 | WARNING  | reshaper                       | No P&L data for DRL/P&L Consolidated
2026-05-27 19:08:32 | INFO     | query_engine                   | SQL: SELECT financial_item, financial_category, year, value, units FROM financials WHERE company_id = 'LUPIN' AND is_active = TRUE ORDER BY year DESC, financial_item…
2026-05-27 19:08:32 | INFO     | query_engine                   | SQL: SELECT financial_item, financial_category, year, value, units FROM financials WHERE company_id = 'SUN' AND is_active = TRUE ORDER BY year DESC, financial_item…
2026-05-27 19:08:32 | INFO     | query_engine                   | SQL: SELECT financial_item, year, value, units FROM financials WHERE company_id = 'SUN'   AND financial_category = 'P&L Consolidated'   AND is_active = TRUE…
2026-05-27 19:08:32 | INFO     | cost_structure | Running cost structure analysis …
2026-05-27 19:08:33 | INFO     | cost_structure | Cost structure analysis complete.
2026-05-27 19:08:33 | INFO     | query_engine                   | DuckDB views registered: financials, financials_latest, company_master, sector_mapping, audit_log
2026-05-27 19:08:33 | INFO     | query_engine                   | SQL:              SELECT c.company_id, c.company_name,                 MAX(CASE WHEN f.financial_item='Revenue from Operations' THEN f.value END) as revenue,                 MAX(CASE WHEN f.financial_item=…
2026-05-27 19:08:33 | INFO     | query_engine                   | SQL: SELECT financial_item, financial_category, year, value, units FROM financials WHERE company_id = 'SUN' AND is_active = TRUE ORDER BY year DESC, financial_item…
2026-05-27 19:08:33 | INFO     | query_engine                   | SQL: SELECT financial_item, year, value, units FROM financials WHERE company_id = 'SUN'   AND financial_category = 'P&L Consolidated'   AND is_active = TRUE…
2026-05-27 19:08:33 | INFO     | cost_structure | Running cost structure analysis …
2026-05-27 19:08:33 | INFO     | cost_structure | Cost structure analysis complete.
2026-05-27 19:08:34 | INFO     | query_engine                   | SQL: SELECT financial_item, financial_category, year, value, units FROM financials WHERE company_id = 'DRL' AND is_active = TRUE ORDER BY year DESC, financial_item…
2026-05-27 19:08:34 | INFO     | query_engine                   | SQL: SELECT financial_item, year, value, units FROM financials WHERE company_id = 'DRL'   AND financial_category = 'P&L Consolidated'   AND is_active = TRUE…
2026-05-27 19:08:34 | WARNING  | reshaper                       | No P&L data for DRL/P&L Consolidated
^CINFO:     Started server process [12076]
INFO:     Waiting for application startup.
INFO:     Application startup complete.
INFO:     Uvicorn running on http://127.0.0.1:8000 (Press CTRL+C to quit)
2026-05-27 21:32:00 | INFO     | query_engine                   | DuckDB views registered: financials, financials_latest, company_master, sector_mapping, audit_log
2026-05-27 21:32:00 | INFO     | normalizer                     | Loaded 27 canonical items, 93 total aliases
2026-05-27 21:32:00 | INFO     | query_engine                   | DuckDB views registered: financials, financials_latest, company_master, sector_mapping, audit_log
2026-05-27 21:32:00 | INFO     | query_engine                   | SQL: SELECT financial_item, financial_category, year, value, units FROM financials WHERE company_id = 'CIPLA' AND is_active = TRUE ORDER BY year DESC, financial_item…
2026-05-27 21:32:04 | INFO     | query_engine                   | DuckDB views registered: financials, financials_latest, company_master, sector_mapping, audit_log
2026-05-27 21:32:04 | INFO     | query_engine                   | SQL: SELECT financial_item, financial_category, year, value, units FROM financials WHERE company_id = 'SUN' AND is_active = TRUE ORDER BY year DESC, financial_item…
2026-05-27 21:32:18 | INFO     | query_engine                   | DuckDB views registered: financials, financials_latest, company_master, sector_mapping, audit_log
2026-05-27 21:32:18 | INFO     | warehouse                      | Deactivated 20 rows for SUN/FY19
2026-05-27 21:32:19 | INFO     | query_engine                   | DuckDB views registered: financials, financials_latest, company_master, sector_mapping, audit_log
2026-05-27 21:32:20 | INFO     | query_engine                   | DuckDB views registered: financials, financials_latest, company_master, sector_mapping, audit_log
2026-05-27 21:32:20 | INFO     | warehouse                      | Ingested batch: {'ingestion_id': '2c7a1b68-ad50-414e-b57c-1ad5a3646341', 'rows_loaded': 43, 'rows_revised': 43, 'rows_new': 0}
2026-05-27 21:32:20 | INFO     | query_engine                   | DuckDB views registered: financials, financials_latest, company_master, sector_mapping, audit_log
2026-05-27 21:32:20 | INFO     | query_engine                   | DuckDB views registered: financials, financials_latest, company_master, sector_mapping, audit_log
2026-05-27 21:32:20 | INFO     | query_engine                   | SQL: SELECT financial_item, year, value, units FROM financials WHERE company_id = 'SUN'   AND financial_category = 'P&L Consolidated'   AND is_active = TRUE…
2026-05-27 21:32:20 | INFO     | query_engine                   | SQL: SELECT financial_item, year, value, units FROM financials WHERE company_id = 'SUN'   AND financial_category = 'P&L Standalone'   AND is_active = TRUE…
2026-05-27 21:32:20 | INFO     | query_engine                   | SQL: SELECT financial_item, year, value, units FROM financials WHERE company_id = 'SUN'   AND financial_category = 'Altman Z'   AND financial_item IN ('Revenue from Operations','EBITDA','PAT','Total Assets…
2026-05-27 21:32:20 | INFO     | cost_structure | Running cost structure analysis …
2026-05-27 21:32:21 | INFO     | cost_structure | Cost structure analysis complete.
2026-05-27 21:32:21 | INFO     | bankruptcy | Running bankruptcy/Altman Z analysis …
2026-05-27 21:32:22 | INFO     | query_engine                   | DuckDB views registered: financials, financials_latest, company_master, sector_mapping, audit_log
2026-05-27 21:32:22 | INFO     | query_engine                   | SQL: SELECT financial_item, financial_category, year, value, units FROM financials WHERE company_id = 'SUN' AND is_active = TRUE ORDER BY year DESC, financial_item…
2026-05-27 21:32:22 | INFO     | query_engine                   | SQL: SELECT financial_item, year, value, units FROM financials WHERE company_id = 'SUN'   AND financial_category = 'P&L Consolidated'   AND is_active = TRUE…
2026-05-27 21:32:22 | INFO     | cost_structure | Running cost structure analysis …
2026-05-27 21:32:22 | INFO     | cost_structure | Cost structure analysis complete.
2026-05-27 21:32:22 | INFO     | query_engine                   | DuckDB views registered: financials, financials_latest, company_master, sector_mapping, audit_log
2026-05-27 21:32:22 | INFO     | query_engine                   | SQL: SELECT financial_item, financial_category, year, value, units FROM financials WHERE company_id = 'SUN' AND is_active = TRUE ORDER BY year DESC, financial_item…
2026-05-27 21:32:32 | INFO     | query_engine                   | DuckDB views registered: financials, financials_latest, company_master, sector_mapping, audit_log
2026-05-27 21:32:32 | INFO     | query_engine                   | SQL: SELECT financial_item, financial_category, year, value, units FROM financials WHERE company_id = 'SUN' AND is_active = TRUE ORDER BY year DESC, financial_item…
2026-05-27 21:32:33 | INFO     | query_engine                   | DuckDB views registered: financials, financials_latest, company_master, sector_mapping, audit_log
2026-05-27 21:32:33 | INFO     | query_engine                   | SQL: SELECT financial_item, financial_category, year, value, units FROM financials WHERE company_id = 'SUN' AND is_active = TRUE ORDER BY year DESC, financial_item…
2026-05-27 21:32:33 | INFO     | query_engine                   | SQL: SELECT financial_item, year, value, units FROM financials WHERE company_id = 'SUN'   AND financial_category = 'P&L Standalone'   AND is_active = TRUE…
2026-05-27 21:32:33 | INFO     | cost_structure | Running cost structure analysis …
2026-05-27 21:32:33 | INFO     | cost_structure | Cost structure analysis complete.
2026-05-27 21:32:43 | INFO     | query_engine                   | DuckDB views registered: financials, financials_latest, company_master, sector_mapping, audit_log
2026-05-27 21:32:43 | INFO     | query_engine                   | SQL: SELECT financial_item, year, value, units FROM financials WHERE company_id = 'CIPLA'   AND financial_category = 'P&L Standalone'   AND is_active = TRUE…
2026-05-27 21:32:43 | WARNING  | reshaper                       | No P&L data for CIPLA/P&L Standalone
2026-05-27 21:32:43 | INFO     | query_engine                   | SQL: SELECT financial_item, year, value, units FROM financials WHERE company_id = 'CIPLA'   AND financial_category = 'P&L'   AND is_active = TRUE…
2026-05-27 21:32:43 | WARNING  | reshaper                       | No P&L data for CIPLA/P&L
2026-05-27 21:32:43 | INFO     | query_engine                   | SQL: SELECT financial_item, year, value, units FROM financials WHERE company_id = 'DRL'   AND financial_category = 'P&L Standalone'   AND is_active = TRUE…
2026-05-27 21:32:43 | WARNING  | reshaper                       | No P&L data for DRL/P&L Standalone
2026-05-27 21:32:43 | INFO     | query_engine                   | SQL: SELECT financial_item, year, value, units FROM financials WHERE company_id = 'DRL'   AND financial_category = 'P&L'   AND is_active = TRUE…
2026-05-27 21:32:43 | INFO     | cost_structure | Running cost structure analysis …
2026-05-27 21:32:44 | INFO     | cost_structure | Cost structure analysis complete.
2026-05-27 21:32:44 | INFO     | query_engine                   | SQL: SELECT financial_item, year, value, units FROM financials WHERE company_id = 'LUPIN'   AND financial_category = 'P&L Standalone'   AND is_active = TRUE…
2026-05-27 21:32:44 | WARNING  | reshaper                       | No P&L data for LUPIN/P&L Standalone
2026-05-27 21:32:44 | INFO     | query_engine                   | SQL: SELECT financial_item, year, value, units FROM financials WHERE company_id = 'LUPIN'   AND financial_category = 'P&L'   AND is_active = TRUE…
2026-05-27 21:32:44 | WARNING  | reshaper                       | No P&L data for LUPIN/P&L
2026-05-27 21:32:44 | INFO     | query_engine                   | SQL: SELECT financial_item, year, value, units FROM financials WHERE company_id = 'SUN'   AND financial_category = 'P&L Standalone'   AND is_active = TRUE…
2026-05-27 21:32:44 | INFO     | cost_structure | Running cost structure analysis …
2026-05-27 21:32:44 | INFO     | cost_structure | Cost structure analysis complete.
2026-05-27 21:32:44 | INFO     | query_engine                   | DuckDB views registered: financials, financials_latest, company_master, sector_mapping, audit_log
2026-05-27 21:32:44 | INFO     | query_engine                   | SQL: SELECT financial_item, financial_category, year, value, units FROM financials WHERE company_id = 'CIPLA' AND is_active = TRUE ORDER BY year DESC, financial_item…
2026-05-27 21:32:44 | INFO     | query_engine                   | SQL: SELECT financial_item, financial_category, year, value, units FROM financials WHERE company_id = 'DRL' AND is_active = TRUE ORDER BY year DESC, financial_item…
2026-05-27 21:32:44 | INFO     | query_engine                   | SQL: SELECT financial_item, year, value, units FROM financials WHERE company_id = 'DRL'   AND financial_category = 'P&L Standalone'   AND is_active = TRUE…
2026-05-27 21:32:44 | WARNING  | reshaper                       | No P&L data for DRL/P&L Standalone
2026-05-27 21:32:44 | INFO     | query_engine                   | SQL: SELECT financial_item, financial_category, year, value, units FROM financials WHERE company_id = 'LUPIN' AND is_active = TRUE ORDER BY year DESC, financial_item…
2026-05-27 21:32:44 | INFO     | query_engine                   | SQL: SELECT financial_item, financial_category, year, value, units FROM financials WHERE company_id = 'SUN' AND is_active = TRUE ORDER BY year DESC, financial_item…
2026-05-27 21:32:45 | INFO     | query_engine                   | SQL: SELECT financial_item, year, value, units FROM financials WHERE company_id = 'SUN'   AND financial_category = 'P&L Standalone'   AND is_active = TRUE…
2026-05-27 21:32:45 | INFO     | cost_structure | Running cost structure analysis …
2026-05-27 21:32:45 | INFO     | cost_structure | Cost structure analysis complete.
2026-05-27 21:32:45 | INFO     | query_engine                   | DuckDB views registered: financials, financials_latest, company_master, sector_mapping, audit_log
2026-05-27 21:32:45 | INFO     | query_engine                   | SQL:              SELECT c.company_id, c.company_name,                 MAX(CASE WHEN f.financial_item='Revenue from Operations' THEN f.value END) as revenue,                 MAX(CASE WHEN f.financial_item=…
2026-05-27 21:32:45 | INFO     | query_engine                   | SQL: SELECT financial_item, financial_category, year, value, units FROM financials WHERE company_id = 'SUN' AND is_active = TRUE ORDER BY year DESC, financial_item…
2026-05-27 21:32:45 | INFO     | query_engine                   | SQL: SELECT financial_item, year, value, units FROM financials WHERE company_id = 'SUN'   AND financial_category = 'P&L Consolidated'   AND is_active = TRUE…
2026-05-27 21:32:45 | INFO     | cost_structure | Running cost structure analysis …
2026-05-27 21:32:46 | INFO     | cost_structure | Cost structure analysis complete.
2026-05-27 21:32:46 | INFO     | query_engine                   | SQL: SELECT financial_item, financial_category, year, value, units FROM financials WHERE company_id = 'DRL' AND is_active = TRUE ORDER BY year DESC, financial_item…
2026-05-27 21:32:46 | INFO     | query_engine                   | SQL: SELECT financial_item, year, value, units FROM financials WHERE company_id = 'DRL'   AND financial_category = 'P&L Consolidated'   AND is_active = TRUE…
2026-05-27 21:32:46 | WARNING  | reshaper                       | No P&L data for DRL/P&L Consolidated
2026-05-27 21:33:08 | INFO     | query_engine                   | DuckDB views registered: financials, financials_latest, company_master, sector_mapping, audit_log
2026-05-27 21:33:08 | INFO     | query_engine                   | SQL: SELECT financial_item, financial_category, year, value, units FROM financials WHERE company_id = 'SUN' AND is_active = TRUE ORDER BY year DESC, financial_item…
2026-05-27 21:33:08 | INFO     | query_engine                   | SQL: SELECT financial_item, year, value, units FROM financials WHERE company_id = 'SUN'   AND financial_category = 'P&L Consolidated'   AND is_active = TRUE…
2026-05-27 21:33:08 | INFO     | cost_structure | Running cost structure analysis …
2026-05-27 21:33:09 | INFO     | cost_structure | Cost structure analysis complete.
INFO:     Started server process [12668]
INFO:     Waiting for application startup.
INFO:     Application startup complete.
INFO:     Uvicorn running on http://127.0.0.1:8000 (Press CTRL+C to quit)
2026-05-28 11:13:39 | INFO     | query_engine                   | DuckDB views registered: financials, financials_latest, company_master, sector_mapping, audit_log
2026-05-28 11:13:39 | INFO     | normalizer                     | Loaded 27 canonical items, 93 total aliases
2026-05-28 11:13:39 | INFO     | query_engine                   | DuckDB views registered: financials, financials_latest, company_master, sector_mapping, audit_log
2026-05-28 11:13:39 | INFO     | query_engine                   | SQL: SELECT financial_item, financial_category, year, value, units FROM financials WHERE company_id = 'CIPLA' AND is_active = TRUE ORDER BY year DESC, financial_item…
2026-05-28 11:13:43 | INFO     | query_engine                   | DuckDB views registered: financials, financials_latest, company_master, sector_mapping, audit_log
2026-05-28 11:13:43 | INFO     | query_engine                   | SQL: SELECT financial_item, financial_category, year, value, units FROM financials WHERE company_id = 'SUN' AND is_active = TRUE ORDER BY year DESC, financial_item…
2026-05-28 11:13:45 | INFO     | query_engine                   | DuckDB views registered: financials, financials_latest, company_master, sector_mapping, audit_log
2026-05-28 11:13:45 | INFO     | query_engine                   | SQL: SELECT financial_item, financial_category, year, value, units FROM financials WHERE company_id = 'SUN' AND is_active = TRUE ORDER BY year DESC, financial_item…
2026-05-28 11:13:46 | INFO     | query_engine                   | SQL: SELECT financial_item, year, value, units FROM financials WHERE company_id = 'SUN'   AND financial_category = 'P&L Consolidated'   AND is_active = TRUE…
2026-05-28 11:13:46 | INFO     | cost_structure | Running cost structure analysis …
2026-05-28 11:13:46 | INFO     | cost_structure | Cost structure analysis complete.
2026-05-28 11:13:46 | INFO     | query_engine                   | DuckDB views registered: financials, financials_latest, company_master, sector_mapping, audit_log
2026-05-28 11:13:46 | INFO     | query_engine                   | SQL: SELECT financial_item, financial_category, year, value, units FROM financials WHERE company_id = 'SUN' AND is_active = TRUE ORDER BY year DESC, financial_item…
2026-05-28 11:14:27 | INFO     | query_engine                   | DuckDB views registered: financials, financials_latest, company_master, sector_mapping, audit_log
2026-05-28 11:14:27 | INFO     | query_engine                   | SQL: SELECT financial_item, year, value, units FROM financials WHERE company_id = 'CIPLA'   AND financial_category = 'P&L Consolidated'   AND is_active = TRUE…
2026-05-28 11:14:27 | WARNING  | reshaper                       | No P&L data for CIPLA/P&L Consolidated
2026-05-28 11:14:27 | INFO     | query_engine                   | SQL: SELECT financial_item, year, value, units FROM financials WHERE company_id = 'CIPLA'   AND financial_category = 'P&L'   AND is_active = TRUE…
2026-05-28 11:14:27 | WARNING  | reshaper                       | No P&L data for CIPLA/P&L
2026-05-28 11:14:27 | INFO     | query_engine                   | SQL: SELECT financial_item, year, value, units FROM financials WHERE company_id = 'DRL'   AND financial_category = 'P&L Consolidated'   AND is_active = TRUE…
2026-05-28 11:14:28 | WARNING  | reshaper                       | No P&L data for DRL/P&L Consolidated
2026-05-28 11:14:28 | INFO     | query_engine                   | SQL: SELECT financial_item, year, value, units FROM financials WHERE company_id = 'DRL'   AND financial_category = 'P&L'   AND is_active = TRUE…
2026-05-28 11:14:28 | INFO     | cost_structure | Running cost structure analysis …
2026-05-28 11:14:28 | INFO     | cost_structure | Cost structure analysis complete.
2026-05-28 11:14:28 | INFO     | query_engine                   | SQL: SELECT financial_item, year, value, units FROM financials WHERE company_id = 'LUPIN'   AND financial_category = 'P&L Consolidated'   AND is_active = TRUE…
2026-05-28 11:14:28 | WARNING  | reshaper                       | No P&L data for LUPIN/P&L Consolidated
2026-05-28 11:14:28 | INFO     | query_engine                   | SQL: SELECT financial_item, year, value, units FROM financials WHERE company_id = 'LUPIN'   AND financial_category = 'P&L'   AND is_active = TRUE…
2026-05-28 11:14:28 | WARNING  | reshaper                       | No P&L data for LUPIN/P&L
2026-05-28 11:14:28 | INFO     | query_engine                   | SQL: SELECT financial_item, year, value, units FROM financials WHERE company_id = 'SUN'   AND financial_category = 'P&L Consolidated'   AND is_active = TRUE…
2026-05-28 11:14:28 | INFO     | cost_structure | Running cost structure analysis …
2026-05-28 11:14:29 | INFO     | cost_structure | Cost structure analysis complete.
2026-05-28 11:14:29 | INFO     | query_engine                   | DuckDB views registered: financials, financials_latest, company_master, sector_mapping, audit_log
2026-05-28 11:14:29 | INFO     | query_engine                   | SQL: SELECT financial_item, financial_category, year, value, units FROM financials WHERE company_id = 'CIPLA' AND is_active = TRUE ORDER BY year DESC, financial_item…
2026-05-28 11:14:29 | INFO     | query_engine                   | SQL: SELECT financial_item, financial_category, year, value, units FROM financials WHERE company_id = 'DRL' AND is_active = TRUE ORDER BY year DESC, financial_item…
2026-05-28 11:14:29 | INFO     | query_engine                   | SQL: SELECT financial_item, year, value, units FROM financials WHERE company_id = 'DRL'   AND financial_category = 'P&L Consolidated'   AND is_active = TRUE…
2026-05-28 11:14:29 | WARNING  | reshaper                       | No P&L data for DRL/P&L Consolidated
2026-05-28 11:14:29 | INFO     | query_engine                   | SQL: SELECT financial_item, financial_category, year, value, units FROM financials WHERE company_id = 'LUPIN' AND is_active = TRUE ORDER BY year DESC, financial_item…
2026-05-28 11:14:29 | INFO     | query_engine                   | SQL: SELECT financial_item, financial_category, year, value, units FROM financials WHERE company_id = 'SUN' AND is_active = TRUE ORDER BY year DESC, financial_item…
2026-05-28 11:14:29 | INFO     | query_engine                   | SQL: SELECT financial_item, year, value, units FROM financials WHERE company_id = 'SUN'   AND financial_category = 'P&L Consolidated'   AND is_active = TRUE…
2026-05-28 11:14:29 | INFO     | cost_structure | Running cost structure analysis …
2026-05-28 11:14:30 | INFO     | cost_structure | Cost structure analysis complete.
2026-05-28 11:14:30 | INFO     | query_engine                   | DuckDB views registered: financials, financials_latest, company_master, sector_mapping, audit_log
2026-05-28 11:14:30 | INFO     | query_engine                   | SQL:              SELECT c.company_id, c.company_name,                 MAX(CASE WHEN f.financial_item='Revenue from Operations' THEN f.value END) as revenue,                 MAX(CASE WHEN f.financial_item=…
2026-05-28 11:14:30 | INFO     | query_engine                   | SQL: SELECT financial_item, financial_category, year, value, units FROM financials WHERE company_id = 'SUN' AND is_active = TRUE ORDER BY year DESC, financial_item…
2026-05-28 11:14:30 | INFO     | query_engine                   | SQL: SELECT financial_item, year, value, units FROM financials WHERE company_id = 'SUN'   AND financial_category = 'P&L Consolidated'   AND is_active = TRUE…
2026-05-28 11:14:30 | INFO     | cost_structure | Running cost structure analysis …
2026-05-28 11:14:30 | INFO     | cost_structure | Cost structure analysis complete.
2026-05-28 11:14:31 | INFO     | query_engine                   | SQL: SELECT financial_item, financial_category, year, value, units FROM financials WHERE company_id = 'DRL' AND is_active = TRUE ORDER BY year DESC, financial_item…
2026-05-28 11:14:31 | INFO     | query_engine                   | SQL: SELECT financial_item, year, value, units FROM financials WHERE company_id = 'DRL'   AND financial_category = 'P&L Consolidated'   AND is_active = TRUE…
2026-05-28 11:14:31 | WARNING  | reshaper                       | No P&L data for DRL/P&L Consolidated
INFO:     Started server process [15532]
INFO:     Waiting for application startup.
INFO:     Application startup complete.
INFO:     Uvicorn running on http://127.0.0.1:8000 (Press CTRL+C to quit)
2026-05-29 11:14:56 | INFO     | query_engine                   | DuckDB views registered: financials, financials_latest, company_master, sector_mapping, audit_log
2026-05-29 11:14:56 | INFO     | normalizer                     | Loaded 27 canonical items, 93 total aliases
2026-05-29 11:14:56 | INFO     | query_engine                   | DuckDB views registered: financials, financials_latest, company_master, sector_mapping, audit_log
2026-05-29 11:14:56 | INFO     | query_engine                   | SQL: SELECT financial_item, financial_category, year, value, units FROM financials WHERE company_id = 'CIPLA' AND is_active = TRUE ORDER BY year DESC, financial_item…
2026-05-29 11:15:04 | INFO     | query_engine                   | DuckDB views registered: financials, financials_latest, company_master, sector_mapping, audit_log
2026-05-29 11:15:04 | INFO     | query_engine                   | SQL: SELECT financial_item, financial_category, year, value, units FROM financials WHERE company_id = 'SUN' AND is_active = TRUE ORDER BY year DESC, financial_item…
INFO:     Started server process [19236]
INFO:     Waiting for application startup.
INFO:     Application startup complete.
INFO:     Uvicorn running on http://127.0.0.1:8000 (Press CTRL+C to quit)
2026-05-29 11:41:15 | INFO     | query_engine                   | DuckDB views registered: financials, financials_latest, company_master, sector_mapping, audit_log
2026-05-29 11:41:15 | INFO     | normalizer                     | Loaded 27 canonical items, 93 total aliases
2026-05-29 11:41:15 | INFO     | query_engine                   | DuckDB views registered: financials, financials_latest, company_master, sector_mapping, audit_log
2026-05-29 11:41:15 | INFO     | query_engine                   | SQL: SELECT financial_item, financial_category, year, value, units FROM financials WHERE company_id = 'CIPLA' AND is_active = TRUE ORDER BY year DESC, financial_item…
2026-05-29 11:41:20 | INFO     | query_engine                   | DuckDB views registered: financials, financials_latest, company_master, sector_mapping, audit_log
2026-05-29 11:41:20 | INFO     | query_engine                   | SQL: SELECT financial_item, financial_category, year, value, units FROM financials WHERE company_id = 'SUN' AND is_active = TRUE ORDER BY year DESC, financial_item…
2026-05-29 11:41:35 | INFO     | query_engine                   | DuckDB views registered: financials, financials_latest, company_master, sector_mapping, audit_log
2026-05-29 11:41:37 | INFO     | warehouse                      | Deactivated 24 rows for SUN/FY19
2026-05-29 11:41:37 | INFO     | query_engine                   | DuckDB views registered: financials, financials_latest, company_master, sector_mapping, audit_log
2026-05-29 11:41:39 | INFO     | query_engine                   | DuckDB views registered: financials, financials_latest, company_master, sector_mapping, audit_log
2026-05-29 11:41:39 | INFO     | warehouse                      | Ingested batch: {'ingestion_id': '76faccc3-e486-4c16-960c-bf2fb1d6b9ce', 'rows_loaded': 43, 'rows_revised': 43, 'rows_new': 0}
2026-05-29 11:41:39 | INFO     | query_engine                   | DuckDB views registered: financials, financials_latest, company_master, sector_mapping, audit_log
2026-05-29 11:41:39 | INFO     | query_engine                   | DuckDB views registered: financials, financials_latest, company_master, sector_mapping, audit_log
2026-05-29 11:41:39 | INFO     | query_engine                   | SQL: SELECT financial_item, year, value, units FROM financials WHERE company_id = 'SUN'   AND financial_category = 'P&L Consolidated'   AND is_active = TRUE…
2026-05-29 11:41:39 | INFO     | query_engine                   | SQL: SELECT financial_item, year, value, units FROM financials WHERE company_id = 'SUN'   AND financial_category = 'P&L Standalone'   AND is_active = TRUE…
2026-05-29 11:41:39 | INFO     | query_engine                   | SQL: SELECT financial_item, year, value, units FROM financials WHERE company_id = 'SUN'   AND financial_category = 'Altman Z'   AND financial_item IN ('Revenue from Operations','EBITDA','PAT','Total Assets…
2026-05-29 11:41:39 | INFO     | cost_structure | Running cost structure analysis …
2026-05-29 11:41:40 | INFO     | cost_structure | Cost structure analysis complete.
2026-05-29 11:41:40 | INFO     | bankruptcy | Running bankruptcy/Altman Z analysis …
2026-05-29 11:41:42 | INFO     | query_engine                   | DuckDB views registered: financials, financials_latest, company_master, sector_mapping, audit_log
2026-05-29 11:41:42 | INFO     | query_engine                   | SQL: SELECT financial_item, financial_category, year, value, units FROM financials WHERE company_id = 'SUN' AND is_active = TRUE ORDER BY year DESC, financial_item…
2026-05-29 11:41:43 | INFO     | query_engine                   | DuckDB views registered: financials, financials_latest, company_master, sector_mapping, audit_log
2026-05-29 11:41:43 | INFO     | query_engine                   | SQL: SELECT financial_item, financial_category, year, value, units FROM financials WHERE company_id = 'SUN' AND is_active = TRUE ORDER BY year DESC, financial_item…
2026-05-29 11:41:43 | INFO     | query_engine                   | SQL: SELECT financial_item, year, value, units FROM financials WHERE company_id = 'SUN'   AND financial_category = 'P&L Consolidated'   AND is_active = TRUE…
2026-05-29 11:41:43 | INFO     | cost_structure | Running cost structure analysis …
2026-05-29 11:41:43 | INFO     | cost_structure | Cost structure analysis complete.
2026-05-29 11:41:53 | INFO     | query_engine                   | DuckDB views registered: financials, financials_latest, company_master, sector_mapping, audit_log
2026-05-29 11:41:53 | INFO     | query_engine                   | SQL: SELECT financial_item, year, value, units FROM financials WHERE company_id = 'CIPLA'   AND financial_category = 'P&L Consolidated'   AND is_active = TRUE…
2026-05-29 11:41:53 | WARNING  | reshaper                       | No P&L data for CIPLA/P&L Consolidated
2026-05-29 11:41:53 | INFO     | query_engine                   | SQL: SELECT financial_item, year, value, units FROM financials WHERE company_id = 'CIPLA'   AND financial_category = 'P&L'   AND is_active = TRUE…
2026-05-29 11:41:53 | WARNING  | reshaper                       | No P&L data for CIPLA/P&L
2026-05-29 11:41:53 | INFO     | query_engine                   | SQL: SELECT financial_item, year, value, units FROM financials WHERE company_id = 'DRL'   AND financial_category = 'P&L Consolidated'   AND is_active = TRUE…
2026-05-29 11:41:53 | WARNING  | reshaper                       | No P&L data for DRL/P&L Consolidated
2026-05-29 11:41:53 | INFO     | query_engine                   | SQL: SELECT financial_item, year, value, units FROM financials WHERE company_id = 'DRL'   AND financial_category = 'P&L'   AND is_active = TRUE…
2026-05-29 11:41:53 | INFO     | cost_structure | Running cost structure analysis …
2026-05-29 11:41:54 | INFO     | cost_structure | Cost structure analysis complete.
2026-05-29 11:41:54 | INFO     | query_engine                   | SQL: SELECT financial_item, year, value, units FROM financials WHERE company_id = 'LUPIN'   AND financial_category = 'P&L Consolidated'   AND is_active = TRUE…
2026-05-29 11:41:54 | WARNING  | reshaper                       | No P&L data for LUPIN/P&L Consolidated
2026-05-29 11:41:54 | INFO     | query_engine                   | SQL: SELECT financial_item, year, value, units FROM financials WHERE company_id = 'LUPIN'   AND financial_category = 'P&L'   AND is_active = TRUE…
2026-05-29 11:41:54 | WARNING  | reshaper                       | No P&L data for LUPIN/P&L
2026-05-29 11:41:54 | INFO     | query_engine                   | SQL: SELECT financial_item, year, value, units FROM financials WHERE company_id = 'SUN'   AND financial_category = 'P&L Consolidated'   AND is_active = TRUE…
2026-05-29 11:41:54 | INFO     | cost_structure | Running cost structure analysis …
2026-05-29 11:41:54 | INFO     | cost_structure | Cost structure analysis complete.
2026-05-29 11:41:54 | INFO     | query_engine                   | DuckDB views registered: financials, financials_latest, company_master, sector_mapping, audit_log
2026-05-29 11:41:54 | INFO     | query_engine                   | SQL: SELECT financial_item, financial_category, year, value, units FROM financials WHERE company_id = 'CIPLA' AND is_active = TRUE ORDER BY year DESC, financial_item…
2026-05-29 11:41:54 | INFO     | query_engine                   | SQL: SELECT financial_item, financial_category, year, value, units FROM financials WHERE company_id = 'DRL' AND is_active = TRUE ORDER BY year DESC, financial_item…
2026-05-29 11:41:55 | INFO     | query_engine                   | SQL: SELECT financial_item, year, value, units FROM financials WHERE company_id = 'DRL'   AND financial_category = 'P&L Consolidated'   AND is_active = TRUE…
2026-05-29 11:41:55 | WARNING  | reshaper                       | No P&L data for DRL/P&L Consolidated
2026-05-29 11:41:55 | INFO     | query_engine                   | SQL: SELECT financial_item, financial_category, year, value, units FROM financials WHERE company_id = 'LUPIN' AND is_active = TRUE ORDER BY year DESC, financial_item…
2026-05-29 11:41:55 | INFO     | query_engine                   | SQL: SELECT financial_item, financial_category, year, value, units FROM financials WHERE company_id = 'SUN' AND is_active = TRUE ORDER BY year DESC, financial_item…
2026-05-29 11:41:55 | INFO     | query_engine                   | SQL: SELECT financial_item, year, value, units FROM financials WHERE company_id = 'SUN'   AND financial_category = 'P&L Consolidated'   AND is_active = TRUE…
2026-05-29 11:41:55 | INFO     | cost_structure | Running cost structure analysis …
2026-05-29 11:41:55 | INFO     | cost_structure | Cost structure analysis complete.
2026-05-29 11:41:55 | INFO     | query_engine                   | DuckDB views registered: financials, financials_latest, company_master, sector_mapping, audit_log
2026-05-29 11:41:55 | INFO     | query_engine                   | SQL:              SELECT c.company_id, c.company_name,                 MAX(CASE WHEN f.financial_item='Revenue from Operations' THEN f.value END) as revenue,                 MAX(CASE WHEN f.financial_item=…
2026-05-29 11:41:56 | INFO     | query_engine                   | SQL: SELECT financial_item, financial_category, year, value, units FROM financials WHERE company_id = 'SUN' AND is_active = TRUE ORDER BY year DESC, financial_item…
2026-05-29 11:41:56 | INFO     | query_engine                   | SQL: SELECT financial_item, year, value, units FROM financials WHERE company_id = 'SUN'   AND financial_category = 'P&L Consolidated'   AND is_active = TRUE…
2026-05-29 11:41:56 | INFO     | cost_structure | Running cost structure analysis …
2026-05-29 11:41:56 | INFO     | cost_structure | Cost structure analysis complete.
2026-05-29 11:41:56 | INFO     | query_engine                   | SQL: SELECT financial_item, financial_category, year, value, units FROM financials WHERE company_id = 'DRL' AND is_active = TRUE ORDER BY year DESC, financial_item…
2026-05-29 11:41:56 | INFO     | query_engine                   | SQL: SELECT financial_item, year, value, units FROM financials WHERE company_id = 'DRL'   AND financial_category = 'P&L Consolidated'   AND is_active = TRUE…
2026-05-29 11:41:56 | WARNING  | reshaper                       | No P&L data for DRL/P&L Consolidated
2026-05-29 11:42:02 | INFO     | query_engine                   | DuckDB views registered: financials, financials_latest, company_master, sector_mapping, audit_log
2026-05-29 11:42:02 | INFO     | query_engine                   | SQL: SELECT financial_item, financial_category, year, value, units FROM financials WHERE company_id = 'SUN' AND is_active = TRUE ORDER BY year DESC, financial_item…
2026-05-29 11:42:02 | INFO     | query_engine                   | SQL: SELECT financial_item, year, value, units FROM financials WHERE company_id = 'SUN'   AND financial_category = 'P&L Consolidated'   AND is_active = TRUE…
2026-05-29 11:42:02 | INFO     | cost_structure | Running cost structure analysis …
2026-05-29 11:42:02 | INFO     | cost_structure | Cost structure analysis complete.
2026-05-29 11:42:12 | INFO     | query_engine                   | DuckDB views registered: financials, financials_latest, company_master, sector_mapping, audit_log
2026-05-29 11:42:12 | INFO     | query_engine                   | SQL: SELECT financial_item, financial_category, year, value, units FROM financials WHERE company_id = 'SUN' AND is_active = TRUE ORDER BY year DESC, financial_item…
2026-05-29 11:42:14 | INFO     | query_engine                   | DuckDB views registered: financials, financials_latest, company_master, sector_mapping, audit_log
2026-05-29 11:42:14 | INFO     | query_engine                   | SQL: SELECT financial_item, financial_category, year, value, units FROM financials WHERE company_id = 'SUN' AND is_active = TRUE ORDER BY year DESC, financial_item…
2026-05-29 11:42:14 | INFO     | query_engine                   | SQL: SELECT financial_item, year, value, units FROM financials WHERE company_id = 'SUN'   AND financial_category = 'P&L Consolidated'   AND is_active = TRUE…
2026-05-29 11:42:14 | INFO     | cost_structure | Running cost structure analysis …
2026-05-29 11:42:14 | INFO     | cost_structure | Cost structure analysis complete.
2026-05-29 11:42:14 | INFO     | query_engine                   | DuckDB views registered: financials, financials_latest, company_master, sector_mapping, audit_log
2026-05-29 11:42:14 | INFO     | query_engine                   | SQL: SELECT financial_item, financial_category, year, value, units FROM financials WHERE company_id = 'SUN' AND is_active = TRUE ORDER BY year DESC, financial_item…
2026-05-29 11:42:25 | INFO     | query_engine                   | DuckDB views registered: financials, financials_latest, company_master, sector_mapping, audit_log
2026-05-29 11:42:25 | INFO     | query_engine                   | SQL: SELECT financial_item, financial_category, year, value, units FROM financials WHERE company_id = 'SUN' AND is_active = TRUE ORDER BY year DESC, financial_item…
2026-05-29 11:42:25 | INFO     | query_engine                   | DuckDB views registered: financials, financials_latest, company_master, sector_mapping, audit_log
2026-05-29 11:42:25 | INFO     | query_engine                   | SQL: SELECT financial_item, financial_category, year, value, units FROM financials WHERE company_id = 'SUN' AND is_active = TRUE ORDER BY year DESC, financial_item…
2026-05-29 11:42:25 | INFO     | query_engine                   | SQL: SELECT financial_item, year, value, units FROM financials WHERE company_id = 'SUN'   AND financial_category = 'P&L Standalone'   AND is_active = TRUE…
2026-05-29 11:42:25 | INFO     | cost_structure | Running cost structure analysis …
2026-05-29 11:42:25 | INFO     | cost_structure | Cost structure analysis complete.
2026-05-29 11:42:37 | INFO     | query_engine                   | DuckDB views registered: financials, financials_latest, company_master, sector_mapping, audit_log
2026-05-29 11:42:37 | INFO     | query_engine                   | SQL: SELECT financial_item, financial_category, year, value, units FROM financials WHERE company_id = 'SUN' AND is_active = TRUE ORDER BY year DESC, financial_item…
2026-05-29 11:43:57 | INFO     | query_engine                   | DuckDB views registered: financials, financials_latest, company_master, sector_mapping, audit_log
2026-05-29 11:43:58 | INFO     | warehouse                      | Ingested batch: {'ingestion_id': 'c714cc99-8af3-44f0-80b2-2e0af1321af5', 'rows_loaded': 43, 'rows_revised': 43, 'rows_new': 0}
2026-05-29 11:43:58 | INFO     | query_engine                   | DuckDB views registered: financials, financials_latest, company_master, sector_mapping, audit_log
2026-05-29 11:43:58 | INFO     | query_engine                   | DuckDB views registered: financials, financials_latest, company_master, sector_mapping, audit_log
2026-05-29 11:43:58 | INFO     | query_engine                   | SQL: SELECT financial_item, year, value, units FROM financials WHERE company_id = 'SUN'   AND financial_category = 'P&L Consolidated'   AND is_active = TRUE…
2026-05-29 11:43:58 | INFO     | query_engine                   | SQL: SELECT financial_item, year, value, units FROM financials WHERE company_id = 'SUN'   AND financial_category = 'P&L Standalone'   AND is_active = TRUE…
2026-05-29 11:43:58 | INFO     | query_engine                   | SQL: SELECT financial_item, year, value, units FROM financials WHERE company_id = 'SUN'   AND financial_category = 'Altman Z'   AND financial_item IN ('Revenue from Operations','EBITDA','PAT','Total Assets…
2026-05-29 11:43:58 | INFO     | cost_structure | Running cost structure analysis …
2026-05-29 11:43:58 | INFO     | cost_structure | Cost structure analysis complete.
2026-05-29 11:43:58 | INFO     | bankruptcy | Running bankruptcy/Altman Z analysis …
2026-05-29 11:44:03 | INFO     | query_engine                   | DuckDB views registered: financials, financials_latest, company_master, sector_mapping, audit_log
2026-05-29 11:44:03 | INFO     | query_engine                   | SQL: SELECT financial_item, financial_category, year, value, units FROM financials WHERE company_id = 'SUN' AND is_active = TRUE ORDER BY year DESC, financial_item…
2026-05-29 11:44:03 | INFO     | query_engine                   | SQL: SELECT financial_item, year, value, units FROM financials WHERE company_id = 'SUN'   AND financial_category = 'P&L Standalone'   AND is_active = TRUE…
2026-05-29 11:44:03 | INFO     | cost_structure | Running cost structure analysis …
2026-05-29 11:44:04 | INFO     | cost_structure | Cost structure analysis complete.
2026-05-29 11:44:04 | INFO     | query_engine                   | DuckDB views registered: financials, financials_latest, company_master, sector_mapping, audit_log
2026-05-29 11:44:04 | INFO     | query_engine                   | SQL: SELECT financial_item, financial_category, year, value, units FROM financials WHERE company_id = 'SUN' AND is_active = TRUE ORDER BY year DESC, financial_item…
2026-05-29 11:44:22 | INFO     | query_engine                   | DuckDB views registered: financials, financials_latest, company_master, sector_mapping, audit_log
2026-05-29 11:44:22 | INFO     | query_engine                   | SQL: SELECT financial_item, financial_category, year, value, units FROM financials WHERE company_id = 'SUN' AND is_active = TRUE ORDER BY year DESC, financial_item…
^CINFO:     Started server process [6156]
INFO:     Waiting for application startup.
INFO:     Application startup complete.
INFO:     Uvicorn running on http://127.0.0.1:8000 (Press CTRL+C to quit)
2026-05-29 11:44:47 | INFO     | query_engine                   | DuckDB views registered: financials, financials_latest, company_master, sector_mapping, audit_log
2026-05-29 11:44:47 | INFO     | normalizer                     | Loaded 27 canonical items, 93 total aliases
2026-05-29 11:44:47 | INFO     | query_engine                   | DuckDB views registered: financials, financials_latest, company_master, sector_mapping, audit_log
2026-05-29 11:44:47 | INFO     | query_engine                   | SQL: SELECT financial_item, financial_category, year, value, units FROM financials WHERE company_id = 'CIPLA' AND is_active = TRUE ORDER BY year DESC, financial_item…
2026-05-29 11:44:50 | INFO     | query_engine                   | DuckDB views registered: financials, financials_latest, company_master, sector_mapping, audit_log
2026-05-29 11:44:50 | INFO     | query_engine                   | SQL: SELECT financial_item, financial_category, year, value, units FROM financials WHERE company_id = 'SUN' AND is_active = TRUE ORDER BY year DESC, financial_item…
2026-05-29 11:47:14 | INFO     | query_engine                   | DuckDB views registered: financials, financials_latest, company_master, sector_mapping, audit_log
2026-05-29 11:47:14 | INFO     | query_engine                   | SQL: SELECT financial_item, financial_category, year, value, units FROM financials WHERE company_id = 'SUN' AND is_active = TRUE ORDER BY year DESC, financial_item…
2026-05-29 11:47:14 | INFO     | query_engine                   | SQL: SELECT financial_item, year, value, units FROM financials WHERE company_id = 'SUN'   AND financial_category = 'P&L Consolidated'   AND is_active = TRUE…
2026-05-29 11:47:14 | INFO     | cost_structure | Running cost structure analysis …
2026-05-29 11:47:15 | INFO     | cost_structure | Cost structure analysis complete.
2026-05-29 11:47:15 | INFO     | query_engine                   | DuckDB views registered: financials, financials_latest, company_master, sector_mapping, audit_log
2026-05-29 11:47:15 | INFO     | query_engine                   | SQL: SELECT financial_item, financial_category, year, value, units FROM financials WHERE company_id = 'SUN' AND is_active = TRUE ORDER BY year DESC, financial_item…
2026-05-29 11:48:08 | INFO     | query_engine                   | DuckDB views registered: financials, financials_latest, company_master, sector_mapping, audit_log
2026-05-29 11:48:08 | INFO     | query_engine                   | SQL: SELECT financial_item, year, value, units FROM financials WHERE company_id = 'DRL'   AND financial_category = 'P&L Consolidated'   AND is_active = TRUE…
2026-05-29 11:48:08 | WARNING  | reshaper                       | No P&L data for DRL/P&L Consolidated
2026-05-29 11:48:08 | INFO     | query_engine                   | SQL: SELECT financial_item, year, value, units FROM financials WHERE company_id = 'DRL'   AND financial_category = 'P&L'   AND is_active = TRUE…
2026-05-29 11:48:08 | INFO     | cost_structure | Running cost structure analysis …
2026-05-29 11:48:08 | INFO     | cost_structure | Cost structure analysis complete.
2026-05-29 11:48:08 | INFO     | query_engine                   | SQL: SELECT financial_item, year, value, units FROM financials WHERE company_id = 'SUN'   AND financial_category = 'P&L Consolidated'   AND is_active = TRUE…
2026-05-29 11:48:08 | INFO     | cost_structure | Running cost structure analysis …
2026-05-29 11:48:09 | INFO     | cost_structure | Cost structure analysis complete.
2026-05-29 11:48:09 | INFO     | query_engine                   | DuckDB views registered: financials, financials_latest, company_master, sector_mapping, audit_log
2026-05-29 11:48:09 | INFO     | query_engine                   | SQL: SELECT financial_item, financial_category, year, value, units FROM financials WHERE company_id = 'DRL' AND is_active = TRUE ORDER BY year DESC, financial_item…
2026-05-29 11:48:09 | INFO     | query_engine                   | SQL: SELECT financial_item, year, value, units FROM financials WHERE company_id = 'DRL'   AND financial_category = 'P&L Consolidated'   AND is_active = TRUE…
2026-05-29 11:48:09 | WARNING  | reshaper                       | No P&L data for DRL/P&L Consolidated
2026-05-29 11:48:09 | INFO     | query_engine                   | SQL: SELECT financial_item, financial_category, year, value, units FROM financials WHERE company_id = 'SUN' AND is_active = TRUE ORDER BY year DESC, financial_item…
2026-05-29 11:48:09 | INFO     | query_engine                   | SQL: SELECT financial_item, year, value, units FROM financials WHERE company_id = 'SUN'   AND financial_category = 'P&L Consolidated'   AND is_active = TRUE…
2026-05-29 11:48:09 | INFO     | cost_structure | Running cost structure analysis …
2026-05-29 11:48:09 | INFO     | cost_structure | Cost structure analysis complete.
2026-05-29 11:48:09 | INFO     | query_engine                   | DuckDB views registered: financials, financials_latest, company_master, sector_mapping, audit_log
2026-05-29 11:48:09 | INFO     | query_engine                   | SQL:              SELECT c.company_id, c.company_name,                 MAX(CASE WHEN f.financial_item='Revenue from Operations' THEN f.value END) as revenue,                 MAX(CASE WHEN f.financial_item=…
2026-05-29 11:48:09 | INFO     | query_engine                   | SQL: SELECT financial_item, financial_category, year, value, units FROM financials WHERE company_id = 'SUN' AND is_active = TRUE ORDER BY year DESC, financial_item…
2026-05-29 11:48:10 | INFO     | query_engine                   | SQL: SELECT financial_item, year, value, units FROM financials WHERE company_id = 'SUN'   AND financial_category = 'P&L Consolidated'   AND is_active = TRUE…
2026-05-29 11:48:10 | INFO     | cost_structure | Running cost structure analysis …
2026-05-29 11:48:10 | INFO     | cost_structure | Cost structure analysis complete.
2026-05-29 11:48:10 | INFO     | query_engine                   | SQL: SELECT financial_item, financial_category, year, value, units FROM financials WHERE company_id = 'DRL' AND is_active = TRUE ORDER BY year DESC, financial_item…
2026-05-29 11:48:10 | INFO     | query_engine                   | SQL: SELECT financial_item, year, value, units FROM financials WHERE company_id = 'DRL'   AND financial_category = 'P&L Consolidated'   AND is_active = TRUE…
2026-05-29 11:48:10 | WARNING  | reshaper                       | No P&L data for DRL/P&L Consolidated
2026-05-29 11:48:33 | INFO     | query_engine                   | DuckDB views registered: financials, financials_latest, company_master, sector_mapping, audit_log
2026-05-29 11:48:33 | INFO     | query_engine                   | SQL: SELECT financial_item, year, value, units FROM financials WHERE company_id = 'DRL'   AND financial_category = 'P&L Consolidated'   AND is_active = TRUE…
2026-05-29 11:48:33 | WARNING  | reshaper                       | No P&L data for DRL/P&L Consolidated
2026-05-29 11:48:33 | INFO     | query_engine                   | SQL: SELECT financial_item, year, value, units FROM financials WHERE company_id = 'DRL'   AND financial_category = 'P&L'   AND is_active = TRUE…
2026-05-29 11:48:33 | INFO     | cost_structure | Running cost structure analysis …
2026-05-29 11:48:34 | INFO     | cost_structure | Cost structure analysis complete.
2026-05-29 11:48:34 | INFO     | query_engine                   | SQL: SELECT financial_item, year, value, units FROM financials WHERE company_id = 'SUN'   AND financial_category = 'P&L Consolidated'   AND is_active = TRUE…
2026-05-29 11:48:34 | INFO     | cost_structure | Running cost structure analysis …
2026-05-29 11:48:34 | INFO     | cost_structure | Cost structure analysis complete.
2026-05-29 11:48:34 | INFO     | query_engine                   | DuckDB views registered: financials, financials_latest, company_master, sector_mapping, audit_log
2026-05-29 11:48:34 | INFO     | query_engine                   | SQL: SELECT financial_item, financial_category, year, value, units FROM financials WHERE company_id = 'DRL' AND is_active = TRUE ORDER BY year DESC, financial_item…
2026-05-29 11:48:34 | INFO     | query_engine                   | SQL: SELECT financial_item, year, value, units FROM financials WHERE company_id = 'DRL'   AND financial_category = 'P&L Consolidated'   AND is_active = TRUE…
2026-05-29 11:48:34 | WARNING  | reshaper                       | No P&L data for DRL/P&L Consolidated
2026-05-29 11:48:34 | INFO     | query_engine                   | SQL: SELECT financial_item, financial_category, year, value, units FROM financials WHERE company_id = 'SUN' AND is_active = TRUE ORDER BY year DESC, financial_item…
2026-05-29 11:48:34 | INFO     | query_engine                   | SQL: SELECT financial_item, year, value, units FROM financials WHERE company_id = 'SUN'   AND financial_category = 'P&L Consolidated'   AND is_active = TRUE…
2026-05-29 11:48:34 | INFO     | cost_structure | Running cost structure analysis …
2026-05-29 11:48:35 | INFO     | cost_structure | Cost structure analysis complete.
2026-05-29 11:48:35 | INFO     | query_engine                   | DuckDB views registered: financials, financials_latest, company_master, sector_mapping, audit_log
2026-05-29 11:48:35 | INFO     | query_engine                   | SQL:              SELECT c.company_id, c.company_name,                 MAX(CASE WHEN f.financial_item='Revenue from Operations' THEN f.value END) as revenue,                 MAX(CASE WHEN f.financial_item=…
2026-05-29 11:48:35 | INFO     | query_engine                   | SQL: SELECT financial_item, financial_category, year, value, units FROM financials WHERE company_id = 'SUN' AND is_active = TRUE ORDER BY year DESC, financial_item…
2026-05-29 11:48:35 | INFO     | query_engine                   | SQL: SELECT financial_item, year, value, units FROM financials WHERE company_id = 'SUN'   AND financial_category = 'P&L Consolidated'   AND is_active = TRUE…
2026-05-29 11:48:35 | INFO     | cost_structure | Running cost structure analysis …
2026-05-29 11:48:36 | INFO     | cost_structure | Cost structure analysis complete.
2026-05-29 11:48:36 | INFO     | query_engine                   | SQL: SELECT financial_item, financial_category, year, value, units FROM financials WHERE company_id = 'DRL' AND is_active = TRUE ORDER BY year DESC, financial_item…
2026-05-29 11:48:36 | INFO     | query_engine                   | SQL: SELECT financial_item, year, value, units FROM financials WHERE company_id = 'DRL'   AND financial_category = 'P&L Consolidated'   AND is_active = TRUE…
2026-05-29 11:48:36 | WARNING  | reshaper                       | No P&L data for DRL/P&L Consolidated
2026-05-29 11:49:35 | INFO     | query_engine                   | DuckDB views registered: financials, financials_latest, company_master, sector_mapping, audit_log
2026-05-29 11:49:35 | INFO     | query_engine                   | SQL: SELECT financial_item, year, value, units FROM financials WHERE company_id = 'DRL'   AND financial_category = 'P&L Consolidated'   AND is_active = TRUE…
2026-05-29 11:49:35 | WARNING  | reshaper                       | No P&L data for DRL/P&L Consolidated
2026-05-29 11:49:35 | INFO     | query_engine                   | SQL: SELECT financial_item, year, value, units FROM financials WHERE company_id = 'DRL'   AND financial_category = 'P&L'   AND is_active = TRUE…
2026-05-29 11:49:35 | INFO     | cost_structure | Running cost structure analysis …
2026-05-29 11:49:35 | INFO     | cost_structure | Cost structure analysis complete.
2026-05-29 11:49:35 | INFO     | query_engine                   | SQL: SELECT financial_item, year, value, units FROM financials WHERE company_id = 'SUN'   AND financial_category = 'P&L Consolidated'   AND is_active = TRUE…
2026-05-29 11:49:35 | INFO     | cost_structure | Running cost structure analysis …
2026-05-29 11:49:36 | INFO     | cost_structure | Cost structure analysis complete.
2026-05-29 11:49:36 | INFO     | query_engine                   | DuckDB views registered: financials, financials_latest, company_master, sector_mapping, audit_log
2026-05-29 11:49:36 | INFO     | query_engine                   | SQL: SELECT financial_item, financial_category, year, value, units FROM financials WHERE company_id = 'DRL' AND is_active = TRUE ORDER BY year DESC, financial_item…
2026-05-29 11:49:36 | INFO     | query_engine                   | SQL: SELECT financial_item, year, value, units FROM financials WHERE company_id = 'DRL'   AND financial_category = 'P&L Consolidated'   AND is_active = TRUE…
2026-05-29 11:49:36 | WARNING  | reshaper                       | No P&L data for DRL/P&L Consolidated
2026-05-29 11:49:36 | INFO     | query_engine                   | SQL: SELECT financial_item, financial_category, year, value, units FROM financials WHERE company_id = 'SUN' AND is_active = TRUE ORDER BY year DESC, financial_item…
2026-05-29 11:49:36 | INFO     | query_engine                   | SQL: SELECT financial_item, year, value, units FROM financials WHERE company_id = 'SUN'   AND financial_category = 'P&L Consolidated'   AND is_active = TRUE…
2026-05-29 11:49:36 | INFO     | cost_structure | Running cost structure analysis …
2026-05-29 11:49:37 | INFO     | cost_structure | Cost structure analysis complete.
2026-05-29 11:49:37 | INFO     | query_engine                   | DuckDB views registered: financials, financials_latest, company_master, sector_mapping, audit_log
2026-05-29 11:49:37 | INFO     | query_engine                   | SQL:              SELECT c.company_id, c.company_name,                 MAX(CASE WHEN f.financial_item='Revenue from Operations' THEN f.value END) as revenue,                 MAX(CASE WHEN f.financial_item=…
2026-05-29 11:49:37 | INFO     | query_engine                   | SQL: SELECT financial_item, financial_category, year, value, units FROM financials WHERE company_id = 'SUN' AND is_active = TRUE ORDER BY year DESC, financial_item…
2026-05-29 11:49:37 | INFO     | query_engine                   | SQL: SELECT financial_item, year, value, units FROM financials WHERE company_id = 'SUN'   AND financial_category = 'P&L Consolidated'   AND is_active = TRUE…
2026-05-29 11:49:37 | INFO     | cost_structure | Running cost structure analysis …
2026-05-29 11:49:37 | INFO     | cost_structure | Cost structure analysis complete.
2026-05-29 11:49:38 | INFO     | query_engine                   | SQL: SELECT financial_item, financial_category, year, value, units FROM financials WHERE company_id = 'DRL' AND is_active = TRUE ORDER BY year DESC, financial_item…
2026-05-29 11:49:38 | INFO     | query_engine                   | SQL: SELECT financial_item, year, value, units FROM financials WHERE company_id = 'DRL'   AND financial_category = 'P&L Consolidated'   AND is_active = TRUE…
2026-05-29 11:49:38 | WARNING  | reshaper                       | No P&L data for DRL/P&L Consolidated
2026-05-29 11:49:49 | INFO     | query_engine                   | DuckDB views registered: financials, financials_latest, company_master, sector_mapping, audit_log
2026-05-29 11:49:49 | INFO     | query_engine                   | SQL: SELECT financial_item, year, value, units FROM financials WHERE company_id = 'DRL'   AND financial_category = 'P&L Consolidated'   AND is_active = TRUE…
2026-05-29 11:49:49 | WARNING  | reshaper                       | No P&L data for DRL/P&L Consolidated
2026-05-29 11:49:49 | INFO     | query_engine                   | SQL: SELECT financial_item, year, value, units FROM financials WHERE company_id = 'DRL'   AND financial_category = 'P&L'   AND is_active = TRUE…
2026-05-29 11:49:49 | INFO     | cost_structure | Running cost structure analysis …
2026-05-29 11:49:49 | INFO     | cost_structure | Cost structure analysis complete.
2026-05-29 11:49:49 | INFO     | query_engine                   | SQL: SELECT financial_item, year, value, units FROM financials WHERE company_id = 'SUN'   AND financial_category = 'P&L Consolidated'   AND is_active = TRUE…
2026-05-29 11:49:49 | INFO     | cost_structure | Running cost structure analysis …
2026-05-29 11:49:49 | INFO     | cost_structure | Cost structure analysis complete.
2026-05-29 11:49:49 | INFO     | query_engine                   | DuckDB views registered: financials, financials_latest, company_master, sector_mapping, audit_log
2026-05-29 11:49:49 | INFO     | query_engine                   | SQL: SELECT financial_item, financial_category, year, value, units FROM financials WHERE company_id = 'DRL' AND is_active = TRUE ORDER BY year DESC, financial_item…
2026-05-29 11:49:50 | INFO     | query_engine                   | SQL: SELECT financial_item, year, value, units FROM financials WHERE company_id = 'DRL'   AND financial_category = 'P&L Consolidated'   AND is_active = TRUE…
2026-05-29 11:49:50 | WARNING  | reshaper                       | No P&L data for DRL/P&L Consolidated
2026-05-29 11:49:50 | INFO     | query_engine                   | SQL: SELECT financial_item, financial_category, year, value, units FROM financials WHERE company_id = 'SUN' AND is_active = TRUE ORDER BY year DESC, financial_item…
2026-05-29 11:49:50 | INFO     | query_engine                   | SQL: SELECT financial_item, year, value, units FROM financials WHERE company_id = 'SUN'   AND financial_category = 'P&L Consolidated'   AND is_active = TRUE…
2026-05-29 11:49:50 | INFO     | cost_structure | Running cost structure analysis …
2026-05-29 11:49:50 | INFO     | cost_structure | Cost structure analysis complete.
2026-05-29 11:49:50 | INFO     | query_engine                   | DuckDB views registered: financials, financials_latest, company_master, sector_mapping, audit_log
2026-05-29 11:49:50 | INFO     | query_engine                   | SQL:              SELECT c.company_id, c.company_name,                 MAX(CASE WHEN f.financial_item='Revenue from Operations' THEN f.value END) as revenue,                 MAX(CASE WHEN f.financial_item=…
2026-05-29 11:49:50 | INFO     | query_engine                   | SQL: SELECT financial_item, financial_category, year, value, units FROM financials WHERE company_id = 'SUN' AND is_active = TRUE ORDER BY year DESC, financial_item…
2026-05-29 11:49:51 | INFO     | query_engine                   | SQL: SELECT financial_item, year, value, units FROM financials WHERE company_id = 'SUN'   AND financial_category = 'P&L Consolidated'   AND is_active = TRUE…
2026-05-29 11:49:51 | INFO     | cost_structure | Running cost structure analysis …
2026-05-29 11:49:51 | INFO     | cost_structure | Cost structure analysis complete.
2026-05-29 11:49:51 | INFO     | query_engine                   | SQL: SELECT financial_item, financial_category, year, value, units FROM financials WHERE company_id = 'DRL' AND is_active = TRUE ORDER BY year DESC, financial_item…
2026-05-29 11:49:51 | INFO     | query_engine                   | SQL: SELECT financial_item, year, value, units FROM financials WHERE company_id = 'DRL'   AND financial_category = 'P&L Consolidated'   AND is_active = TRUE…
2026-05-29 11:49:51 | WARNING  | reshaper                       | No P&L data for DRL/P&L Consolidated
2026-05-29 11:50:02 | INFO     | query_engine                   | DuckDB views registered: financials, financials_latest, company_master, sector_mapping, audit_log
2026-05-29 11:50:02 | INFO     | query_engine                   | SQL: SELECT financial_item, year, value, units FROM financials WHERE company_id = 'SUN'   AND financial_category = 'P&L Consolidated'   AND is_active = TRUE…
2026-05-29 11:50:02 | INFO     | cost_structure | Running cost structure analysis …
2026-05-29 11:50:03 | INFO     | cost_structure | Cost structure analysis complete.
2026-05-29 11:50:03 | INFO     | query_engine                   | DuckDB views registered: financials, financials_latest, company_master, sector_mapping, audit_log
2026-05-29 11:50:03 | INFO     | query_engine                   | SQL: SELECT financial_item, financial_category, year, value, units FROM financials WHERE company_id = 'SUN' AND is_active = TRUE ORDER BY year DESC, financial_item…
2026-05-29 11:50:03 | INFO     | query_engine                   | SQL: SELECT financial_item, year, value, units FROM financials WHERE company_id = 'SUN'   AND financial_category = 'P&L Consolidated'   AND is_active = TRUE…
2026-05-29 11:50:03 | INFO     | cost_structure | Running cost structure analysis …
2026-05-29 11:50:03 | INFO     | cost_structure | Cost structure analysis complete.
2026-05-29 11:50:03 | INFO     | query_engine                   | DuckDB views registered: financials, financials_latest, company_master, sector_mapping, audit_log
2026-05-29 11:50:03 | INFO     | query_engine                   | SQL:              SELECT c.company_id, c.company_name,                 MAX(CASE WHEN f.financial_item='Revenue from Operations' THEN f.value END) as revenue,                 MAX(CASE WHEN f.financial_item=…
2026-05-29 11:50:03 | INFO     | query_engine                   | SQL: SELECT financial_item, financial_category, year, value, units FROM financials WHERE company_id = 'SUN' AND is_active = TRUE ORDER BY year DESC, financial_item…
2026-05-29 11:50:03 | INFO     | query_engine                   | SQL: SELECT financial_item, year, value, units FROM financials WHERE company_id = 'SUN'   AND financial_category = 'P&L Consolidated'   AND is_active = TRUE…
2026-05-29 11:50:03 | INFO     | cost_structure | Running cost structure analysis …
2026-05-29 11:50:04 | INFO     | cost_structure | Cost structure analysis complete.
2026-05-29 11:50:04 | INFO     | query_engine                   | SQL: SELECT financial_item, financial_category, year, value, units FROM financials WHERE company_id = 'DRL' AND is_active = TRUE ORDER BY year DESC, financial_item…
2026-05-29 11:50:04 | INFO     | query_engine                   | SQL: SELECT financial_item, year, value, units FROM financials WHERE company_id = 'DRL'   AND financial_category = 'P&L Consolidated'   AND is_active = TRUE…
2026-05-29 11:50:04 | WARNING  | reshaper                       | No P&L data for DRL/P&L Consolidated
2026-05-29 11:50:15 | INFO     | query_engine                   | DuckDB views registered: financials, financials_latest, company_master, sector_mapping, audit_log
2026-05-29 11:50:15 | INFO     | query_engine                   | SQL: SELECT financial_item, year, value, units FROM financials WHERE company_id = 'SUN'   AND financial_category = 'P&L Consolidated'   AND is_active = TRUE…
2026-05-29 11:50:15 | INFO     | cost_structure | Running cost structure analysis …
2026-05-29 11:50:16 | INFO     | cost_structure | Cost structure analysis complete.
2026-05-29 11:50:16 | INFO     | query_engine                   | SQL: SELECT financial_item, year, value, units FROM financials WHERE company_id = 'DRL'   AND financial_category = 'P&L Consolidated'   AND is_active = TRUE…
2026-05-29 11:50:16 | WARNING  | reshaper                       | No P&L data for DRL/P&L Consolidated
2026-05-29 11:50:16 | INFO     | query_engine                   | SQL: SELECT financial_item, year, value, units FROM financials WHERE company_id = 'DRL'   AND financial_category = 'P&L'   AND is_active = TRUE…
2026-05-29 11:50:16 | INFO     | cost_structure | Running cost structure analysis …
2026-05-29 11:50:16 | INFO     | cost_structure | Cost structure analysis complete.
2026-05-29 11:50:16 | INFO     | query_engine                   | DuckDB views registered: financials, financials_latest, company_master, sector_mapping, audit_log
2026-05-29 11:50:16 | INFO     | query_engine                   | SQL: SELECT financial_item, financial_category, year, value, units FROM financials WHERE company_id = 'SUN' AND is_active = TRUE ORDER BY year DESC, financial_item…
2026-05-29 11:50:16 | INFO     | query_engine                   | SQL: SELECT financial_item, year, value, units FROM financials WHERE company_id = 'SUN'   AND financial_category = 'P&L Consolidated'   AND is_active = TRUE…
2026-05-29 11:50:16 | INFO     | cost_structure | Running cost structure analysis …
2026-05-29 11:50:16 | INFO     | cost_structure | Cost structure analysis complete.
2026-05-29 11:50:17 | INFO     | query_engine                   | SQL: SELECT financial_item, financial_category, year, value, units FROM financials WHERE company_id = 'DRL' AND is_active = TRUE ORDER BY year DESC, financial_item…
2026-05-29 11:50:17 | INFO     | query_engine                   | SQL: SELECT financial_item, year, value, units FROM financials WHERE company_id = 'DRL'   AND financial_category = 'P&L Consolidated'   AND is_active = TRUE…
2026-05-29 11:50:17 | WARNING  | reshaper                       | No P&L data for DRL/P&L Consolidated
2026-05-29 11:50:17 | INFO     | query_engine                   | DuckDB views registered: financials, financials_latest, company_master, sector_mapping, audit_log
2026-05-29 11:50:17 | INFO     | query_engine                   | SQL:              SELECT c.company_id, c.company_name,                 MAX(CASE WHEN f.financial_item='Revenue from Operations' THEN f.value END) as revenue,                 MAX(CASE WHEN f.financial_item=…
2026-05-29 11:50:17 | INFO     | query_engine                   | SQL: SELECT financial_item, financial_category, year, value, units FROM financials WHERE company_id = 'SUN' AND is_active = TRUE ORDER BY year DESC, financial_item…
2026-05-29 11:50:17 | INFO     | query_engine                   | SQL: SELECT financial_item, year, value, units FROM financials WHERE company_id = 'SUN'   AND financial_category = 'P&L Consolidated'   AND is_active = TRUE…
2026-05-29 11:50:17 | INFO     | cost_structure | Running cost structure analysis …
2026-05-29 11:50:18 | INFO     | cost_structure | Cost structure analysis complete.
2026-05-29 11:50:18 | INFO     | query_engine                   | SQL: SELECT financial_item, financial_category, year, value, units FROM financials WHERE company_id = 'DRL' AND is_active = TRUE ORDER BY year DESC, financial_item…
2026-05-29 11:50:18 | INFO     | query_engine                   | SQL: SELECT financial_item, year, value, units FROM financials WHERE company_id = 'DRL'   AND financial_category = 'P&L Consolidated'   AND is_active = TRUE…
2026-05-29 11:50:18 | WARNING  | reshaper                       | No P&L data for DRL/P&L Consolidated
2026-05-29 11:50:22 | INFO     | query_engine                   | DuckDB views registered: financials, financials_latest, company_master, sector_mapping, audit_log
2026-05-29 11:50:22 | INFO     | query_engine                   | SQL: SELECT financial_item, financial_category, year, value, units FROM financials WHERE company_id = 'SUN' AND is_active = TRUE ORDER BY year DESC, financial_item…
2026-05-29 11:50:30 | INFO     | query_engine                   | DuckDB views registered: financials, financials_latest, company_master, sector_mapping, audit_log
2026-05-29 11:50:30 | INFO     | query_engine                   | SQL: SELECT financial_item, financial_category, year, value, units FROM financials WHERE company_id = 'SUN' AND is_active = TRUE ORDER BY year DESC, financial_item…
2026-05-29 11:50:30 | INFO     | query_engine                   | SQL: SELECT financial_item, year, value, units FROM financials WHERE company_id = 'SUN'   AND financial_category = 'P&L Consolidated'   AND is_active = TRUE…
2026-05-29 11:50:30 | INFO     | cost_structure | Running cost structure analysis …
2026-05-29 11:50:30 | INFO     | cost_structure | Cost structure analysis complete.
2026-05-29 11:50:51 | INFO     | query_engine                   | DuckDB views registered: financials, financials_latest, company_master, sector_mapping, audit_log
2026-05-29 11:50:51 | INFO     | query_engine                   | SQL: SELECT financial_item, year, value, units FROM financials WHERE company_id = 'CIPLA'   AND financial_category = 'P&L Consolidated'   AND is_active = TRUE…
2026-05-29 11:50:51 | WARNING  | reshaper                       | No P&L data for CIPLA/P&L Consolidated
2026-05-29 11:50:51 | INFO     | query_engine                   | SQL: SELECT financial_item, year, value, units FROM financials WHERE company_id = 'CIPLA'   AND financial_category = 'P&L'   AND is_active = TRUE…
2026-05-29 11:50:51 | WARNING  | reshaper                       | No P&L data for CIPLA/P&L
2026-05-29 11:50:51 | INFO     | query_engine                   | SQL: SELECT financial_item, year, value, units FROM financials WHERE company_id = 'DRL'   AND financial_category = 'P&L Consolidated'   AND is_active = TRUE…
2026-05-29 11:50:51 | WARNING  | reshaper                       | No P&L data for DRL/P&L Consolidated
2026-05-29 11:50:51 | INFO     | query_engine                   | SQL: SELECT financial_item, year, value, units FROM financials WHERE company_id = 'DRL'   AND financial_category = 'P&L'   AND is_active = TRUE…
2026-05-29 11:50:51 | INFO     | cost_structure | Running cost structure analysis …
2026-05-29 11:50:52 | INFO     | cost_structure | Cost structure analysis complete.
2026-05-29 11:50:52 | INFO     | query_engine                   | SQL: SELECT financial_item, year, value, units FROM financials WHERE company_id = 'LUPIN'   AND financial_category = 'P&L Consolidated'   AND is_active = TRUE…
2026-05-29 11:50:52 | WARNING  | reshaper                       | No P&L data for LUPIN/P&L Consolidated
2026-05-29 11:50:52 | INFO     | query_engine                   | SQL: SELECT financial_item, year, value, units FROM financials WHERE company_id = 'LUPIN'   AND financial_category = 'P&L'   AND is_active = TRUE…
2026-05-29 11:50:52 | WARNING  | reshaper                       | No P&L data for LUPIN/P&L
2026-05-29 11:50:52 | INFO     | query_engine                   | SQL: SELECT financial_item, year, value, units FROM financials WHERE company_id = 'SUN'   AND financial_category = 'P&L Consolidated'   AND is_active = TRUE…
2026-05-29 11:50:52 | INFO     | cost_structure | Running cost structure analysis …
2026-05-29 11:50:52 | INFO     | cost_structure | Cost structure analysis complete.
2026-05-29 11:50:52 | INFO     | query_engine                   | DuckDB views registered: financials, financials_latest, company_master, sector_mapping, audit_log
2026-05-29 11:50:52 | INFO     | query_engine                   | SQL: SELECT financial_item, financial_category, year, value, units FROM financials WHERE company_id = 'CIPLA' AND is_active = TRUE ORDER BY year DESC, financial_item…
2026-05-29 11:50:52 | INFO     | query_engine                   | SQL: SELECT financial_item, financial_category, year, value, units FROM financials WHERE company_id = 'DRL' AND is_active = TRUE ORDER BY year DESC, financial_item…
2026-05-29 11:50:52 | INFO     | query_engine                   | SQL: SELECT financial_item, year, value, units FROM financials WHERE company_id = 'DRL'   AND financial_category = 'P&L Consolidated'   AND is_active = TRUE…
2026-05-29 11:50:52 | WARNING  | reshaper                       | No P&L data for DRL/P&L Consolidated
2026-05-29 11:50:52 | INFO     | query_engine                   | SQL: SELECT financial_item, financial_category, year, value, units FROM financials WHERE company_id = 'LUPIN' AND is_active = TRUE ORDER BY year DESC, financial_item…
2026-05-29 11:50:52 | INFO     | query_engine                   | SQL: SELECT financial_item, financial_category, year, value, units FROM financials WHERE company_id = 'SUN' AND is_active = TRUE ORDER BY year DESC, financial_item…
2026-05-29 11:50:52 | INFO     | query_engine                   | SQL: SELECT financial_item, year, value, units FROM financials WHERE company_id = 'SUN'   AND financial_category = 'P&L Consolidated'   AND is_active = TRUE…
2026-05-29 11:50:52 | INFO     | cost_structure | Running cost structure analysis …
2026-05-29 11:50:53 | INFO     | cost_structure | Cost structure analysis complete.
2026-05-29 11:50:53 | INFO     | query_engine                   | DuckDB views registered: financials, financials_latest, company_master, sector_mapping, audit_log
2026-05-29 11:50:53 | INFO     | query_engine                   | SQL:              SELECT c.company_id, c.company_name,                 MAX(CASE WHEN f.financial_item='Revenue from Operations' THEN f.value END) as revenue,                 MAX(CASE WHEN f.financial_item=…
2026-05-29 11:50:53 | INFO     | query_engine                   | SQL: SELECT financial_item, financial_category, year, value, units FROM financials WHERE company_id = 'SUN' AND is_active = TRUE ORDER BY year DESC, financial_item…
2026-05-29 11:50:53 | INFO     | query_engine                   | SQL: SELECT financial_item, year, value, units FROM financials WHERE company_id = 'SUN'   AND financial_category = 'P&L Consolidated'   AND is_active = TRUE…
2026-05-29 11:50:53 | INFO     | cost_structure | Running cost structure analysis …
2026-05-29 11:50:54 | INFO     | cost_structure | Cost structure analysis complete.
2026-05-29 11:50:54 | INFO     | query_engine                   | SQL: SELECT financial_item, financial_category, year, value, units FROM financials WHERE company_id = 'DRL' AND is_active = TRUE ORDER BY year DESC, financial_item…
2026-05-29 11:50:54 | INFO     | query_engine                   | SQL: SELECT financial_item, year, value, units FROM financials WHERE company_id = 'DRL'   AND financial_category = 'P&L Consolidated'   AND is_active = TRUE…
2026-05-29 11:50:54 | WARNING  | reshaper                       | No P&L data for DRL/P&L Consolidated
INFO:     Started server process [21564]
INFO:     Waiting for application startup.
INFO:     Application startup complete.
INFO:     Uvicorn running on http://127.0.0.1:8000 (Press CTRL+C to quit)
2026-05-29 12:43:38 | INFO     | query_engine                   | DuckDB views registered: financials, financials_latest, company_master, sector_mapping, audit_log
2026-05-29 12:43:38 | INFO     | normalizer                     | Loaded 27 canonical items, 93 total aliases
2026-05-29 12:43:38 | INFO     | query_engine                   | DuckDB views registered: financials, financials_latest, company_master, sector_mapping, audit_log
2026-05-29 12:43:38 | INFO     | query_engine                   | SQL: SELECT financial_item, financial_category, year, value, units FROM financials WHERE company_id = 'CIPLA' AND is_active = TRUE ORDER BY year DESC, financial_item…
2026-05-29 12:43:42 | INFO     | query_engine                   | DuckDB views registered: financials, financials_latest, company_master, sector_mapping, audit_log
2026-05-29 12:43:42 | INFO     | query_engine                   | SQL: SELECT financial_item, financial_category, year, value, units FROM financials WHERE company_id = 'SUN' AND is_active = TRUE ORDER BY year DESC, financial_item…
2026-05-29 12:44:00 | INFO     | query_engine                   | DuckDB views registered: financials, financials_latest, company_master, sector_mapping, audit_log
2026-05-29 12:44:00 | INFO     | query_engine                   | SQL: SELECT financial_item, financial_category, year, value, units FROM financials WHERE company_id = 'SUN' AND is_active = TRUE ORDER BY year DESC, financial_item…
2026-05-29 12:44:00 | INFO     | query_engine                   | DuckDB views registered: financials, financials_latest, company_master, sector_mapping, audit_log
2026-05-29 12:44:00 | INFO     | query_engine                   | SQL: SELECT financial_item, financial_category, year, value, units FROM financials WHERE company_id = 'SUN' AND is_active = TRUE ORDER BY year DESC, financial_item…
2026-05-29 12:44:01 | INFO     | query_engine                   | SQL: SELECT financial_item, year, value, units FROM financials WHERE company_id = 'SUN'   AND financial_category = 'P&L Consolidated'   AND is_active = TRUE…
2026-05-29 12:44:01 | INFO     | cost_structure | Running cost structure analysis …
2026-05-29 12:44:01 | INFO     | cost_structure | Cost structure analysis complete.
2026-05-29 12:44:09 | INFO     | query_engine                   | DuckDB views registered: financials, financials_latest, company_master, sector_mapping, audit_log
2026-05-29 12:44:09 | INFO     | query_engine                   | SQL: SELECT financial_item, year, value, units FROM financials WHERE company_id = 'CIPLA'   AND financial_category = 'P&L Consolidated'   AND is_active = TRUE…
2026-05-29 12:44:09 | WARNING  | reshaper                       | No P&L data for CIPLA/P&L Consolidated
2026-05-29 12:44:09 | INFO     | query_engine                   | SQL: SELECT financial_item, year, value, units FROM financials WHERE company_id = 'CIPLA'   AND financial_category = 'P&L'   AND is_active = TRUE…
2026-05-29 12:44:09 | WARNING  | reshaper                       | No P&L data for CIPLA/P&L
2026-05-29 12:44:09 | INFO     | query_engine                   | SQL: SELECT financial_item, year, value, units FROM financials WHERE company_id = 'DRL'   AND financial_category = 'P&L Consolidated'   AND is_active = TRUE…
2026-05-29 12:44:09 | WARNING  | reshaper                       | No P&L data for DRL/P&L Consolidated
2026-05-29 12:44:09 | INFO     | query_engine                   | SQL: SELECT financial_item, year, value, units FROM financials WHERE company_id = 'DRL'   AND financial_category = 'P&L'   AND is_active = TRUE…
2026-05-29 12:44:09 | INFO     | cost_structure | Running cost structure analysis …
2026-05-29 12:44:09 | INFO     | cost_structure | Cost structure analysis complete.
2026-05-29 12:44:09 | INFO     | query_engine                   | SQL: SELECT financial_item, year, value, units FROM financials WHERE company_id = 'LUPIN'   AND financial_category = 'P&L Consolidated'   AND is_active = TRUE…
2026-05-29 12:44:09 | WARNING  | reshaper                       | No P&L data for LUPIN/P&L Consolidated
2026-05-29 12:44:09 | INFO     | query_engine                   | SQL: SELECT financial_item, year, value, units FROM financials WHERE company_id = 'LUPIN'   AND financial_category = 'P&L'   AND is_active = TRUE…
2026-05-29 12:44:09 | WARNING  | reshaper                       | No P&L data for LUPIN/P&L
2026-05-29 12:44:09 | INFO     | query_engine                   | SQL: SELECT financial_item, year, value, units FROM financials WHERE company_id = 'SUN'   AND financial_category = 'P&L Consolidated'   AND is_active = TRUE…
2026-05-29 12:44:09 | INFO     | cost_structure | Running cost structure analysis …
2026-05-29 12:44:10 | INFO     | cost_structure | Cost structure analysis complete.
2026-05-29 12:44:10 | INFO     | query_engine                   | DuckDB views registered: financials, financials_latest, company_master, sector_mapping, audit_log
2026-05-29 12:44:10 | INFO     | query_engine                   | SQL: SELECT financial_item, financial_category, year, value, units FROM financials WHERE company_id = 'CIPLA' AND is_active = TRUE ORDER BY year DESC, financial_item…
2026-05-29 12:44:10 | INFO     | query_engine                   | SQL: SELECT financial_item, financial_category, year, value, units FROM financials WHERE company_id = 'DRL' AND is_active = TRUE ORDER BY year DESC, financial_item…
2026-05-29 12:44:10 | INFO     | query_engine                   | SQL: SELECT financial_item, year, value, units FROM financials WHERE company_id = 'DRL'   AND financial_category = 'P&L Consolidated'   AND is_active = TRUE…
2026-05-29 12:44:10 | WARNING  | reshaper                       | No P&L data for DRL/P&L Consolidated
2026-05-29 12:44:10 | INFO     | query_engine                   | SQL: SELECT financial_item, financial_category, year, value, units FROM financials WHERE company_id = 'LUPIN' AND is_active = TRUE ORDER BY year DESC, financial_item…
2026-05-29 12:44:10 | INFO     | query_engine                   | SQL: SELECT financial_item, financial_category, year, value, units FROM financials WHERE company_id = 'SUN' AND is_active = TRUE ORDER BY year DESC, financial_item…
2026-05-29 12:44:10 | INFO     | query_engine                   | SQL: SELECT financial_item, year, value, units FROM financials WHERE company_id = 'SUN'   AND financial_category = 'P&L Consolidated'   AND is_active = TRUE…
2026-05-29 12:44:10 | INFO     | cost_structure | Running cost structure analysis …
2026-05-29 12:44:11 | INFO     | cost_structure | Cost structure analysis complete.
2026-05-29 12:44:11 | INFO     | query_engine                   | DuckDB views registered: financials, financials_latest, company_master, sector_mapping, audit_log
2026-05-29 12:44:11 | INFO     | query_engine                   | SQL:              SELECT c.company_id, c.company_name,                 MAX(CASE WHEN f.financial_item='Revenue from Operations' THEN f.value END) as revenue,                 MAX(CASE WHEN f.financial_item=…
2026-05-29 12:44:11 | INFO     | query_engine                   | SQL: SELECT financial_item, financial_category, year, value, units FROM financials WHERE company_id = 'SUN' AND is_active = TRUE ORDER BY year DESC, financial_item…
2026-05-29 12:44:11 | INFO     | query_engine                   | SQL: SELECT financial_item, year, value, units FROM financials WHERE company_id = 'SUN'   AND financial_category = 'P&L Consolidated'   AND is_active = TRUE…
2026-05-29 12:44:11 | INFO     | cost_structure | Running cost structure analysis …
2026-05-29 12:44:12 | INFO     | cost_structure | Cost structure analysis complete.
2026-05-29 12:44:12 | INFO     | query_engine                   | SQL: SELECT financial_item, financial_category, year, value, units FROM financials WHERE company_id = 'DRL' AND is_active = TRUE ORDER BY year DESC, financial_item…
2026-05-29 12:44:12 | INFO     | query_engine                   | SQL: SELECT financial_item, year, value, units FROM financials WHERE company_id = 'DRL'   AND financial_category = 'P&L Consolidated'   AND is_active = TRUE…
2026-05-29 12:44:12 | WARNING  | reshaper                       | No P&L data for DRL/P&L Consolidated
2026-05-29 12:44:16 | INFO     | query_engine                   | DuckDB views registered: financials, financials_latest, company_master, sector_mapping, audit_log
2026-05-29 12:44:16 | INFO     | query_engine                   | SQL: SELECT financial_item, financial_category, year, value, units FROM financials WHERE company_id = 'SUN' AND is_active = TRUE ORDER BY year DESC, financial_item…
2026-05-29 12:44:16 | INFO     | query_engine                   | SQL: SELECT financial_item, year, value, units FROM financials WHERE company_id = 'SUN'   AND financial_category = 'P&L Consolidated'   AND is_active = TRUE…
2026-05-29 12:44:16 | INFO     | cost_structure | Running cost structure analysis …
2026-05-29 12:44:17 | INFO     | cost_structure | Cost structure analysis complete.
2026-05-29 12:49:10 | INFO     | query_engine                   | DuckDB views registered: financials, financials_latest, company_master, sector_mapping, audit_log
2026-05-29 12:49:11 | INFO     | query_engine                   | SQL: SELECT financial_item, financial_category, year, value, units FROM financials WHERE company_id = 'SUN' AND is_active = TRUE ORDER BY year DESC, financial_item…
2026-05-29 12:49:11 | INFO     | query_engine                   | SQL: SELECT financial_item, year, value, units FROM financials WHERE company_id = 'SUN'   AND financial_category = 'P&L Consolidated'   AND is_active = TRUE…
2026-05-29 12:49:11 | INFO     | cost_structure | Running cost structure analysis …
2026-05-29 12:49:11 | INFO     | cost_structure | Cost structure analysis complete.
2026-05-29 12:49:25 | INFO     | query_engine                   | DuckDB views registered: financials, financials_latest, company_master, sector_mapping, audit_log
2026-05-29 12:49:25 | INFO     | query_engine                   | SQL: SELECT financial_item, financial_category, year, value, units FROM financials WHERE company_id = 'SUN' AND is_active = TRUE ORDER BY year DESC, financial_item…
2026-05-29 12:49:26 | INFO     | query_engine                   | SQL: SELECT financial_item, year, value, units FROM financials WHERE company_id = 'SUN'   AND financial_category = 'P&L Consolidated'   AND is_active = TRUE…
2026-05-29 12:49:26 | INFO     | cost_structure | Running cost structure analysis …
2026-05-29 12:49:27 | INFO     | cost_structure | Cost structure analysis complete.
INFO:     Started server process [12568]
INFO:     Waiting for application startup.
INFO:     Application startup complete.
INFO:     Uvicorn running on http://127.0.0.1:8000 (Press CTRL+C to quit)
2026-05-29 12:50:21 | INFO     | query_engine                   | DuckDB views registered: financials, financials_latest, company_master, sector_mapping, audit_log
2026-05-29 12:50:21 | INFO     | normalizer                     | Loaded 27 canonical items, 93 total aliases
2026-05-29 12:50:21 | INFO     | query_engine                   | DuckDB views registered: financials, financials_latest, company_master, sector_mapping, audit_log
2026-05-29 12:50:21 | INFO     | query_engine                   | SQL: SELECT financial_item, financial_category, year, value, units FROM financials WHERE company_id = 'CIPLA' AND is_active = TRUE ORDER BY year DESC, financial_item…
2026-05-29 12:50:25 | INFO     | query_engine                   | DuckDB views registered: financials, financials_latest, company_master, sector_mapping, audit_log
2026-05-29 12:50:25 | INFO     | query_engine                   | SQL: SELECT financial_item, financial_category, year, value, units FROM financials WHERE company_id = 'SUN' AND is_active = TRUE ORDER BY year DESC, financial_item…
2026-05-29 12:50:29 | INFO     | query_engine                   | DuckDB views registered: financials, financials_latest, company_master, sector_mapping, audit_log
2026-05-29 12:50:29 | INFO     | warehouse                      | Ingested batch: {'ingestion_id': 'a5b09478-803c-4288-9c3c-779e5d377678', 'rows_loaded': 43, 'rows_revised': 43, 'rows_new': 0}
2026-05-29 12:50:29 | INFO     | query_engine                   | DuckDB views registered: financials, financials_latest, company_master, sector_mapping, audit_log
2026-05-29 12:50:29 | INFO     | query_engine                   | DuckDB views registered: financials, financials_latest, company_master, sector_mapping, audit_log
2026-05-29 12:50:29 | INFO     | query_engine                   | SQL: SELECT financial_item, year, value, units FROM financials WHERE company_id = 'SUN'   AND financial_category = 'P&L Consolidated'   AND is_active = TRUE…
2026-05-29 12:50:29 | INFO     | query_engine                   | SQL: SELECT financial_item, year, value, units FROM financials WHERE company_id = 'SUN'   AND financial_category = 'P&L Standalone'   AND is_active = TRUE…
2026-05-29 12:50:29 | INFO     | query_engine                   | SQL: SELECT financial_item, year, value, units FROM financials WHERE company_id = 'SUN'   AND financial_category = 'Altman Z'   AND financial_item IN ('Revenue from Operations','EBITDA','PAT','Total Assets…
2026-05-29 12:50:29 | INFO     | cost_structure | Running cost structure analysis …
2026-05-29 12:50:30 | INFO     | cost_structure | Cost structure analysis complete.
2026-05-29 12:50:30 | INFO     | bankruptcy | Running bankruptcy/Altman Z analysis …
2026-05-29 12:50:33 | INFO     | query_engine                   | DuckDB views registered: financials, financials_latest, company_master, sector_mapping, audit_log
2026-05-29 12:50:33 | INFO     | query_engine                   | SQL: SELECT financial_item, financial_category, year, value, units FROM financials WHERE company_id = 'SUN' AND is_active = TRUE ORDER BY year DESC, financial_item…
2026-05-29 12:50:33 | INFO     | query_engine                   | SQL: SELECT financial_item, year, value, units FROM financials WHERE company_id = 'SUN'   AND financial_category = 'P&L Consolidated'   AND is_active = TRUE…
2026-05-29 12:50:33 | INFO     | cost_structure | Running cost structure analysis …
2026-05-29 12:50:34 | INFO     | cost_structure | Cost structure analysis complete.
2026-05-29 12:50:34 | INFO     | query_engine                   | DuckDB views registered: financials, financials_latest, company_master, sector_mapping, audit_log
2026-05-29 12:50:34 | INFO     | query_engine                   | SQL: SELECT financial_item, financial_category, year, value, units FROM financials WHERE company_id = 'SUN' AND is_active = TRUE ORDER BY year DESC, financial_item…
2026-05-29 12:50:41 | INFO     | query_engine                   | DuckDB views registered: financials, financials_latest, company_master, sector_mapping, audit_log
2026-05-29 12:50:41 | INFO     | query_engine                   | SQL: SELECT financial_item, financial_category, year, value, units FROM financials WHERE company_id = 'SUN' AND is_active = TRUE ORDER BY year DESC, financial_item…
2026-05-29 12:50:41 | INFO     | query_engine                   | SQL: SELECT financial_item, year, value, units FROM financials WHERE company_id = 'SUN'   AND financial_category = 'P&L Consolidated'   AND is_active = TRUE…
2026-05-29 12:50:41 | INFO     | cost_structure | Running cost structure analysis …
2026-05-29 12:50:41 | INFO     | cost_structure | Cost structure analysis complete.
2026-05-29 12:50:41 | INFO     | query_engine                   | DuckDB views registered: financials, financials_latest, company_master, sector_mapping, audit_log
2026-05-29 12:50:41 | INFO     | query_engine                   | SQL: SELECT financial_item, financial_category, year, value, units FROM financials WHERE company_id = 'SUN' AND is_active = TRUE ORDER BY year DESC, financial_item…
2026-05-29 12:50:53 | INFO     | query_engine                   | DuckDB views registered: financials, financials_latest, company_master, sector_mapping, audit_log
2026-05-29 12:50:53 | INFO     | query_engine                   | SQL: SELECT financial_item, year, value, units FROM financials WHERE company_id = 'CIPLA'   AND financial_category = 'P&L Consolidated'   AND is_active = TRUE…
2026-05-29 12:50:53 | WARNING  | reshaper                       | No P&L data for CIPLA/P&L Consolidated
2026-05-29 12:50:53 | INFO     | query_engine                   | SQL: SELECT financial_item, year, value, units FROM financials WHERE company_id = 'CIPLA'   AND financial_category = 'P&L'   AND is_active = TRUE…
2026-05-29 12:50:53 | WARNING  | reshaper                       | No P&L data for CIPLA/P&L
2026-05-29 12:50:53 | INFO     | query_engine                   | SQL: SELECT financial_item, year, value, units FROM financials WHERE company_id = 'DRL'   AND financial_category = 'P&L Consolidated'   AND is_active = TRUE…
2026-05-29 12:50:53 | WARNING  | reshaper                       | No P&L data for DRL/P&L Consolidated
2026-05-29 12:50:53 | INFO     | query_engine                   | SQL: SELECT financial_item, year, value, units FROM financials WHERE company_id = 'DRL'   AND financial_category = 'P&L'   AND is_active = TRUE…
2026-05-29 12:50:53 | INFO     | cost_structure | Running cost structure analysis …
2026-05-29 12:50:53 | INFO     | cost_structure | Cost structure analysis complete.
2026-05-29 12:50:53 | INFO     | query_engine                   | SQL: SELECT financial_item, year, value, units FROM financials WHERE company_id = 'LUPIN'   AND financial_category = 'P&L Consolidated'   AND is_active = TRUE…
2026-05-29 12:50:53 | WARNING  | reshaper                       | No P&L data for LUPIN/P&L Consolidated
2026-05-29 12:50:53 | INFO     | query_engine                   | SQL: SELECT financial_item, year, value, units FROM financials WHERE company_id = 'LUPIN'   AND financial_category = 'P&L'   AND is_active = TRUE…
2026-05-29 12:50:53 | WARNING  | reshaper                       | No P&L data for LUPIN/P&L
2026-05-29 12:50:53 | INFO     | query_engine                   | SQL: SELECT financial_item, year, value, units FROM financials WHERE company_id = 'SUN'   AND financial_category = 'P&L Consolidated'   AND is_active = TRUE…
2026-05-29 12:50:53 | INFO     | cost_structure | Running cost structure analysis …
2026-05-29 12:50:54 | INFO     | cost_structure | Cost structure analysis complete.
2026-05-29 12:50:54 | INFO     | query_engine                   | DuckDB views registered: financials, financials_latest, company_master, sector_mapping, audit_log
2026-05-29 12:50:54 | INFO     | query_engine                   | SQL: SELECT financial_item, financial_category, year, value, units FROM financials WHERE company_id = 'CIPLA' AND is_active = TRUE ORDER BY year DESC, financial_item…
2026-05-29 12:50:54 | INFO     | query_engine                   | SQL: SELECT financial_item, financial_category, year, value, units FROM financials WHERE company_id = 'DRL' AND is_active = TRUE ORDER BY year DESC, financial_item…
2026-05-29 12:50:54 | INFO     | query_engine                   | SQL: SELECT financial_item, year, value, units FROM financials WHERE company_id = 'DRL'   AND financial_category = 'P&L Consolidated'   AND is_active = TRUE…
2026-05-29 12:50:54 | WARNING  | reshaper                       | No P&L data for DRL/P&L Consolidated
2026-05-29 12:50:54 | INFO     | query_engine                   | SQL: SELECT financial_item, financial_category, year, value, units FROM financials WHERE company_id = 'LUPIN' AND is_active = TRUE ORDER BY year DESC, financial_item…
2026-05-29 12:50:54 | INFO     | query_engine                   | SQL: SELECT financial_item, financial_category, year, value, units FROM financials WHERE company_id = 'SUN' AND is_active = TRUE ORDER BY year DESC, financial_item…
2026-05-29 12:50:54 | INFO     | query_engine                   | SQL: SELECT financial_item, year, value, units FROM financials WHERE company_id = 'SUN'   AND financial_category = 'P&L Consolidated'   AND is_active = TRUE…
2026-05-29 12:50:54 | INFO     | cost_structure | Running cost structure analysis …
2026-05-29 12:50:54 | INFO     | cost_structure | Cost structure analysis complete.
2026-05-29 12:50:55 | INFO     | query_engine                   | DuckDB views registered: financials, financials_latest, company_master, sector_mapping, audit_log
2026-05-29 12:50:55 | INFO     | query_engine                   | SQL:              SELECT c.company_id, c.company_name,                 MAX(CASE WHEN f.financial_item='Revenue from Operations' THEN f.value END) as revenue,                 MAX(CASE WHEN f.financial_item=…
2026-05-29 12:50:55 | INFO     | query_engine                   | SQL: SELECT financial_item, financial_category, year, value, units FROM financials WHERE company_id = 'SUN' AND is_active = TRUE ORDER BY year DESC, financial_item…
2026-05-29 12:50:55 | INFO     | query_engine                   | SQL: SELECT financial_item, year, value, units FROM financials WHERE company_id = 'SUN'   AND financial_category = 'P&L Consolidated'   AND is_active = TRUE…
2026-05-29 12:50:55 | INFO     | cost_structure | Running cost structure analysis …
2026-05-29 12:50:55 | INFO     | cost_structure | Cost structure analysis complete.
2026-05-29 12:50:55 | INFO     | query_engine                   | SQL: SELECT financial_item, financial_category, year, value, units FROM financials WHERE company_id = 'DRL' AND is_active = TRUE ORDER BY year DESC, financial_item…
2026-05-29 12:50:55 | INFO     | query_engine                   | SQL: SELECT financial_item, year, value, units FROM financials WHERE company_id = 'DRL'   AND financial_category = 'P&L Consolidated'   AND is_active = TRUE…
2026-05-29 12:50:55 | WARNING  | reshaper                       | No P&L data for DRL/P&L Consolidated
2026-05-29 13:10:17 | INFO     | query_engine                   | DuckDB views registered: financials, financials_latest, company_master, sector_mapping, audit_log
2026-05-29 13:10:17 | INFO     | query_engine                   | SQL: SELECT financial_item, financial_category, year, value, units FROM financials WHERE company_id = 'SUN' AND is_active = TRUE ORDER BY year DESC, financial_item…
2026-05-29 13:10:17 | INFO     | query_engine                   | SQL: SELECT financial_item, year, value, units FROM financials WHERE company_id = 'SUN'   AND financial_category = 'P&L Consolidated'   AND is_active = TRUE…
2026-05-29 13:10:17 | INFO     | cost_structure | Running cost structure analysis …
2026-05-29 13:10:18 | INFO     | cost_structure | Cost structure analysis complete.
2026-05-29 13:10:18 | INFO     | query_engine                   | DuckDB views registered: financials, financials_latest, company_master, sector_mapping, audit_log
2026-05-29 13:10:18 | INFO     | query_engine                   | SQL: SELECT financial_item, financial_category, year, value, units FROM financials WHERE company_id = 'SUN' AND is_active = TRUE ORDER BY year DESC, financial_item…
2026-05-29 13:10:25 | INFO     | query_engine                   | DuckDB views registered: financials, financials_latest, company_master, sector_mapping, audit_log
2026-05-29 13:10:25 | INFO     | query_engine                   | SQL: SELECT financial_item, financial_category, year, value, units FROM financials WHERE company_id = 'SUN' AND is_active = TRUE ORDER BY year DESC, financial_item…
2026-05-29 13:10:33 | INFO     | query_engine                   | DuckDB views registered: financials, financials_latest, company_master, sector_mapping, audit_log
2026-05-29 13:10:33 | INFO     | query_engine                   | SQL: SELECT financial_item, financial_category, year, value, units FROM financials WHERE company_id = 'SUN' AND is_active = TRUE ORDER BY year DESC, financial_item…
2026-05-29 13:10:33 | INFO     | query_engine                   | SQL: SELECT financial_item, year, value, units FROM financials WHERE company_id = 'SUN'   AND financial_category = 'P&L Consolidated'   AND is_active = TRUE…
2026-05-29 13:10:33 | INFO     | cost_structure | Running cost structure analysis …
2026-05-29 13:10:34 | INFO     | cost_structure | Cost structure analysis complete.
2026-05-29 13:10:34 | INFO     | query_engine                   | DuckDB views registered: financials, financials_latest, company_master, sector_mapping, audit_log
2026-05-29 13:10:34 | INFO     | query_engine                   | SQL: SELECT financial_item, financial_category, year, value, units FROM financials WHERE company_id = 'SUN' AND is_active = TRUE ORDER BY year DESC, financial_item…
2026-05-29 13:16:02 | INFO     | query_engine                   | DuckDB views registered: financials, financials_latest, company_master, sector_mapping, audit_log
2026-05-29 13:16:02 | INFO     | query_engine                   | SQL: SELECT financial_item, year, value, units FROM financials WHERE company_id = 'CIPLA'   AND financial_category = 'P&L Consolidated'   AND is_active = TRUE…
2026-05-29 13:16:02 | WARNING  | reshaper                       | No P&L data for CIPLA/P&L Consolidated
2026-05-29 13:16:02 | INFO     | query_engine                   | SQL: SELECT financial_item, year, value, units FROM financials WHERE company_id = 'CIPLA'   AND financial_category = 'P&L'   AND is_active = TRUE…
2026-05-29 13:16:02 | WARNING  | reshaper                       | No P&L data for CIPLA/P&L
2026-05-29 13:16:02 | INFO     | query_engine                   | SQL: SELECT financial_item, year, value, units FROM financials WHERE company_id = 'DRL'   AND financial_category = 'P&L Consolidated'   AND is_active = TRUE…
2026-05-29 13:16:02 | WARNING  | reshaper                       | No P&L data for DRL/P&L Consolidated
2026-05-29 13:16:02 | INFO     | query_engine                   | SQL: SELECT financial_item, year, value, units FROM financials WHERE company_id = 'DRL'   AND financial_category = 'P&L'   AND is_active = TRUE…
2026-05-29 13:16:02 | INFO     | cost_structure | Running cost structure analysis …
2026-05-29 13:16:02 | INFO     | cost_structure | Cost structure analysis complete.
2026-05-29 13:16:02 | INFO     | query_engine                   | SQL: SELECT financial_item, year, value, units FROM financials WHERE company_id = 'LUPIN'   AND financial_category = 'P&L Consolidated'   AND is_active = TRUE…
2026-05-29 13:16:02 | WARNING  | reshaper                       | No P&L data for LUPIN/P&L Consolidated
2026-05-29 13:16:02 | INFO     | query_engine                   | SQL: SELECT financial_item, year, value, units FROM financials WHERE company_id = 'LUPIN'   AND financial_category = 'P&L'   AND is_active = TRUE…
2026-05-29 13:16:02 | WARNING  | reshaper                       | No P&L data for LUPIN/P&L
2026-05-29 13:16:02 | INFO     | query_engine                   | SQL: SELECT financial_item, year, value, units FROM financials WHERE company_id = 'SUN'   AND financial_category = 'P&L Consolidated'   AND is_active = TRUE…
2026-05-29 13:16:02 | INFO     | cost_structure | Running cost structure analysis …
2026-05-29 13:16:03 | INFO     | cost_structure | Cost structure analysis complete.
2026-05-29 13:16:03 | INFO     | query_engine                   | DuckDB views registered: financials, financials_latest, company_master, sector_mapping, audit_log
2026-05-29 13:16:03 | INFO     | query_engine                   | SQL: SELECT financial_item, financial_category, year, value, units FROM financials WHERE company_id = 'CIPLA' AND is_active = TRUE ORDER BY year DESC, financial_item…
2026-05-29 13:16:03 | INFO     | query_engine                   | SQL: SELECT financial_item, financial_category, year, value, units FROM financials WHERE company_id = 'DRL' AND is_active = TRUE ORDER BY year DESC, financial_item…
2026-05-29 13:16:03 | INFO     | query_engine                   | SQL: SELECT financial_item, year, value, units FROM financials WHERE company_id = 'DRL'   AND financial_category = 'P&L Consolidated'   AND is_active = TRUE…
2026-05-29 13:16:03 | WARNING  | reshaper                       | No P&L data for DRL/P&L Consolidated
2026-05-29 13:16:03 | INFO     | query_engine                   | SQL: SELECT financial_item, financial_category, year, value, units FROM financials WHERE company_id = 'LUPIN' AND is_active = TRUE ORDER BY year DESC, financial_item…
2026-05-29 13:16:03 | INFO     | query_engine                   | SQL: SELECT financial_item, financial_category, year, value, units FROM financials WHERE company_id = 'SUN' AND is_active = TRUE ORDER BY year DESC, financial_item…
2026-05-29 13:16:03 | INFO     | query_engine                   | SQL: SELECT financial_item, year, value, units FROM financials WHERE company_id = 'SUN'   AND financial_category = 'P&L Consolidated'   AND is_active = TRUE…
2026-05-29 13:16:03 | INFO     | cost_structure | Running cost structure analysis …
2026-05-29 13:16:04 | INFO     | cost_structure | Cost structure analysis complete.
2026-05-29 13:16:04 | INFO     | query_engine                   | DuckDB views registered: financials, financials_latest, company_master, sector_mapping, audit_log
2026-05-29 13:16:04 | INFO     | query_engine                   | SQL:              SELECT c.company_id, c.company_name,                 MAX(CASE WHEN f.financial_item='Revenue from Operations' THEN f.value END) as revenue,                 MAX(CASE WHEN f.financial_item=…
2026-05-29 13:16:04 | INFO     | query_engine                   | SQL: SELECT financial_item, financial_category, year, value, units FROM financials WHERE company_id = 'SUN' AND is_active = TRUE ORDER BY year DESC, financial_item…
2026-05-29 13:16:04 | INFO     | query_engine                   | SQL: SELECT financial_item, year, value, units FROM financials WHERE company_id = 'SUN'   AND financial_category = 'P&L Consolidated'   AND is_active = TRUE…
2026-05-29 13:16:04 | INFO     | cost_structure | Running cost structure analysis …
2026-05-29 13:16:05 | INFO     | cost_structure | Cost structure analysis complete.
2026-05-29 13:16:05 | INFO     | query_engine                   | SQL: SELECT financial_item, financial_category, year, value, units FROM financials WHERE company_id = 'DRL' AND is_active = TRUE ORDER BY year DESC, financial_item…
2026-05-29 13:16:05 | INFO     | query_engine                   | SQL: SELECT financial_item, year, value, units FROM financials WHERE company_id = 'DRL'   AND financial_category = 'P&L Consolidated'   AND is_active = TRUE…
2026-05-29 13:16:05 | WARNING  | reshaper                       | No P&L data for DRL/P&L Consolidated
2026-05-29 15:09:32 | INFO     | query_engine                   | DuckDB views registered: financials, financials_latest, company_master, sector_mapping, audit_log
2026-05-29 15:09:32 | INFO     | query_engine                   | SQL: SELECT financial_item, financial_category, year, value, units FROM financials WHERE company_id = 'SUN' AND is_active = TRUE ORDER BY year DESC, financial_item…
2026-05-29 15:09:32 | INFO     | query_engine                   | SQL: SELECT financial_item, year, value, units FROM financials WHERE company_id = 'SUN'   AND financial_category = 'P&L Consolidated'   AND is_active = TRUE…
2026-05-29 15:09:32 | INFO     | cost_structure | Running cost structure analysis …
2026-05-29 15:09:33 | INFO     | cost_structure | Cost structure analysis complete.
2026-05-29 15:11:27 | INFO     | query_engine                   | DuckDB views registered: financials, financials_latest, company_master, sector_mapping, audit_log
2026-05-29 15:11:27 | INFO     | query_engine                   | SQL: SELECT financial_item, financial_category, year, value, units FROM financials WHERE company_id = 'SUN' AND is_active = TRUE ORDER BY year DESC, financial_item…
2026-05-29 15:11:28 | INFO     | query_engine                   | SQL: SELECT financial_item, year, value, units FROM financials WHERE company_id = 'SUN'   AND financial_category = 'P&L Consolidated'   AND is_active = TRUE…
2026-05-29 15:11:28 | INFO     | cost_structure | Running cost structure analysis …
2026-05-29 15:11:28 | INFO     | cost_structure | Cost structure analysis complete.
2026-05-29 15:11:28 | INFO     | query_engine                   | DuckDB views registered: financials, financials_latest, company_master, sector_mapping, audit_log
2026-05-29 15:11:28 | INFO     | query_engine                   | SQL: SELECT financial_item, financial_category, year, value, units FROM financials WHERE company_id = 'SUN' AND is_active = TRUE ORDER BY year DESC, financial_item…
2026-05-29 15:13:19 | INFO     | query_engine                   | DuckDB views registered: financials, financials_latest, company_master, sector_mapping, audit_log
2026-05-29 15:13:19 | INFO     | query_engine                   | SQL: SELECT financial_item, year, value, units FROM financials WHERE company_id = 'SUN'   AND financial_category = 'P&L Consolidated'   AND is_active = TRUE…
2026-05-29 15:13:19 | INFO     | cost_structure | Running cost structure analysis …
2026-05-29 15:13:19 | INFO     | cost_structure | Cost structure analysis complete.
2026-05-29 15:13:19 | INFO     | query_engine                   | SQL: SELECT financial_item, year, value, units FROM financials WHERE company_id = 'DRL'   AND financial_category = 'P&L Consolidated'   AND is_active = TRUE…
2026-05-29 15:13:19 | WARNING  | reshaper                       | No P&L data for DRL/P&L Consolidated
2026-05-29 15:13:19 | INFO     | query_engine                   | SQL: SELECT financial_item, year, value, units FROM financials WHERE company_id = 'DRL'   AND financial_category = 'P&L'   AND is_active = TRUE…
2026-05-29 15:13:19 | INFO     | cost_structure | Running cost structure analysis …
2026-05-29 15:13:20 | INFO     | cost_structure | Cost structure analysis complete.
2026-05-29 15:13:20 | INFO     | query_engine                   | DuckDB views registered: financials, financials_latest, company_master, sector_mapping, audit_log
2026-05-29 15:13:20 | INFO     | query_engine                   | SQL: SELECT financial_item, financial_category, year, value, units FROM financials WHERE company_id = 'SUN' AND is_active = TRUE ORDER BY year DESC, financial_item…
2026-05-29 15:13:20 | INFO     | query_engine                   | SQL: SELECT financial_item, year, value, units FROM financials WHERE company_id = 'SUN'   AND financial_category = 'P&L Consolidated'   AND is_active = TRUE…
2026-05-29 15:13:20 | INFO     | cost_structure | Running cost structure analysis …
2026-05-29 15:13:21 | INFO     | cost_structure | Cost structure analysis complete.
2026-05-29 15:13:21 | INFO     | query_engine                   | SQL: SELECT financial_item, financial_category, year, value, units FROM financials WHERE company_id = 'DRL' AND is_active = TRUE ORDER BY year DESC, financial_item…
2026-05-29 15:13:21 | INFO     | query_engine                   | SQL: SELECT financial_item, year, value, units FROM financials WHERE company_id = 'DRL'   AND financial_category = 'P&L Consolidated'   AND is_active = TRUE…
2026-05-29 15:13:21 | WARNING  | reshaper                       | No P&L data for DRL/P&L Consolidated
2026-05-29 15:13:21 | INFO     | query_engine                   | DuckDB views registered: financials, financials_latest, company_master, sector_mapping, audit_log
2026-05-29 15:13:21 | INFO     | query_engine                   | SQL:              SELECT c.company_id, c.company_name,                 MAX(CASE WHEN f.financial_item='Revenue from Operations' THEN f.value END) as revenue,                 MAX(CASE WHEN f.financial_item=…
2026-05-29 15:13:21 | INFO     | query_engine                   | SQL: SELECT financial_item, financial_category, year, value, units FROM financials WHERE company_id = 'SUN' AND is_active = TRUE ORDER BY year DESC, financial_item…
2026-05-29 15:13:21 | INFO     | query_engine                   | SQL: SELECT financial_item, year, value, units FROM financials WHERE company_id = 'SUN'   AND financial_category = 'P&L Consolidated'   AND is_active = TRUE…
2026-05-29 15:13:21 | INFO     | cost_structure | Running cost structure analysis …
2026-05-29 15:13:22 | INFO     | cost_structure | Cost structure analysis complete.
2026-05-29 15:13:22 | INFO     | query_engine                   | SQL: SELECT financial_item, financial_category, year, value, units FROM financials WHERE company_id = 'DRL' AND is_active = TRUE ORDER BY year DESC, financial_item…
2026-05-29 15:13:22 | INFO     | query_engine                   | SQL: SELECT financial_item, year, value, units FROM financials WHERE company_id = 'DRL'   AND financial_category = 'P&L Consolidated'   AND is_active = TRUE…
2026-05-29 15:13:22 | WARNING  | reshaper                       | No P&L data for DRL/P&L Consolidated
2026-05-29 15:18:14 | INFO     | query_engine                   | DuckDB views registered: financials, financials_latest, company_master, sector_mapping, audit_log
2026-05-29 15:18:14 | INFO     | query_engine                   | SQL: SELECT financial_item, financial_category, year, value, units FROM financials WHERE company_id = 'SUN' AND is_active = TRUE ORDER BY year DESC, financial_item…
2026-05-29 15:18:14 | INFO     | query_engine                   | SQL: SELECT financial_item, year, value, units FROM financials WHERE company_id = 'SUN'   AND financial_category = 'P&L Consolidated'   AND is_active = TRUE…
2026-05-29 15:18:14 | INFO     | cost_structure | Running cost structure analysis …
2026-05-29 15:18:15 | INFO     | cost_structure | Cost structure analysis complete.
2026-05-29 15:18:15 | INFO     | query_engine                   | DuckDB views registered: financials, financials_latest, company_master, sector_mapping, audit_log
2026-05-29 15:18:15 | INFO     | query_engine                   | SQL: SELECT financial_item, financial_category, year, value, units FROM financials WHERE company_id = 'SUN' AND is_active = TRUE ORDER BY year DESC, financial_item…
2026-05-29 15:30:22 | INFO     | query_engine                   | DuckDB views registered: financials, financials_latest, company_master, sector_mapping, audit_log
2026-05-29 15:30:22 | INFO     | query_engine                   | SQL: SELECT financial_item, financial_category, year, value, units FROM financials WHERE company_id = 'SUN' AND is_active = TRUE ORDER BY year DESC, financial_item…
2026-05-29 15:30:22 | INFO     | query_engine                   | SQL: SELECT financial_item, year, value, units FROM financials WHERE company_id = 'SUN'   AND financial_category = 'P&L Consolidated'   AND is_active = TRUE…
2026-05-29 15:30:22 | INFO     | cost_structure | Running cost structure analysis …
2026-05-29 15:30:23 | INFO     | cost_structure | Cost structure analysis complete.
2026-05-29 15:35:19 | INFO     | query_engine                   | DuckDB views registered: financials, financials_latest, company_master, sector_mapping, audit_log
2026-05-29 15:35:19 | INFO     | query_engine                   | SQL: SELECT financial_item, financial_category, year, value, units FROM financials WHERE company_id = 'SUN' AND is_active = TRUE ORDER BY year DESC, financial_item…
2026-05-29 15:35:19 | INFO     | query_engine                   | SQL: SELECT financial_item, year, value, units FROM financials WHERE company_id = 'SUN'   AND financial_category = 'P&L Consolidated'   AND is_active = TRUE…
2026-05-29 15:35:19 | INFO     | cost_structure | Running cost structure analysis …
2026-05-29 15:35:20 | INFO     | cost_structure | Cost structure analysis complete.
2026-05-29 15:35:21 | INFO     | query_engine                   | DuckDB views registered: financials, financials_latest, company_master, sector_mapping, audit_log
2026-05-29 15:35:21 | INFO     | query_engine                   | SQL: SELECT financial_item, financial_category, year, value, units FROM financials WHERE company_id = 'SUN' AND is_active = TRUE ORDER BY year DESC, financial_item…
2026-05-29 15:35:21 | INFO     | query_engine                   | DuckDB views registered: financials, financials_latest, company_master, sector_mapping, audit_log
2026-05-29 15:35:21 | INFO     | query_engine                   | SQL: SELECT financial_item, financial_category, year, value, units FROM financials WHERE company_id = 'SUN' AND is_active = TRUE ORDER BY year DESC, financial_item…
2026-05-29 15:35:21 | INFO     | query_engine                   | SQL: SELECT financial_item, year, value, units FROM financials WHERE company_id = 'SUN'   AND financial_category = 'P&L Consolidated'   AND is_active = TRUE…
2026-05-29 15:35:21 | INFO     | cost_structure | Running cost structure analysis …
2026-05-29 15:35:22 | INFO     | cost_structure | Cost structure analysis complete.
^CINFO:     Started server process [16932]
INFO:     Waiting for application startup.
INFO:     Application startup complete.
INFO:     Uvicorn running on http://127.0.0.1:8000 (Press CTRL+C to quit)
INFO:     Started server process [19836]
INFO:     Waiting for application startup.
INFO:     Application startup complete.
INFO:     Uvicorn running on http://127.0.0.1:8000 (Press CTRL+C to quit)
2026-05-29 15:57:13 | INFO     | query_engine                   | DuckDB views registered: financials, financials_latest, company_master, sector_mapping, audit_log
2026-05-29 15:57:13 | INFO     | normalizer                     | Loaded 27 canonical items, 93 total aliases
2026-05-29 15:57:13 | INFO     | query_engine                   | DuckDB views registered: financials, financials_latest, company_master, sector_mapping, audit_log
2026-05-29 15:57:13 | INFO     | query_engine                   | SQL: SELECT financial_item, financial_category, year, value, units FROM financials WHERE company_id = 'CIPLA' AND is_active = TRUE ORDER BY year DESC, financial_item…
^CINFO:     Started server process [7604]
INFO:     Waiting for application startup.
INFO:     Application startup complete.
INFO:     Uvicorn running on http://127.0.0.1:8000 (Press CTRL+C to quit)
2026-05-29 16:06:04 | INFO     | query_engine                   | DuckDB views registered: financials, financials_latest, company_master, sector_mapping, audit_log
2026-05-29 16:06:04 | INFO     | normalizer                     | Loaded 27 canonical items, 93 total aliases
2026-05-29 16:06:04 | INFO     | query_engine                   | DuckDB views registered: financials, financials_latest, company_master, sector_mapping, audit_log
2026-05-29 16:06:04 | INFO     | query_engine                   | SQL: SELECT financial_item, financial_category, year, value, units FROM financials WHERE company_id = 'CIPLA' AND is_active = TRUE ORDER BY year DESC, financial_item…
2026-05-29 16:06:08 | INFO     | query_engine                   | DuckDB views registered: financials, financials_latest, company_master, sector_mapping, audit_log
2026-05-29 16:06:08 | INFO     | query_engine                   | SQL: SELECT financial_item, financial_category, year, value, units FROM financials WHERE company_id = 'SUN' AND is_active = TRUE ORDER BY year DESC, financial_item…
2026-05-29 16:06:52 | INFO     | query_engine                   | DuckDB views registered: financials, financials_latest, company_master, sector_mapping, audit_log
2026-05-29 16:06:53 | INFO     | warehouse                      | Ingested batch: {'ingestion_id': 'cbb41398-83b5-43ab-85ab-e3de20789fc3', 'rows_loaded': 43, 'rows_revised': 43, 'rows_new': 0}
2026-05-29 16:06:53 | INFO     | query_engine                   | DuckDB views registered: financials, financials_latest, company_master, sector_mapping, audit_log
2026-05-29 16:06:53 | INFO     | query_engine                   | DuckDB views registered: financials, financials_latest, company_master, sector_mapping, audit_log
2026-05-29 16:06:53 | INFO     | query_engine                   | SQL: SELECT financial_item, year, value, units FROM financials WHERE company_id = 'SUN'   AND financial_category = 'P&L Consolidated'   AND is_active = TRUE…
2026-05-29 16:06:53 | INFO     | query_engine                   | SQL: SELECT financial_item, year, value, units FROM financials WHERE company_id = 'SUN'   AND financial_category = 'P&L Standalone'   AND is_active = TRUE…
2026-05-29 16:06:53 | INFO     | query_engine                   | SQL: SELECT financial_item, year, value, units FROM financials WHERE company_id = 'SUN'   AND financial_category = 'Altman Z'   AND financial_item IN ('Revenue from Operations','EBITDA','PAT','Total Assets…
2026-05-29 16:06:53 | INFO     | cost_structure | Running cost structure analysis …
2026-05-29 16:06:54 | INFO     | cost_structure | Cost structure analysis complete.
2026-05-29 16:06:54 | INFO     | bankruptcy | Running bankruptcy/Altman Z analysis …
2026-05-29 16:06:56 | INFO     | query_engine                   | DuckDB views registered: financials, financials_latest, company_master, sector_mapping, audit_log
2026-05-29 16:06:56 | INFO     | query_engine                   | SQL: SELECT financial_item, financial_category, year, value, units FROM financials WHERE company_id = 'SUN' AND is_active = TRUE ORDER BY year DESC, financial_item…
2026-05-29 16:06:56 | INFO     | query_engine                   | SQL: SELECT financial_item, year, value, units FROM financials WHERE company_id = 'SUN'   AND financial_category = 'P&L Consolidated'   AND is_active = TRUE…
2026-05-29 16:06:56 | INFO     | cost_structure | Running cost structure analysis …
2026-05-29 16:06:56 | INFO     | cost_structure | Cost structure analysis complete.
2026-05-29 16:06:56 | INFO     | query_engine                   | DuckDB views registered: financials, financials_latest, company_master, sector_mapping, audit_log
2026-05-29 16:06:56 | INFO     | query_engine                   | SQL: SELECT financial_item, financial_category, year, value, units FROM financials WHERE company_id = 'SUN' AND is_active = TRUE ORDER BY year DESC, financial_item…
2026-05-29 16:07:06 | INFO     | query_engine                   | DuckDB views registered: financials, financials_latest, company_master, sector_mapping, audit_log
2026-05-29 16:07:06 | INFO     | query_engine                   | SQL: SELECT financial_item, financial_category, year, value, units FROM financials WHERE company_id = 'SUN' AND is_active = TRUE ORDER BY year DESC, financial_item…
2026-05-29 16:07:06 | INFO     | query_engine                   | SQL: SELECT financial_item, year, value, units FROM financials WHERE company_id = 'SUN'   AND financial_category = 'P&L Consolidated'   AND is_active = TRUE…
2026-05-29 16:07:06 | INFO     | cost_structure | Running cost structure analysis …
2026-05-29 16:07:07 | INFO     | cost_structure | Cost structure analysis complete.
2026-05-29 16:07:07 | INFO     | query_engine                   | DuckDB views registered: financials, financials_latest, company_master, sector_mapping, audit_log
2026-05-29 16:07:07 | INFO     | query_engine                   | SQL: SELECT financial_item, financial_category, year, value, units FROM financials WHERE company_id = 'SUN' AND is_active = TRUE ORDER BY year DESC, financial_item…
2026-05-29 16:07:09 | INFO     | query_engine                   | DuckDB views registered: financials, financials_latest, company_master, sector_mapping, audit_log
2026-05-29 16:07:09 | INFO     | query_engine                   | SQL: SELECT financial_item, financial_category, year, value, units FROM financials WHERE company_id = 'SUN' AND is_active = TRUE ORDER BY year DESC, financial_item…
2026-05-29 16:07:09 | INFO     | query_engine                   | SQL: SELECT financial_item, year, value, units FROM financials WHERE company_id = 'SUN'   AND financial_category = 'P&L Consolidated'   AND is_active = TRUE…
2026-05-29 16:07:09 | INFO     | cost_structure | Running cost structure analysis …
2026-05-29 16:07:10 | INFO     | cost_structure | Cost structure analysis complete.
2026-05-29 16:07:10 | INFO     | query_engine                   | DuckDB views registered: financials, financials_latest, company_master, sector_mapping, audit_log
2026-05-29 16:07:10 | INFO     | query_engine                   | SQL: SELECT financial_item, financial_category, year, value, units FROM financials WHERE company_id = 'SUN' AND is_active = TRUE ORDER BY year DESC, financial_item…
2026-05-29 16:07:11 | INFO     | query_engine                   | DuckDB views registered: financials, financials_latest, company_master, sector_mapping, audit_log
2026-05-29 16:07:11 | INFO     | query_engine                   | SQL: SELECT financial_item, financial_category, year, value, units FROM financials WHERE company_id = 'SUN' AND is_active = TRUE ORDER BY year DESC, financial_item…
2026-05-29 16:07:11 | INFO     | query_engine                   | DuckDB views registered: financials, financials_latest, company_master, sector_mapping, audit_log
2026-05-29 16:07:11 | INFO     | query_engine                   | SQL: SELECT financial_item, financial_category, year, value, units FROM financials WHERE company_id = 'SUN' AND is_active = TRUE ORDER BY year DESC, financial_item…
2026-05-29 16:07:13 | INFO     | query_engine                   | DuckDB views registered: financials, financials_latest, company_master, sector_mapping, audit_log
2026-05-29 16:07:13 | INFO     | query_engine                   | SQL: SELECT financial_item, financial_category, year, value, units FROM financials WHERE company_id = 'SUN' AND is_active = TRUE ORDER BY year DESC, financial_item…
2026-05-29 16:07:13 | INFO     | query_engine                   | DuckDB views registered: financials, financials_latest, company_master, sector_mapping, audit_log
2026-05-29 16:07:13 | INFO     | query_engine                   | SQL: SELECT financial_item, financial_category, year, value, units FROM financials WHERE company_id = 'SUN' AND is_active = TRUE ORDER BY year DESC, financial_item…
2026-05-29 16:07:26 | INFO     | query_engine                   | DuckDB views registered: financials, financials_latest, company_master, sector_mapping, audit_log
2026-05-29 16:07:26 | INFO     | query_engine                   | SQL: SELECT financial_item, year, value, units FROM financials WHERE company_id = 'CIPLA'   AND financial_category = 'P&L Consolidated'   AND is_active = TRUE…
2026-05-29 16:07:26 | WARNING  | reshaper                       | No P&L data for CIPLA/P&L Consolidated
2026-05-29 16:07:26 | INFO     | query_engine                   | SQL: SELECT financial_item, year, value, units FROM financials WHERE company_id = 'CIPLA'   AND financial_category = 'P&L'   AND is_active = TRUE…
2026-05-29 16:07:26 | WARNING  | reshaper                       | No P&L data for CIPLA/P&L
2026-05-29 16:07:26 | INFO     | query_engine                   | SQL: SELECT financial_item, year, value, units FROM financials WHERE company_id = 'DRL'   AND financial_category = 'P&L Consolidated'   AND is_active = TRUE…
2026-05-29 16:07:26 | WARNING  | reshaper                       | No P&L data for DRL/P&L Consolidated
2026-05-29 16:07:26 | INFO     | query_engine                   | SQL: SELECT financial_item, year, value, units FROM financials WHERE company_id = 'DRL'   AND financial_category = 'P&L'   AND is_active = TRUE…
2026-05-29 16:07:26 | INFO     | cost_structure | Running cost structure analysis …
2026-05-29 16:07:27 | INFO     | cost_structure | Cost structure analysis complete.
2026-05-29 16:07:27 | INFO     | query_engine                   | SQL: SELECT financial_item, year, value, units FROM financials WHERE company_id = 'LUPIN'   AND financial_category = 'P&L Consolidated'   AND is_active = TRUE…
2026-05-29 16:07:27 | WARNING  | reshaper                       | No P&L data for LUPIN/P&L Consolidated
2026-05-29 16:07:27 | INFO     | query_engine                   | SQL: SELECT financial_item, year, value, units FROM financials WHERE company_id = 'LUPIN'   AND financial_category = 'P&L'   AND is_active = TRUE…
2026-05-29 16:07:27 | WARNING  | reshaper                       | No P&L data for LUPIN/P&L
2026-05-29 16:07:27 | INFO     | query_engine                   | SQL: SELECT financial_item, year, value, units FROM financials WHERE company_id = 'SUN'   AND financial_category = 'P&L Consolidated'   AND is_active = TRUE…
2026-05-29 16:07:27 | INFO     | cost_structure | Running cost structure analysis …
2026-05-29 16:07:27 | INFO     | cost_structure | Cost structure analysis complete.
2026-05-29 16:07:27 | INFO     | query_engine                   | DuckDB views registered: financials, financials_latest, company_master, sector_mapping, audit_log
2026-05-29 16:07:27 | INFO     | query_engine                   | SQL: SELECT financial_item, financial_category, year, value, units FROM financials WHERE company_id = 'CIPLA' AND is_active = TRUE ORDER BY year DESC, financial_item…
2026-05-29 16:07:27 | INFO     | query_engine                   | SQL: SELECT financial_item, financial_category, year, value, units FROM financials WHERE company_id = 'DRL' AND is_active = TRUE ORDER BY year DESC, financial_item…
2026-05-29 16:07:27 | INFO     | query_engine                   | SQL: SELECT financial_item, year, value, units FROM financials WHERE company_id = 'DRL'   AND financial_category = 'P&L Consolidated'   AND is_active = TRUE…
2026-05-29 16:07:27 | WARNING  | reshaper                       | No P&L data for DRL/P&L Consolidated
2026-05-29 16:07:27 | INFO     | query_engine                   | SQL: SELECT financial_item, financial_category, year, value, units FROM financials WHERE company_id = 'LUPIN' AND is_active = TRUE ORDER BY year DESC, financial_item…
2026-05-29 16:07:27 | INFO     | query_engine                   | SQL: SELECT financial_item, financial_category, year, value, units FROM financials WHERE company_id = 'SUN' AND is_active = TRUE ORDER BY year DESC, financial_item…
2026-05-29 16:07:27 | INFO     | query_engine                   | SQL: SELECT financial_item, year, value, units FROM financials WHERE company_id = 'SUN'   AND financial_category = 'P&L Consolidated'   AND is_active = TRUE…
2026-05-29 16:07:27 | INFO     | cost_structure | Running cost structure analysis …
2026-05-29 16:07:28 | INFO     | cost_structure | Cost structure analysis complete.
2026-05-29 16:07:28 | INFO     | query_engine                   | DuckDB views registered: financials, financials_latest, company_master, sector_mapping, audit_log
2026-05-29 16:07:28 | INFO     | query_engine                   | SQL:              SELECT c.company_id, c.company_name,                 MAX(CASE WHEN f.financial_item='Revenue from Operations' THEN f.value END) as revenue,                 MAX(CASE WHEN f.financial_item=…
2026-05-29 16:07:28 | INFO     | query_engine                   | SQL: SELECT financial_item, financial_category, year, value, units FROM financials WHERE company_id = 'SUN' AND is_active = TRUE ORDER BY year DESC, financial_item…
2026-05-29 16:07:28 | INFO     | query_engine                   | SQL: SELECT financial_item, year, value, units FROM financials WHERE company_id = 'SUN'   AND financial_category = 'P&L Consolidated'   AND is_active = TRUE…
2026-05-29 16:07:28 | INFO     | cost_structure | Running cost structure analysis …
2026-05-29 16:07:29 | INFO     | cost_structure | Cost structure analysis complete.
2026-05-29 16:07:29 | INFO     | query_engine                   | SQL: SELECT financial_item, financial_category, year, value, units FROM financials WHERE company_id = 'DRL' AND is_active = TRUE ORDER BY year DESC, financial_item…
2026-05-29 16:07:29 | INFO     | query_engine                   | SQL: SELECT financial_item, year, value, units FROM financials WHERE company_id = 'DRL'   AND financial_category = 'P&L Consolidated'   AND is_active = TRUE…
2026-05-29 16:07:29 | WARNING  | reshaper                       | No P&L data for DRL/P&L Consolidated
2026-05-29 16:08:39 | INFO     | query_engine                   | DuckDB views registered: financials, financials_latest, company_master, sector_mapping, audit_log
2026-05-29 16:08:39 | INFO     | query_engine                   | SQL: SELECT financial_item, financial_category, year, value, units FROM financials WHERE company_id = 'SUN' AND is_active = TRUE ORDER BY year DESC, financial_item…
2026-05-29 16:08:39 | INFO     | query_engine                   | SQL: SELECT financial_item, year, value, units FROM financials WHERE company_id = 'SUN'   AND financial_category = 'P&L Consolidated'   AND is_active = TRUE…
2026-05-29 16:08:39 | INFO     | cost_structure | Running cost structure analysis …
2026-05-29 16:08:39 | INFO     | cost_structure | Cost structure analysis complete.
2026-05-29 16:09:42 | INFO     | query_engine                   | DuckDB views registered: financials, financials_latest, company_master, sector_mapping, audit_log
2026-05-29 16:09:42 | INFO     | query_engine                   | SQL: SELECT financial_item, year, value, units FROM financials WHERE company_id = 'CIPLA'   AND financial_category = 'P&L Consolidated'   AND is_active = TRUE…
2026-05-29 16:09:42 | WARNING  | reshaper                       | No P&L data for CIPLA/P&L Consolidated
2026-05-29 16:09:42 | INFO     | query_engine                   | SQL: SELECT financial_item, year, value, units FROM financials WHERE company_id = 'CIPLA'   AND financial_category = 'P&L'   AND is_active = TRUE…
2026-05-29 16:09:42 | WARNING  | reshaper                       | No P&L data for CIPLA/P&L
2026-05-29 16:09:42 | INFO     | query_engine                   | SQL: SELECT financial_item, year, value, units FROM financials WHERE company_id = 'DRL'   AND financial_category = 'P&L Consolidated'   AND is_active = TRUE…
2026-05-29 16:09:42 | WARNING  | reshaper                       | No P&L data for DRL/P&L Consolidated
2026-05-29 16:09:42 | INFO     | query_engine                   | SQL: SELECT financial_item, year, value, units FROM financials WHERE company_id = 'DRL'   AND financial_category = 'P&L'   AND is_active = TRUE…
2026-05-29 16:09:42 | INFO     | cost_structure | Running cost structure analysis …
2026-05-29 16:09:42 | INFO     | cost_structure | Cost structure analysis complete.
2026-05-29 16:09:42 | INFO     | query_engine                   | SQL: SELECT financial_item, year, value, units FROM financials WHERE company_id = 'LUPIN'   AND financial_category = 'P&L Consolidated'   AND is_active = TRUE…
2026-05-29 16:09:42 | WARNING  | reshaper                       | No P&L data for LUPIN/P&L Consolidated
2026-05-29 16:09:42 | INFO     | query_engine                   | SQL: SELECT financial_item, year, value, units FROM financials WHERE company_id = 'LUPIN'   AND financial_category = 'P&L'   AND is_active = TRUE…
2026-05-29 16:09:42 | WARNING  | reshaper                       | No P&L data for LUPIN/P&L
2026-05-29 16:09:42 | INFO     | query_engine                   | SQL: SELECT financial_item, year, value, units FROM financials WHERE company_id = 'SUN'   AND financial_category = 'P&L Consolidated'   AND is_active = TRUE…
2026-05-29 16:09:42 | INFO     | cost_structure | Running cost structure analysis …
2026-05-29 16:09:42 | INFO     | cost_structure | Cost structure analysis complete.
2026-05-29 16:09:42 | INFO     | query_engine                   | DuckDB views registered: financials, financials_latest, company_master, sector_mapping, audit_log
2026-05-29 16:09:42 | INFO     | query_engine                   | SQL: SELECT financial_item, financial_category, year, value, units FROM financials WHERE company_id = 'CIPLA' AND is_active = TRUE ORDER BY year DESC, financial_item…
2026-05-29 16:09:42 | INFO     | query_engine                   | SQL: SELECT financial_item, financial_category, year, value, units FROM financials WHERE company_id = 'DRL' AND is_active = TRUE ORDER BY year DESC, financial_item…
2026-05-29 16:09:42 | INFO     | query_engine                   | SQL: SELECT financial_item, year, value, units FROM financials WHERE company_id = 'DRL'   AND financial_category = 'P&L Consolidated'   AND is_active = TRUE…
2026-05-29 16:09:42 | WARNING  | reshaper                       | No P&L data for DRL/P&L Consolidated
2026-05-29 16:09:42 | INFO     | query_engine                   | SQL: SELECT financial_item, financial_category, year, value, units FROM financials WHERE company_id = 'LUPIN' AND is_active = TRUE ORDER BY year DESC, financial_item…
2026-05-29 16:09:42 | INFO     | query_engine                   | SQL: SELECT financial_item, financial_category, year, value, units FROM financials WHERE company_id = 'SUN' AND is_active = TRUE ORDER BY year DESC, financial_item…
2026-05-29 16:09:43 | INFO     | query_engine                   | SQL: SELECT financial_item, year, value, units FROM financials WHERE company_id = 'SUN'   AND financial_category = 'P&L Consolidated'   AND is_active = TRUE…
2026-05-29 16:09:43 | INFO     | cost_structure | Running cost structure analysis …
2026-05-29 16:09:43 | INFO     | cost_structure | Cost structure analysis complete.
2026-05-29 16:09:43 | INFO     | query_engine                   | DuckDB views registered: financials, financials_latest, company_master, sector_mapping, audit_log
2026-05-29 16:09:43 | INFO     | query_engine                   | SQL:              SELECT c.company_id, c.company_name,                 MAX(CASE WHEN f.financial_item='Revenue from Operations' THEN f.value END) as revenue,                 MAX(CASE WHEN f.financial_item=…
2026-05-29 16:09:43 | INFO     | query_engine                   | SQL: SELECT financial_item, financial_category, year, value, units FROM financials WHERE company_id = 'SUN' AND is_active = TRUE ORDER BY year DESC, financial_item…
2026-05-29 16:09:43 | INFO     | query_engine                   | SQL: SELECT financial_item, year, value, units FROM financials WHERE company_id = 'SUN'   AND financial_category = 'P&L Consolidated'   AND is_active = TRUE…
2026-05-29 16:09:43 | INFO     | cost_structure | Running cost structure analysis …
2026-05-29 16:09:44 | INFO     | cost_structure | Cost structure analysis complete.
2026-05-29 16:09:44 | INFO     | query_engine                   | SQL: SELECT financial_item, financial_category, year, value, units FROM financials WHERE company_id = 'DRL' AND is_active = TRUE ORDER BY year DESC, financial_item…
2026-05-29 16:09:44 | INFO     | query_engine                   | SQL: SELECT financial_item, year, value, units FROM financials WHERE company_id = 'DRL'   AND financial_category = 'P&L Consolidated'   AND is_active = TRUE…
2026-05-29 16:09:44 | WARNING  | reshaper                       | No P&L data for DRL/P&L Consolidated
2026-05-29 16:09:48 | INFO     | query_engine                   | DuckDB views registered: financials, financials_latest, company_master, sector_mapping, audit_log
2026-05-29 16:09:48 | INFO     | query_engine                   | SQL: SELECT financial_item, year, value, units FROM financials WHERE company_id = 'CIPLA'   AND financial_category = 'P&L Consolidated'   AND is_active = TRUE…
2026-05-29 16:09:48 | WARNING  | reshaper                       | No P&L data for CIPLA/P&L Consolidated
2026-05-29 16:09:48 | INFO     | query_engine                   | SQL: SELECT financial_item, year, value, units FROM financials WHERE company_id = 'CIPLA'   AND financial_category = 'P&L'   AND is_active = TRUE…
2026-05-29 16:09:48 | WARNING  | reshaper                       | No P&L data for CIPLA/P&L
2026-05-29 16:09:48 | INFO     | query_engine                   | SQL: SELECT financial_item, year, value, units FROM financials WHERE company_id = 'DRL'   AND financial_category = 'P&L Consolidated'   AND is_active = TRUE…
2026-05-29 16:09:48 | WARNING  | reshaper                       | No P&L data for DRL/P&L Consolidated
2026-05-29 16:09:48 | INFO     | query_engine                   | SQL: SELECT financial_item, year, value, units FROM financials WHERE company_id = 'DRL'   AND financial_category = 'P&L'   AND is_active = TRUE…
2026-05-29 16:09:48 | INFO     | cost_structure | Running cost structure analysis …
2026-05-29 16:09:48 | INFO     | cost_structure | Cost structure analysis complete.
2026-05-29 16:09:48 | INFO     | query_engine                   | SQL: SELECT financial_item, year, value, units FROM financials WHERE company_id = 'LUPIN'   AND financial_category = 'P&L Consolidated'   AND is_active = TRUE…
2026-05-29 16:09:48 | WARNING  | reshaper                       | No P&L data for LUPIN/P&L Consolidated
2026-05-29 16:09:48 | INFO     | query_engine                   | SQL: SELECT financial_item, year, value, units FROM financials WHERE company_id = 'LUPIN'   AND financial_category = 'P&L'   AND is_active = TRUE…
2026-05-29 16:09:48 | WARNING  | reshaper                       | No P&L data for LUPIN/P&L
2026-05-29 16:09:48 | INFO     | query_engine                   | SQL: SELECT financial_item, year, value, units FROM financials WHERE company_id = 'SUN'   AND financial_category = 'P&L Consolidated'   AND is_active = TRUE…
2026-05-29 16:09:48 | INFO     | cost_structure | Running cost structure analysis …
2026-05-29 16:09:48 | INFO     | cost_structure | Cost structure analysis complete.
2026-05-29 16:09:48 | INFO     | query_engine                   | DuckDB views registered: financials, financials_latest, company_master, sector_mapping, audit_log
2026-05-29 16:09:48 | INFO     | query_engine                   | SQL: SELECT financial_item, financial_category, year, value, units FROM financials WHERE company_id = 'CIPLA' AND is_active = TRUE ORDER BY year DESC, financial_item…
2026-05-29 16:09:48 | INFO     | query_engine                   | SQL: SELECT financial_item, financial_category, year, value, units FROM financials WHERE company_id = 'DRL' AND is_active = TRUE ORDER BY year DESC, financial_item…
2026-05-29 16:09:49 | INFO     | query_engine                   | SQL: SELECT financial_item, year, value, units FROM financials WHERE company_id = 'DRL'   AND financial_category = 'P&L Consolidated'   AND is_active = TRUE…
2026-05-29 16:09:49 | WARNING  | reshaper                       | No P&L data for DRL/P&L Consolidated
2026-05-29 16:09:49 | INFO     | query_engine                   | SQL: SELECT financial_item, financial_category, year, value, units FROM financials WHERE company_id = 'LUPIN' AND is_active = TRUE ORDER BY year DESC, financial_item…
2026-05-29 16:09:49 | INFO     | query_engine                   | SQL: SELECT financial_item, financial_category, year, value, units FROM financials WHERE company_id = 'SUN' AND is_active = TRUE ORDER BY year DESC, financial_item…
2026-05-29 16:09:49 | INFO     | query_engine                   | SQL: SELECT financial_item, year, value, units FROM financials WHERE company_id = 'SUN'   AND financial_category = 'P&L Consolidated'   AND is_active = TRUE…
2026-05-29 16:09:49 | INFO     | cost_structure | Running cost structure analysis …
2026-05-29 16:09:49 | INFO     | cost_structure | Cost structure analysis complete.
2026-05-29 16:09:49 | INFO     | query_engine                   | DuckDB views registered: financials, financials_latest, company_master, sector_mapping, audit_log
2026-05-29 16:09:49 | INFO     | query_engine                   | SQL:              SELECT c.company_id, c.company_name,                 MAX(CASE WHEN f.financial_item='Revenue from Operations' THEN f.value END) as revenue,                 MAX(CASE WHEN f.financial_item=…
2026-05-29 16:09:49 | INFO     | query_engine                   | SQL: SELECT financial_item, financial_category, year, value, units FROM financials WHERE company_id = 'SUN' AND is_active = TRUE ORDER BY year DESC, financial_item…
2026-05-29 16:09:49 | INFO     | query_engine                   | SQL: SELECT financial_item, year, value, units FROM financials WHERE company_id = 'SUN'   AND financial_category = 'P&L Consolidated'   AND is_active = TRUE…
2026-05-29 16:09:49 | INFO     | cost_structure | Running cost structure analysis …
2026-05-29 16:09:50 | INFO     | cost_structure | Cost structure analysis complete.
2026-05-29 16:09:50 | INFO     | query_engine                   | SQL: SELECT financial_item, financial_category, year, value, units FROM financials WHERE company_id = 'DRL' AND is_active = TRUE ORDER BY year DESC, financial_item…
2026-05-29 16:09:50 | INFO     | query_engine                   | SQL: SELECT financial_item, year, value, units FROM financials WHERE company_id = 'DRL'   AND financial_category = 'P&L Consolidated'   AND is_active = TRUE…
2026-05-29 16:09:50 | WARNING  | reshaper                       | No P&L data for DRL/P&L Consolidated
2026-05-29 16:10:18 | INFO     | query_engine                   | DuckDB views registered: financials, financials_latest, company_master, sector_mapping, audit_log
2026-05-29 16:10:18 | INFO     | query_engine                   | SQL: SELECT financial_item, year, value, units FROM financials WHERE company_id = 'CIPLA'   AND financial_category = 'P&L Consolidated'   AND is_active = TRUE…
2026-05-29 16:10:18 | WARNING  | reshaper                       | No P&L data for CIPLA/P&L Consolidated
2026-05-29 16:10:18 | INFO     | query_engine                   | SQL: SELECT financial_item, year, value, units FROM financials WHERE company_id = 'CIPLA'   AND financial_category = 'P&L'   AND is_active = TRUE…
2026-05-29 16:10:18 | WARNING  | reshaper                       | No P&L data for CIPLA/P&L
2026-05-29 16:10:18 | INFO     | query_engine                   | SQL: SELECT financial_item, year, value, units FROM financials WHERE company_id = 'DRL'   AND financial_category = 'P&L Consolidated'   AND is_active = TRUE…
2026-05-29 16:10:18 | WARNING  | reshaper                       | No P&L data for DRL/P&L Consolidated
2026-05-29 16:10:18 | INFO     | query_engine                   | SQL: SELECT financial_item, year, value, units FROM financials WHERE company_id = 'DRL'   AND financial_category = 'P&L'   AND is_active = TRUE…
2026-05-29 16:10:18 | INFO     | cost_structure | Running cost structure analysis …
2026-05-29 16:10:19 | INFO     | cost_structure | Cost structure analysis complete.
2026-05-29 16:10:19 | INFO     | query_engine                   | SQL: SELECT financial_item, year, value, units FROM financials WHERE company_id = 'LUPIN'   AND financial_category = 'P&L Consolidated'   AND is_active = TRUE…
2026-05-29 16:10:19 | WARNING  | reshaper                       | No P&L data for LUPIN/P&L Consolidated
2026-05-29 16:10:19 | INFO     | query_engine                   | SQL: SELECT financial_item, year, value, units FROM financials WHERE company_id = 'LUPIN'   AND financial_category = 'P&L'   AND is_active = TRUE…
2026-05-29 16:10:19 | WARNING  | reshaper                       | No P&L data for LUPIN/P&L
2026-05-29 16:10:19 | INFO     | query_engine                   | SQL: SELECT financial_item, year, value, units FROM financials WHERE company_id = 'SUN'   AND financial_category = 'P&L Consolidated'   AND is_active = TRUE…
2026-05-29 16:10:19 | INFO     | cost_structure | Running cost structure analysis …
2026-05-29 16:10:19 | INFO     | cost_structure | Cost structure analysis complete.
2026-05-29 16:10:19 | INFO     | query_engine                   | DuckDB views registered: financials, financials_latest, company_master, sector_mapping, audit_log
2026-05-29 16:10:19 | INFO     | query_engine                   | SQL: SELECT financial_item, financial_category, year, value, units FROM financials WHERE company_id = 'CIPLA' AND is_active = TRUE ORDER BY year DESC, financial_item…
2026-05-29 16:10:19 | INFO     | query_engine                   | SQL: SELECT financial_item, financial_category, year, value, units FROM financials WHERE company_id = 'DRL' AND is_active = TRUE ORDER BY year DESC, financial_item…
2026-05-29 16:10:19 | INFO     | query_engine                   | SQL: SELECT financial_item, year, value, units FROM financials WHERE company_id = 'DRL'   AND financial_category = 'P&L Consolidated'   AND is_active = TRUE…
2026-05-29 16:10:19 | WARNING  | reshaper                       | No P&L data for DRL/P&L Consolidated
2026-05-29 16:10:19 | INFO     | query_engine                   | SQL: SELECT financial_item, financial_category, year, value, units FROM financials WHERE company_id = 'LUPIN' AND is_active = TRUE ORDER BY year DESC, financial_item…
2026-05-29 16:10:19 | INFO     | query_engine                   | SQL: SELECT financial_item, financial_category, year, value, units FROM financials WHERE company_id = 'SUN' AND is_active = TRUE ORDER BY year DESC, financial_item…
2026-05-29 16:10:19 | INFO     | query_engine                   | SQL: SELECT financial_item, year, value, units FROM financials WHERE company_id = 'SUN'   AND financial_category = 'P&L Consolidated'   AND is_active = TRUE…
2026-05-29 16:10:19 | INFO     | cost_structure | Running cost structure analysis …
2026-05-29 16:10:20 | INFO     | cost_structure | Cost structure analysis complete.
2026-05-29 16:10:20 | INFO     | query_engine                   | DuckDB views registered: financials, financials_latest, company_master, sector_mapping, audit_log
2026-05-29 16:10:20 | INFO     | query_engine                   | SQL:              SELECT c.company_id, c.company_name,                 MAX(CASE WHEN f.financial_item='Revenue from Operations' THEN f.value END) as revenue,                 MAX(CASE WHEN f.financial_item=…
2026-05-29 16:10:20 | INFO     | query_engine                   | SQL: SELECT financial_item, financial_category, year, value, units FROM financials WHERE company_id = 'SUN' AND is_active = TRUE ORDER BY year DESC, financial_item…
2026-05-29 16:10:20 | INFO     | query_engine                   | SQL: SELECT financial_item, year, value, units FROM financials WHERE company_id = 'SUN'   AND financial_category = 'P&L Consolidated'   AND is_active = TRUE…
2026-05-29 16:10:20 | INFO     | cost_structure | Running cost structure analysis …
2026-05-29 16:10:20 | INFO     | cost_structure | Cost structure analysis complete.
2026-05-29 16:10:20 | INFO     | query_engine                   | SQL: SELECT financial_item, financial_category, year, value, units FROM financials WHERE company_id = 'DRL' AND is_active = TRUE ORDER BY year DESC, financial_item…
2026-05-29 16:10:20 | INFO     | query_engine                   | SQL: SELECT financial_item, year, value, units FROM financials WHERE company_id = 'DRL'   AND financial_category = 'P&L Consolidated'   AND is_active = TRUE…
2026-05-29 16:10:20 | WARNING  | reshaper                       | No P&L data for DRL/P&L Consolidated
2026-05-29 16:11:43 | INFO     | query_engine                   | DuckDB views registered: financials, financials_latest, company_master, sector_mapping, audit_log
2026-05-29 16:11:43 | INFO     | query_engine                   | SQL: SELECT financial_item, financial_category, year, value, units FROM financials WHERE company_id = 'SUN' AND is_active = TRUE ORDER BY year DESC, financial_item…
2026-05-29 16:11:43 | INFO     | query_engine                   | SQL: SELECT financial_item, year, value, units FROM financials WHERE company_id = 'SUN'   AND financial_category = 'P&L Consolidated'   AND is_active = TRUE…
2026-05-29 16:11:43 | INFO     | cost_structure | Running cost structure analysis …
2026-05-29 16:11:43 | INFO     | cost_structure | Cost structure analysis complete.
2026-05-29 16:11:43 | INFO     | query_engine                   | DuckDB views registered: financials, financials_latest, company_master, sector_mapping, audit_log
2026-05-29 16:11:43 | INFO     | query_engine                   | SQL: SELECT financial_item, financial_category, year, value, units FROM financials WHERE company_id = 'SUN' AND is_active = TRUE ORDER BY year DESC, financial_item…
2026-05-29 16:11:53 | INFO     | query_engine                   | DuckDB views registered: financials, financials_latest, company_master, sector_mapping, audit_log
2026-05-29 16:11:53 | INFO     | query_engine                   | SQL: SELECT financial_item, financial_category, year, value, units FROM financials WHERE company_id = 'DRL' AND is_active = TRUE ORDER BY year DESC, financial_item…
2026-05-29 16:11:53 | INFO     | query_engine                   | SQL: SELECT financial_item, year, value, units FROM financials WHERE company_id = 'DRL'   AND financial_category = 'P&L Consolidated'   AND is_active = TRUE…
2026-05-29 16:11:53 | WARNING  | reshaper                       | No P&L data for DRL/P&L Consolidated
2026-05-29 16:11:53 | INFO     | query_engine                   | DuckDB views registered: financials, financials_latest, company_master, sector_mapping, audit_log
2026-05-29 16:11:53 | INFO     | query_engine                   | SQL: SELECT financial_item, financial_category, year, value, units FROM financials WHERE company_id = 'DRL' AND is_active = TRUE ORDER BY year DESC, financial_item…
2026-05-29 16:12:01 | INFO     | query_engine                   | DuckDB views registered: financials, financials_latest, company_master, sector_mapping, audit_log
2026-05-29 16:12:01 | INFO     | query_engine                   | SQL: SELECT financial_item, financial_category, year, value, units FROM financials WHERE company_id = 'DRL' AND is_active = TRUE ORDER BY year DESC, financial_item…
2026-05-29 16:12:05 | INFO     | query_engine                   | DuckDB views registered: financials, financials_latest, company_master, sector_mapping, audit_log
2026-05-29 16:12:05 | INFO     | query_engine                   | DuckDB views registered: financials, financials_latest, company_master, sector_mapping, audit_log
2026-05-29 16:12:05 | INFO     | query_engine                   | SQL: SELECT financial_item, year, value, units FROM financials WHERE company_id = 'DRL'   AND financial_category = 'P&L Consolidated'   AND is_active = TRUE…
2026-05-29 16:12:05 | WARNING  | reshaper                       | No P&L data for DRL/P&L Consolidated
2026-05-29 16:12:05 | INFO     | query_engine                   | SQL: SELECT financial_item, year, value, units FROM financials WHERE company_id = 'DRL'   AND financial_category = 'P&L Standalone'   AND is_active = TRUE…
2026-05-29 16:12:05 | WARNING  | reshaper                       | No P&L data for DRL/P&L Standalone
2026-05-29 16:12:05 | INFO     | query_engine                   | SQL: SELECT financial_item, year, value, units FROM financials WHERE company_id = 'DRL'   AND financial_category = 'Altman Z'   AND financial_item IN ('Revenue from Operations','EBITDA','PAT','Total Assets…
2026-05-29 16:12:05 | WARNING  | reshaper                       | No Altman data for DRL
2026-05-29 16:12:09 | INFO     | query_engine                   | DuckDB views registered: financials, financials_latest, company_master, sector_mapping, audit_log
2026-05-29 16:12:09 | INFO     | query_engine                   | SQL: SELECT financial_item, financial_category, year, value, units FROM financials WHERE company_id = 'DRL' AND is_active = TRUE ORDER BY year DESC, financial_item…
2026-05-29 16:12:14 | INFO     | query_engine                   | DuckDB views registered: financials, financials_latest, company_master, sector_mapping, audit_log
2026-05-29 16:12:14 | INFO     | query_engine                   | SQL: SELECT financial_item, financial_category, year, value, units FROM financials WHERE company_id = 'SUN' AND is_active = TRUE ORDER BY year DESC, financial_item…
2026-05-29 16:12:46 | INFO     | query_engine                   | DuckDB views registered: financials, financials_latest, company_master, sector_mapping, audit_log
2026-05-29 16:12:46 | INFO     | query_engine                   | SQL: SELECT financial_item, year, value, units FROM financials WHERE company_id = 'CIPLA'   AND financial_category = 'P&L Consolidated'   AND is_active = TRUE…
2026-05-29 16:12:46 | WARNING  | reshaper                       | No P&L data for CIPLA/P&L Consolidated
2026-05-29 16:12:46 | INFO     | query_engine                   | SQL: SELECT financial_item, year, value, units FROM financials WHERE company_id = 'CIPLA'   AND financial_category = 'P&L'   AND is_active = TRUE…
2026-05-29 16:12:46 | WARNING  | reshaper                       | No P&L data for CIPLA/P&L
2026-05-29 16:12:46 | INFO     | query_engine                   | SQL: SELECT financial_item, year, value, units FROM financials WHERE company_id = 'DRL'   AND financial_category = 'P&L Consolidated'   AND is_active = TRUE…
2026-05-29 16:12:46 | WARNING  | reshaper                       | No P&L data for DRL/P&L Consolidated
2026-05-29 16:12:46 | INFO     | query_engine                   | SQL: SELECT financial_item, year, value, units FROM financials WHERE company_id = 'DRL'   AND financial_category = 'P&L'   AND is_active = TRUE…
2026-05-29 16:12:46 | INFO     | cost_structure | Running cost structure analysis …
2026-05-29 16:12:47 | INFO     | cost_structure | Cost structure analysis complete.
2026-05-29 16:12:47 | INFO     | query_engine                   | SQL: SELECT financial_item, year, value, units FROM financials WHERE company_id = 'LUPIN'   AND financial_category = 'P&L Consolidated'   AND is_active = TRUE…
2026-05-29 16:12:47 | WARNING  | reshaper                       | No P&L data for LUPIN/P&L Consolidated
2026-05-29 16:12:47 | INFO     | query_engine                   | SQL: SELECT financial_item, year, value, units FROM financials WHERE company_id = 'LUPIN'   AND financial_category = 'P&L'   AND is_active = TRUE…
2026-05-29 16:12:47 | WARNING  | reshaper                       | No P&L data for LUPIN/P&L
2026-05-29 16:12:47 | INFO     | query_engine                   | SQL: SELECT financial_item, year, value, units FROM financials WHERE company_id = 'SUN'   AND financial_category = 'P&L Consolidated'   AND is_active = TRUE…
2026-05-29 16:12:47 | INFO     | cost_structure | Running cost structure analysis …
2026-05-29 16:12:47 | INFO     | cost_structure | Cost structure analysis complete.
2026-05-29 16:12:47 | INFO     | query_engine                   | DuckDB views registered: financials, financials_latest, company_master, sector_mapping, audit_log
2026-05-29 16:12:47 | INFO     | query_engine                   | SQL: SELECT financial_item, financial_category, year, value, units FROM financials WHERE company_id = 'CIPLA' AND is_active = TRUE ORDER BY year DESC, financial_item…
2026-05-29 16:12:47 | INFO     | query_engine                   | SQL: SELECT financial_item, financial_category, year, value, units FROM financials WHERE company_id = 'DRL' AND is_active = TRUE ORDER BY year DESC, financial_item…
2026-05-29 16:12:47 | INFO     | query_engine                   | SQL: SELECT financial_item, year, value, units FROM financials WHERE company_id = 'DRL'   AND financial_category = 'P&L Consolidated'   AND is_active = TRUE…
2026-05-29 16:12:47 | WARNING  | reshaper                       | No P&L data for DRL/P&L Consolidated
2026-05-29 16:12:47 | INFO     | query_engine                   | SQL: SELECT financial_item, financial_category, year, value, units FROM financials WHERE company_id = 'LUPIN' AND is_active = TRUE ORDER BY year DESC, financial_item…
2026-05-29 16:12:47 | INFO     | query_engine                   | SQL: SELECT financial_item, financial_category, year, value, units FROM financials WHERE company_id = 'SUN' AND is_active = TRUE ORDER BY year DESC, financial_item…
2026-05-29 16:12:47 | INFO     | query_engine                   | SQL: SELECT financial_item, year, value, units FROM financials WHERE company_id = 'SUN'   AND financial_category = 'P&L Consolidated'   AND is_active = TRUE…
2026-05-29 16:12:47 | INFO     | cost_structure | Running cost structure analysis …
2026-05-29 16:12:48 | INFO     | cost_structure | Cost structure analysis complete.
2026-05-29 16:12:48 | INFO     | query_engine                   | DuckDB views registered: financials, financials_latest, company_master, sector_mapping, audit_log
2026-05-29 16:12:48 | INFO     | query_engine                   | SQL:              SELECT c.company_id, c.company_name,                 MAX(CASE WHEN f.financial_item='Revenue from Operations' THEN f.value END) as revenue,                 MAX(CASE WHEN f.financial_item=…
2026-05-29 16:12:48 | INFO     | query_engine                   | SQL: SELECT financial_item, financial_category, year, value, units FROM financials WHERE company_id = 'SUN' AND is_active = TRUE ORDER BY year DESC, financial_item…
2026-05-29 16:12:48 | INFO     | query_engine                   | SQL: SELECT financial_item, year, value, units FROM financials WHERE company_id = 'SUN'   AND financial_category = 'P&L Consolidated'   AND is_active = TRUE…
2026-05-29 16:12:48 | INFO     | cost_structure | Running cost structure analysis …
2026-05-29 16:12:48 | INFO     | cost_structure | Cost structure analysis complete.
2026-05-29 16:12:48 | INFO     | query_engine                   | SQL: SELECT financial_item, financial_category, year, value, units FROM financials WHERE company_id = 'DRL' AND is_active = TRUE ORDER BY year DESC, financial_item…
2026-05-29 16:12:48 | INFO     | query_engine                   | SQL: SELECT financial_item, year, value, units FROM financials WHERE company_id = 'DRL'   AND financial_category = 'P&L Consolidated'   AND is_active = TRUE…
2026-05-29 16:12:48 | WARNING  | reshaper                       | No P&L data for DRL/P&L Consolidated
2026-05-29 16:12:51 | INFO     | query_engine                   | DuckDB views registered: financials, financials_latest, company_master, sector_mapping, audit_log
2026-05-29 16:12:51 | INFO     | query_engine                   | SQL: SELECT financial_item, financial_category, year, value, units FROM financials WHERE company_id = 'SUN' AND is_active = TRUE ORDER BY year DESC, financial_item…
2026-05-29 16:12:51 | INFO     | query_engine                   | SQL: SELECT financial_item, year, value, units FROM financials WHERE company_id = 'SUN'   AND financial_category = 'P&L Consolidated'   AND is_active = TRUE…
2026-05-29 16:12:51 | INFO     | cost_structure | Running cost structure analysis …
2026-05-29 16:12:51 | INFO     | cost_structure | Cost structure analysis complete.
2026-05-29 16:14:56 | INFO     | query_engine                   | DuckDB views registered: financials, financials_latest, company_master, sector_mapping, audit_log
2026-05-29 16:14:56 | INFO     | query_engine                   | SQL: SELECT financial_item, year, value, units FROM financials WHERE company_id = 'CIPLA'   AND financial_category = 'P&L Consolidated'   AND is_active = TRUE…
2026-05-29 16:14:56 | WARNING  | reshaper                       | No P&L data for CIPLA/P&L Consolidated
2026-05-29 16:14:56 | INFO     | query_engine                   | SQL: SELECT financial_item, year, value, units FROM financials WHERE company_id = 'CIPLA'   AND financial_category = 'P&L'   AND is_active = TRUE…
2026-05-29 16:14:56 | WARNING  | reshaper                       | No P&L data for CIPLA/P&L
2026-05-29 16:14:56 | INFO     | query_engine                   | SQL: SELECT financial_item, year, value, units FROM financials WHERE company_id = 'DRL'   AND financial_category = 'P&L Consolidated'   AND is_active = TRUE…
2026-05-29 16:14:56 | WARNING  | reshaper                       | No P&L data for DRL/P&L Consolidated
2026-05-29 16:14:56 | INFO     | query_engine                   | SQL: SELECT financial_item, year, value, units FROM financials WHERE company_id = 'DRL'   AND financial_category = 'P&L'   AND is_active = TRUE…
2026-05-29 16:14:56 | INFO     | cost_structure | Running cost structure analysis …
2026-05-29 16:14:57 | INFO     | cost_structure | Cost structure analysis complete.
2026-05-29 16:14:57 | INFO     | query_engine                   | SQL: SELECT financial_item, year, value, units FROM financials WHERE company_id = 'LUPIN'   AND financial_category = 'P&L Consolidated'   AND is_active = TRUE…
2026-05-29 16:14:57 | WARNING  | reshaper                       | No P&L data for LUPIN/P&L Consolidated
2026-05-29 16:14:57 | INFO     | query_engine                   | SQL: SELECT financial_item, year, value, units FROM financials WHERE company_id = 'LUPIN'   AND financial_category = 'P&L'   AND is_active = TRUE…
2026-05-29 16:14:57 | WARNING  | reshaper                       | No P&L data for LUPIN/P&L
2026-05-29 16:14:57 | INFO     | query_engine                   | SQL: SELECT financial_item, year, value, units FROM financials WHERE company_id = 'SUN'   AND financial_category = 'P&L Consolidated'   AND is_active = TRUE…
2026-05-29 16:14:57 | INFO     | cost_structure | Running cost structure analysis …
2026-05-29 16:14:57 | INFO     | cost_structure | Cost structure analysis complete.
2026-05-29 16:14:57 | INFO     | query_engine                   | DuckDB views registered: financials, financials_latest, company_master, sector_mapping, audit_log
2026-05-29 16:14:57 | INFO     | query_engine                   | SQL: SELECT financial_item, financial_category, year, value, units FROM financials WHERE company_id = 'CIPLA' AND is_active = TRUE ORDER BY year DESC, financial_item…
2026-05-29 16:14:57 | INFO     | query_engine                   | SQL: SELECT financial_item, financial_category, year, value, units FROM financials WHERE company_id = 'DRL' AND is_active = TRUE ORDER BY year DESC, financial_item…
2026-05-29 16:14:57 | INFO     | query_engine                   | SQL: SELECT financial_item, year, value, units FROM financials WHERE company_id = 'DRL'   AND financial_category = 'P&L Consolidated'   AND is_active = TRUE…
2026-05-29 16:14:57 | WARNING  | reshaper                       | No P&L data for DRL/P&L Consolidated
2026-05-29 16:14:57 | INFO     | query_engine                   | SQL: SELECT financial_item, financial_category, year, value, units FROM financials WHERE company_id = 'LUPIN' AND is_active = TRUE ORDER BY year DESC, financial_item…
2026-05-29 16:14:57 | INFO     | query_engine                   | SQL: SELECT financial_item, financial_category, year, value, units FROM financials WHERE company_id = 'SUN' AND is_active = TRUE ORDER BY year DESC, financial_item…
2026-05-29 16:14:57 | INFO     | query_engine                   | SQL: SELECT financial_item, year, value, units FROM financials WHERE company_id = 'SUN'   AND financial_category = 'P&L Consolidated'   AND is_active = TRUE…
2026-05-29 16:14:57 | INFO     | cost_structure | Running cost structure analysis …
2026-05-29 16:14:58 | INFO     | cost_structure | Cost structure analysis complete.
2026-05-29 16:14:58 | INFO     | query_engine                   | DuckDB views registered: financials, financials_latest, company_master, sector_mapping, audit_log
2026-05-29 16:14:58 | INFO     | query_engine                   | SQL:              SELECT c.company_id, c.company_name,                 MAX(CASE WHEN f.financial_item='Revenue from Operations' THEN f.value END) as revenue,                 MAX(CASE WHEN f.financial_item=…
2026-05-29 16:14:58 | INFO     | query_engine                   | SQL: SELECT financial_item, financial_category, year, value, units FROM financials WHERE company_id = 'SUN' AND is_active = TRUE ORDER BY year DESC, financial_item…
2026-05-29 16:14:58 | INFO     | query_engine                   | SQL: SELECT financial_item, year, value, units FROM financials WHERE company_id = 'SUN'   AND financial_category = 'P&L Consolidated'   AND is_active = TRUE…
2026-05-29 16:14:58 | INFO     | cost_structure | Running cost structure analysis …
2026-05-29 16:14:59 | INFO     | cost_structure | Cost structure analysis complete.
2026-05-29 16:14:59 | INFO     | query_engine                   | SQL: SELECT financial_item, financial_category, year, value, units FROM financials WHERE company_id = 'DRL' AND is_active = TRUE ORDER BY year DESC, financial_item…
2026-05-29 16:14:59 | INFO     | query_engine                   | SQL: SELECT financial_item, year, value, units FROM financials WHERE company_id = 'DRL'   AND financial_category = 'P&L Consolidated'   AND is_active = TRUE…
2026-05-29 16:14:59 | WARNING  | reshaper                       | No P&L data for DRL/P&L Consolidated
2026-05-29 16:15:18 | INFO     | query_engine                   | DuckDB views registered: financials, financials_latest, company_master, sector_mapping, audit_log
2026-05-29 16:15:18 | INFO     | query_engine                   | SQL: SELECT financial_item, year, value, units FROM financials WHERE company_id = 'CIPLA'   AND financial_category = 'P&L Consolidated'   AND is_active = TRUE…
2026-05-29 16:15:18 | WARNING  | reshaper                       | No P&L data for CIPLA/P&L Consolidated
2026-05-29 16:15:18 | INFO     | query_engine                   | SQL: SELECT financial_item, year, value, units FROM financials WHERE company_id = 'CIPLA'   AND financial_category = 'P&L'   AND is_active = TRUE…
2026-05-29 16:15:18 | WARNING  | reshaper                       | No P&L data for CIPLA/P&L
2026-05-29 16:15:18 | INFO     | query_engine                   | SQL: SELECT financial_item, year, value, units FROM financials WHERE company_id = 'DRL'   AND financial_category = 'P&L Consolidated'   AND is_active = TRUE…
2026-05-29 16:15:18 | WARNING  | reshaper                       | No P&L data for DRL/P&L Consolidated
2026-05-29 16:15:18 | INFO     | query_engine                   | SQL: SELECT financial_item, year, value, units FROM financials WHERE company_id = 'DRL'   AND financial_category = 'P&L'   AND is_active = TRUE…
2026-05-29 16:15:18 | INFO     | cost_structure | Running cost structure analysis …
2026-05-29 16:15:18 | INFO     | cost_structure | Cost structure analysis complete.
2026-05-29 16:15:18 | INFO     | query_engine                   | SQL: SELECT financial_item, year, value, units FROM financials WHERE company_id = 'LUPIN'   AND financial_category = 'P&L Consolidated'   AND is_active = TRUE…
2026-05-29 16:15:18 | WARNING  | reshaper                       | No P&L data for LUPIN/P&L Consolidated
2026-05-29 16:15:18 | INFO     | query_engine                   | SQL: SELECT financial_item, year, value, units FROM financials WHERE company_id = 'LUPIN'   AND financial_category = 'P&L'   AND is_active = TRUE…
2026-05-29 16:15:18 | WARNING  | reshaper                       | No P&L data for LUPIN/P&L
2026-05-29 16:15:18 | INFO     | query_engine                   | SQL: SELECT financial_item, year, value, units FROM financials WHERE company_id = 'SUN'   AND financial_category = 'P&L Consolidated'   AND is_active = TRUE…
2026-05-29 16:15:18 | INFO     | cost_structure | Running cost structure analysis …
2026-05-29 16:15:19 | INFO     | cost_structure | Cost structure analysis complete.
2026-05-29 16:15:19 | INFO     | query_engine                   | DuckDB views registered: financials, financials_latest, company_master, sector_mapping, audit_log
2026-05-29 16:15:19 | INFO     | query_engine                   | SQL: SELECT financial_item, financial_category, year, value, units FROM financials WHERE company_id = 'CIPLA' AND is_active = TRUE ORDER BY year DESC, financial_item…
2026-05-29 16:15:19 | INFO     | query_engine                   | SQL: SELECT financial_item, financial_category, year, value, units FROM financials WHERE company_id = 'DRL' AND is_active = TRUE ORDER BY year DESC, financial_item…
2026-05-29 16:15:19 | INFO     | query_engine                   | SQL: SELECT financial_item, year, value, units FROM financials WHERE company_id = 'DRL'   AND financial_category = 'P&L Consolidated'   AND is_active = TRUE…
2026-05-29 16:15:19 | WARNING  | reshaper                       | No P&L data for DRL/P&L Consolidated
2026-05-29 16:15:19 | INFO     | query_engine                   | SQL: SELECT financial_item, financial_category, year, value, units FROM financials WHERE company_id = 'LUPIN' AND is_active = TRUE ORDER BY year DESC, financial_item…
2026-05-29 16:15:19 | INFO     | query_engine                   | SQL: SELECT financial_item, financial_category, year, value, units FROM financials WHERE company_id = 'SUN' AND is_active = TRUE ORDER BY year DESC, financial_item…
2026-05-29 16:15:19 | INFO     | query_engine                   | SQL: SELECT financial_item, year, value, units FROM financials WHERE company_id = 'SUN'   AND financial_category = 'P&L Consolidated'   AND is_active = TRUE…
2026-05-29 16:15:19 | INFO     | cost_structure | Running cost structure analysis …
2026-05-29 16:15:19 | INFO     | cost_structure | Cost structure analysis complete.
2026-05-29 16:15:19 | INFO     | query_engine                   | DuckDB views registered: financials, financials_latest, company_master, sector_mapping, audit_log
2026-05-29 16:15:19 | INFO     | query_engine                   | SQL:              SELECT c.company_id, c.company_name,                 MAX(CASE WHEN f.financial_item='Revenue from Operations' THEN f.value END) as revenue,                 MAX(CASE WHEN f.financial_item=…
2026-05-29 16:15:19 | INFO     | query_engine                   | SQL: SELECT financial_item, financial_category, year, value, units FROM financials WHERE company_id = 'SUN' AND is_active = TRUE ORDER BY year DESC, financial_item…
2026-05-29 16:15:19 | INFO     | query_engine                   | SQL: SELECT financial_item, year, value, units FROM financials WHERE company_id = 'SUN'   AND financial_category = 'P&L Consolidated'   AND is_active = TRUE…
2026-05-29 16:15:19 | INFO     | cost_structure | Running cost structure analysis …
2026-05-29 16:15:20 | INFO     | cost_structure | Cost structure analysis complete.
2026-05-29 16:15:20 | INFO     | query_engine                   | SQL: SELECT financial_item, financial_category, year, value, units FROM financials WHERE company_id = 'DRL' AND is_active = TRUE ORDER BY year DESC, financial_item…
2026-05-29 16:15:20 | INFO     | query_engine                   | SQL: SELECT financial_item, year, value, units FROM financials WHERE company_id = 'DRL'   AND financial_category = 'P&L Consolidated'   AND is_active = TRUE…
2026-05-29 16:15:20 | WARNING  | reshaper                       | No P&L data for DRL/P&L Consolidated
2026-05-29 16:17:12 | INFO     | query_engine                   | DuckDB views registered: financials, financials_latest, company_master, sector_mapping, audit_log
2026-05-29 16:17:13 | INFO     | query_engine                   | SQL: SELECT financial_item, financial_category, year, value, units FROM financials WHERE company_id = 'SUN' AND is_active = TRUE ORDER BY year DESC, financial_item…
2026-05-29 16:17:13 | INFO     | query_engine                   | SQL: SELECT financial_item, year, value, units FROM financials WHERE company_id = 'SUN'   AND financial_category = 'P&L Consolidated'   AND is_active = TRUE…
2026-05-29 16:17:13 | INFO     | cost_structure | Running cost structure analysis …
2026-05-29 16:17:13 | INFO     | cost_structure | Cost structure analysis complete.
2026-05-29 16:22:12 | INFO     | query_engine                   | DuckDB views registered: financials, financials_latest, company_master, sector_mapping, audit_log
2026-05-29 16:22:12 | INFO     | query_engine                   | SQL: SELECT financial_item, financial_category, year, value, units FROM financials WHERE company_id = 'SUN' AND is_active = TRUE ORDER BY year DESC, financial_item…
2026-05-29 16:22:12 | INFO     | query_engine                   | SQL: SELECT financial_item, year, value, units FROM financials WHERE company_id = 'SUN'   AND financial_category = 'P&L Consolidated'   AND is_active = TRUE…
2026-05-29 16:22:12 | INFO     | cost_structure | Running cost structure analysis …
2026-05-29 16:22:13 | INFO     | cost_structure | Cost structure analysis complete.
2026-05-29 16:22:18 | INFO     | query_engine                   | DuckDB views registered: financials, financials_latest, company_master, sector_mapping, audit_log
2026-05-29 16:22:18 | INFO     | query_engine                   | SQL: SELECT financial_item, financial_category, year, value, units FROM financials WHERE company_id = 'SUN' AND is_active = TRUE ORDER BY year DESC, financial_item…
2026-05-29 16:22:18 | INFO     | query_engine                   | SQL: SELECT financial_item, year, value, units FROM financials WHERE company_id = 'SUN'   AND financial_category = 'P&L Consolidated'   AND is_active = TRUE…
2026-05-29 16:22:18 | INFO     | cost_structure | Running cost structure analysis …
2026-05-29 16:22:18 | INFO     | cost_structure | Cost structure analysis complete.
2026-05-29 16:22:18 | INFO     | query_engine                   | DuckDB views registered: financials, financials_latest, company_master, sector_mapping, audit_log
2026-05-29 16:22:18 | INFO     | query_engine                   | SQL: SELECT financial_item, financial_category, year, value, units FROM financials WHERE company_id = 'SUN' AND is_active = TRUE ORDER BY year DESC, financial_item…
INFO:     Started server process [8340]
INFO:     Waiting for application startup.
INFO:     Application startup complete.
INFO:     Uvicorn running on http://127.0.0.1:8000 (Press CTRL+C to quit)
2026-05-29 16:38:13 | INFO     | query_engine                   | DuckDB views registered: financials, financials_latest, company_master, sector_mapping, audit_log
2026-05-29 16:38:13 | INFO     | normalizer                     | Loaded 27 canonical items, 93 total aliases
2026-05-29 16:38:13 | INFO     | query_engine                   | DuckDB views registered: financials, financials_latest, company_master, sector_mapping, audit_log
2026-05-29 16:38:13 | INFO     | query_engine                   | SQL: SELECT financial_item, financial_category, year, value, units FROM financials WHERE company_id = 'CIPLA' AND is_active = TRUE ORDER BY year DESC, financial_item…
2026-05-29 16:38:29 | INFO     | query_engine                   | DuckDB views registered: financials, financials_latest, company_master, sector_mapping, audit_log
2026-05-29 16:38:29 | INFO     | query_engine                   | SQL: SELECT financial_item, financial_category, year, value, units FROM financials WHERE company_id = 'SUN' AND is_active = TRUE ORDER BY year DESC, financial_item…
2026-05-29 16:39:08 | INFO     | query_engine                   | DuckDB views registered: financials, financials_latest, company_master, sector_mapping, audit_log
2026-05-29 16:39:08 | INFO     | warehouse                      | Deactivated 28 rows for SUN/FY19
2026-05-29 16:39:08 | INFO     | query_engine                   | DuckDB views registered: financials, financials_latest, company_master, sector_mapping, audit_log
2026-05-29 16:39:10 | INFO     | query_engine                   | DuckDB views registered: financials, financials_latest, company_master, sector_mapping, audit_log
2026-05-29 16:39:10 | INFO     | warehouse                      | Ingested batch: {'ingestion_id': '7c94b5b3-d962-4c76-bfd7-53af4240fefe', 'rows_loaded': 43, 'rows_revised': 43, 'rows_new': 0}
2026-05-29 16:39:10 | INFO     | query_engine                   | DuckDB views registered: financials, financials_latest, company_master, sector_mapping, audit_log
2026-05-29 16:39:10 | INFO     | query_engine                   | DuckDB views registered: financials, financials_latest, company_master, sector_mapping, audit_log
2026-05-29 16:39:10 | INFO     | query_engine                   | SQL: SELECT financial_item, year, value, units FROM financials WHERE company_id = 'SUN'   AND financial_category = 'P&L Consolidated'   AND is_active = TRUE…
2026-05-29 16:39:10 | INFO     | query_engine                   | SQL: SELECT financial_item, year, value, units FROM financials WHERE company_id = 'SUN'   AND financial_category = 'P&L Standalone'   AND is_active = TRUE…
2026-05-29 16:39:10 | INFO     | query_engine                   | SQL: SELECT financial_item, year, value, units FROM financials WHERE company_id = 'SUN'   AND financial_category = 'Altman Z'   AND financial_item IN ('Revenue from Operations','EBITDA','PAT','Total Assets…
2026-05-29 16:39:10 | INFO     | cost_structure | Running cost structure analysis …
2026-05-29 16:39:11 | INFO     | cost_structure | Cost structure analysis complete.
2026-05-29 16:39:11 | INFO     | bankruptcy | Running bankruptcy/Altman Z analysis …
2026-05-29 16:39:23 | INFO     | query_engine                   | DuckDB views registered: financials, financials_latest, company_master, sector_mapping, audit_log
2026-05-29 16:39:23 | INFO     | query_engine                   | SQL: SELECT financial_item, financial_category, year, value, units FROM financials WHERE company_id = 'SUN' AND is_active = TRUE ORDER BY year DESC, financial_item…
2026-05-29 16:39:23 | INFO     | query_engine                   | DuckDB views registered: financials, financials_latest, company_master, sector_mapping, audit_log
2026-05-29 16:39:23 | INFO     | query_engine                   | SQL: SELECT financial_item, financial_category, year, value, units FROM financials WHERE company_id = 'SUN' AND is_active = TRUE ORDER BY year DESC, financial_item…
2026-05-29 16:39:23 | INFO     | query_engine                   | SQL: SELECT financial_item, year, value, units FROM financials WHERE company_id = 'SUN'   AND financial_category = 'P&L Consolidated'   AND is_active = TRUE…
2026-05-29 16:39:23 | INFO     | cost_structure | Running cost structure analysis …
2026-05-29 16:39:24 | INFO     | cost_structure | Cost structure analysis complete.
^CINFO:     Started server process [13464]
INFO:     Waiting for application startup.
INFO:     Application startup complete.
INFO:     Uvicorn running on http://127.0.0.1:8000 (Press CTRL+C to quit)
2026-05-29 16:40:23 | INFO     | query_engine                   | DuckDB views registered: financials, financials_latest, company_master, sector_mapping, audit_log
2026-05-29 16:40:23 | INFO     | normalizer                     | Loaded 27 canonical items, 93 total aliases
2026-05-29 16:40:23 | INFO     | query_engine                   | DuckDB views registered: financials, financials_latest, company_master, sector_mapping, audit_log
2026-05-29 16:40:23 | INFO     | query_engine                   | SQL: SELECT financial_item, financial_category, year, value, units FROM financials WHERE company_id = 'CIPLA' AND is_active = TRUE ORDER BY year DESC, financial_item…
2026-05-29 16:40:26 | INFO     | query_engine                   | DuckDB views registered: financials, financials_latest, company_master, sector_mapping, audit_log
2026-05-29 16:40:26 | INFO     | query_engine                   | SQL: SELECT financial_item, financial_category, year, value, units FROM financials WHERE company_id = 'SUN' AND is_active = TRUE ORDER BY year DESC, financial_item…
2026-05-29 16:41:07 | INFO     | query_engine                   | DuckDB views registered: financials, financials_latest, company_master, sector_mapping, audit_log
2026-05-29 16:41:07 | INFO     | query_engine                   | SQL: SELECT financial_item, financial_category, year, value, units FROM financials WHERE company_id = 'SUN' AND is_active = TRUE ORDER BY year DESC, financial_item…
2026-05-29 16:41:07 | INFO     | query_engine                   | SQL: SELECT financial_item, year, value, units FROM financials WHERE company_id = 'SUN'   AND financial_category = 'P&L Consolidated'   AND is_active = TRUE…
2026-05-29 16:41:07 | INFO     | cost_structure | Running cost structure analysis …
2026-05-29 16:41:07 | INFO     | cost_structure | Cost structure analysis complete.
2026-05-29 16:41:08 | INFO     | query_engine                   | DuckDB views registered: financials, financials_latest, company_master, sector_mapping, audit_log
2026-05-29 16:41:08 | INFO     | query_engine                   | SQL: SELECT financial_item, financial_category, year, value, units FROM financials WHERE company_id = 'SUN' AND is_active = TRUE ORDER BY year DESC, financial_item…
2026-05-29 16:41:12 | INFO     | query_engine                   | DuckDB views registered: financials, financials_latest, company_master, sector_mapping, audit_log
2026-05-29 16:41:12 | INFO     | query_engine                   | SQL: SELECT financial_item, year, value, units FROM financials WHERE company_id = 'CIPLA'   AND financial_category = 'P&L Consolidated'   AND is_active = TRUE…
2026-05-29 16:41:12 | WARNING  | reshaper                       | No P&L data for CIPLA/P&L Consolidated
2026-05-29 16:41:12 | INFO     | query_engine                   | SQL: SELECT financial_item, year, value, units FROM financials WHERE company_id = 'CIPLA'   AND financial_category = 'P&L'   AND is_active = TRUE…
2026-05-29 16:41:12 | WARNING  | reshaper                       | No P&L data for CIPLA/P&L
2026-05-29 16:41:12 | INFO     | query_engine                   | SQL: SELECT financial_item, year, value, units FROM financials WHERE company_id = 'DRL'   AND financial_category = 'P&L Consolidated'   AND is_active = TRUE…
2026-05-29 16:41:12 | WARNING  | reshaper                       | No P&L data for DRL/P&L Consolidated
2026-05-29 16:41:12 | INFO     | query_engine                   | SQL: SELECT financial_item, year, value, units FROM financials WHERE company_id = 'DRL'   AND financial_category = 'P&L'   AND is_active = TRUE…
2026-05-29 16:41:13 | INFO     | cost_structure | Running cost structure analysis …
2026-05-29 16:41:13 | INFO     | cost_structure | Cost structure analysis complete.
2026-05-29 16:41:13 | INFO     | query_engine                   | SQL: SELECT financial_item, year, value, units FROM financials WHERE company_id = 'LUPIN'   AND financial_category = 'P&L Consolidated'   AND is_active = TRUE…
2026-05-29 16:41:13 | WARNING  | reshaper                       | No P&L data for LUPIN/P&L Consolidated
2026-05-29 16:41:13 | INFO     | query_engine                   | SQL: SELECT financial_item, year, value, units FROM financials WHERE company_id = 'LUPIN'   AND financial_category = 'P&L'   AND is_active = TRUE…
2026-05-29 16:41:13 | WARNING  | reshaper                       | No P&L data for LUPIN/P&L
2026-05-29 16:41:13 | INFO     | query_engine                   | SQL: SELECT financial_item, year, value, units FROM financials WHERE company_id = 'SUN'   AND financial_category = 'P&L Consolidated'   AND is_active = TRUE…
2026-05-29 16:41:13 | INFO     | cost_structure | Running cost structure analysis …
2026-05-29 16:41:13 | INFO     | cost_structure | Cost structure analysis complete.
2026-05-29 16:41:13 | INFO     | query_engine                   | DuckDB views registered: financials, financials_latest, company_master, sector_mapping, audit_log
2026-05-29 16:41:13 | INFO     | query_engine                   | SQL: SELECT financial_item, financial_category, year, value, units FROM financials WHERE company_id = 'CIPLA' AND is_active = TRUE ORDER BY year DESC, financial_item…
2026-05-29 16:41:13 | INFO     | query_engine                   | SQL: SELECT financial_item, financial_category, year, value, units FROM financials WHERE company_id = 'DRL' AND is_active = TRUE ORDER BY year DESC, financial_item…
2026-05-29 16:41:13 | INFO     | query_engine                   | SQL: SELECT financial_item, year, value, units FROM financials WHERE company_id = 'DRL'   AND financial_category = 'P&L Consolidated'   AND is_active = TRUE…
2026-05-29 16:41:13 | WARNING  | reshaper                       | No P&L data for DRL/P&L Consolidated
2026-05-29 16:41:13 | INFO     | query_engine                   | SQL: SELECT financial_item, financial_category, year, value, units FROM financials WHERE company_id = 'LUPIN' AND is_active = TRUE ORDER BY year DESC, financial_item…
2026-05-29 16:41:13 | INFO     | query_engine                   | SQL: SELECT financial_item, financial_category, year, value, units FROM financials WHERE company_id = 'SUN' AND is_active = TRUE ORDER BY year DESC, financial_item…
2026-05-29 16:41:13 | INFO     | query_engine                   | SQL: SELECT financial_item, year, value, units FROM financials WHERE company_id = 'SUN'   AND financial_category = 'P&L Consolidated'   AND is_active = TRUE…
2026-05-29 16:41:14 | INFO     | cost_structure | Running cost structure analysis …
2026-05-29 16:41:14 | INFO     | cost_structure | Cost structure analysis complete.
2026-05-29 16:41:14 | INFO     | query_engine                   | DuckDB views registered: financials, financials_latest, company_master, sector_mapping, audit_log
2026-05-29 16:41:14 | INFO     | query_engine                   | SQL:              SELECT c.company_id, c.company_name,                 MAX(CASE WHEN f.financial_item='Revenue from Operations' THEN f.value END) as revenue,                 MAX(CASE WHEN f.financial_item=…
2026-05-29 16:41:14 | INFO     | query_engine                   | SQL: SELECT financial_item, financial_category, year, value, units FROM financials WHERE company_id = 'SUN' AND is_active = TRUE ORDER BY year DESC, financial_item…
2026-05-29 16:41:14 | INFO     | query_engine                   | SQL: SELECT financial_item, year, value, units FROM financials WHERE company_id = 'SUN'   AND financial_category = 'P&L Consolidated'   AND is_active = TRUE…
2026-05-29 16:41:14 | INFO     | cost_structure | Running cost structure analysis …
2026-05-29 16:41:14 | INFO     | cost_structure | Cost structure analysis complete.
2026-05-29 16:41:15 | INFO     | query_engine                   | SQL: SELECT financial_item, financial_category, year, value, units FROM financials WHERE company_id = 'DRL' AND is_active = TRUE ORDER BY year DESC, financial_item…
2026-05-29 16:41:15 | INFO     | query_engine                   | SQL: SELECT financial_item, year, value, units FROM financials WHERE company_id = 'DRL'   AND financial_category = 'P&L Consolidated'   AND is_active = TRUE…
2026-05-29 16:41:15 | WARNING  | reshaper                       | No P&L data for DRL/P&L Consolidated
INFO:     Started server process [23396]
INFO:     Waiting for application startup.
INFO:     Application startup complete.
INFO:     Uvicorn running on http://127.0.0.1:8000 (Press CTRL+C to quit)
2026-05-29 16:48:46 | INFO     | query_engine                   | DuckDB views registered: financials, financials_latest, company_master, sector_mapping, audit_log
2026-05-29 16:48:46 | INFO     | normalizer                     | Loaded 27 canonical items, 93 total aliases
2026-05-29 16:48:46 | INFO     | query_engine                   | DuckDB views registered: financials, financials_latest, company_master, sector_mapping, audit_log
2026-05-29 16:48:46 | INFO     | query_engine                   | SQL: SELECT financial_item, financial_category, year, value, units FROM financials WHERE company_id = 'CIPLA' AND is_active = TRUE ORDER BY year DESC, financial_item…
2026-05-29 16:48:49 | INFO     | query_engine                   | DuckDB views registered: financials, financials_latest, company_master, sector_mapping, audit_log
2026-05-29 16:48:49 | INFO     | query_engine                   | SQL: SELECT financial_item, financial_category, year, value, units FROM financials WHERE company_id = 'SUN' AND is_active = TRUE ORDER BY year DESC, financial_item…
2026-05-29 16:49:08 | INFO     | query_engine                   | DuckDB views registered: financials, financials_latest, company_master, sector_mapping, audit_log
2026-05-29 16:49:09 | INFO     | warehouse                      | Deactivated 32 rows for SUN/FY19
2026-05-29 16:49:09 | INFO     | query_engine                   | DuckDB views registered: financials, financials_latest, company_master, sector_mapping, audit_log
2026-05-29 16:49:10 | INFO     | query_engine                   | DuckDB views registered: financials, financials_latest, company_master, sector_mapping, audit_log
2026-05-29 16:49:10 | INFO     | warehouse                      | Ingested batch: {'ingestion_id': 'ab20048f-4867-421b-b84b-25dbc92c6df9', 'rows_loaded': 43, 'rows_revised': 43, 'rows_new': 0}
2026-05-29 16:49:10 | INFO     | query_engine                   | DuckDB views registered: financials, financials_latest, company_master, sector_mapping, audit_log
2026-05-29 16:49:10 | INFO     | query_engine                   | DuckDB views registered: financials, financials_latest, company_master, sector_mapping, audit_log
2026-05-29 16:49:10 | INFO     | query_engine                   | SQL: SELECT financial_item, year, value, units FROM financials WHERE company_id = 'SUN'   AND financial_category = 'P&L Consolidated'   AND is_active = TRUE…
2026-05-29 16:49:10 | INFO     | query_engine                   | SQL: SELECT financial_item, year, value, units FROM financials WHERE company_id = 'SUN'   AND financial_category = 'P&L Standalone'   AND is_active = TRUE…
2026-05-29 16:49:10 | INFO     | query_engine                   | SQL: SELECT financial_item, year, value, units FROM financials WHERE company_id = 'SUN'   AND financial_category = 'Altman Z'   AND financial_item IN ('Revenue from Operations','EBITDA','PAT','Total Assets…
2026-05-29 16:49:10 | INFO     | cost_structure | Running cost structure analysis …
2026-05-29 16:49:11 | INFO     | cost_structure | Cost structure analysis complete.
2026-05-29 16:49:11 | INFO     | bankruptcy | Running bankruptcy/Altman Z analysis …
2026-05-29 16:49:13 | INFO     | query_engine                   | DuckDB views registered: financials, financials_latest, company_master, sector_mapping, audit_log
2026-05-29 16:49:13 | INFO     | query_engine                   | SQL: SELECT financial_item, financial_category, year, value, units FROM financials WHERE company_id = 'SUN' AND is_active = TRUE ORDER BY year DESC, financial_item…
2026-05-29 16:49:13 | INFO     | query_engine                   | DuckDB views registered: financials, financials_latest, company_master, sector_mapping, audit_log
2026-05-29 16:49:13 | INFO     | query_engine                   | SQL: SELECT financial_item, financial_category, year, value, units FROM financials WHERE company_id = 'SUN' AND is_active = TRUE ORDER BY year DESC, financial_item…
2026-05-29 16:49:13 | INFO     | query_engine                   | SQL: SELECT financial_item, year, value, units FROM financials WHERE company_id = 'SUN'   AND financial_category = 'P&L Consolidated'   AND is_active = TRUE…
2026-05-29 16:49:13 | INFO     | cost_structure | Running cost structure analysis …
2026-05-29 16:49:14 | INFO     | cost_structure | Cost structure analysis complete.
2026-05-29 16:49:17 | INFO     | query_engine                   | DuckDB views registered: financials, financials_latest, company_master, sector_mapping, audit_log
2026-05-29 16:49:17 | INFO     | query_engine                   | SQL: SELECT financial_item, year, value, units FROM financials WHERE company_id = 'CIPLA'   AND financial_category = 'P&L Consolidated'   AND is_active = TRUE…
2026-05-29 16:49:17 | WARNING  | reshaper                       | No P&L data for CIPLA/P&L Consolidated
2026-05-29 16:49:17 | INFO     | query_engine                   | SQL: SELECT financial_item, year, value, units FROM financials WHERE company_id = 'CIPLA'   AND financial_category = 'P&L'   AND is_active = TRUE…
2026-05-29 16:49:17 | WARNING  | reshaper                       | No P&L data for CIPLA/P&L
2026-05-29 16:49:17 | INFO     | query_engine                   | SQL: SELECT financial_item, year, value, units FROM financials WHERE company_id = 'DRL'   AND financial_category = 'P&L Consolidated'   AND is_active = TRUE…
2026-05-29 16:49:17 | WARNING  | reshaper                       | No P&L data for DRL/P&L Consolidated
2026-05-29 16:49:17 | INFO     | query_engine                   | SQL: SELECT financial_item, year, value, units FROM financials WHERE company_id = 'DRL'   AND financial_category = 'P&L'   AND is_active = TRUE…
2026-05-29 16:49:17 | INFO     | cost_structure | Running cost structure analysis …
2026-05-29 16:49:17 | INFO     | cost_structure | Cost structure analysis complete.
2026-05-29 16:49:17 | INFO     | query_engine                   | SQL: SELECT financial_item, year, value, units FROM financials WHERE company_id = 'LUPIN'   AND financial_category = 'P&L Consolidated'   AND is_active = TRUE…
2026-05-29 16:49:17 | WARNING  | reshaper                       | No P&L data for LUPIN/P&L Consolidated
2026-05-29 16:49:17 | INFO     | query_engine                   | SQL: SELECT financial_item, year, value, units FROM financials WHERE company_id = 'LUPIN'   AND financial_category = 'P&L'   AND is_active = TRUE…
2026-05-29 16:49:17 | WARNING  | reshaper                       | No P&L data for LUPIN/P&L
2026-05-29 16:49:17 | INFO     | query_engine                   | SQL: SELECT financial_item, year, value, units FROM financials WHERE company_id = 'SUN'   AND financial_category = 'P&L Consolidated'   AND is_active = TRUE…
2026-05-29 16:49:17 | INFO     | cost_structure | Running cost structure analysis …
2026-05-29 16:49:18 | INFO     | cost_structure | Cost structure analysis complete.
2026-05-29 16:49:18 | INFO     | query_engine                   | DuckDB views registered: financials, financials_latest, company_master, sector_mapping, audit_log
2026-05-29 16:49:18 | INFO     | query_engine                   | SQL: SELECT financial_item, financial_category, year, value, units FROM financials WHERE company_id = 'CIPLA' AND is_active = TRUE ORDER BY year DESC, financial_item…
2026-05-29 16:49:18 | INFO     | query_engine                   | SQL: SELECT financial_item, financial_category, year, value, units FROM financials WHERE company_id = 'DRL' AND is_active = TRUE ORDER BY year DESC, financial_item…
2026-05-29 16:49:18 | INFO     | query_engine                   | SQL: SELECT financial_item, year, value, units FROM financials WHERE company_id = 'DRL'   AND financial_category = 'P&L Consolidated'   AND is_active = TRUE…
2026-05-29 16:49:18 | WARNING  | reshaper                       | No P&L data for DRL/P&L Consolidated
2026-05-29 16:49:18 | INFO     | query_engine                   | SQL: SELECT financial_item, financial_category, year, value, units FROM financials WHERE company_id = 'LUPIN' AND is_active = TRUE ORDER BY year DESC, financial_item…
2026-05-29 16:49:18 | INFO     | query_engine                   | SQL: SELECT financial_item, financial_category, year, value, units FROM financials WHERE company_id = 'SUN' AND is_active = TRUE ORDER BY year DESC, financial_item…
2026-05-29 16:49:18 | INFO     | query_engine                   | SQL: SELECT financial_item, year, value, units FROM financials WHERE company_id = 'SUN'   AND financial_category = 'P&L Consolidated'   AND is_active = TRUE…
2026-05-29 16:49:18 | INFO     | cost_structure | Running cost structure analysis …
2026-05-29 16:49:18 | INFO     | cost_structure | Cost structure analysis complete.
2026-05-29 16:49:18 | INFO     | query_engine                   | DuckDB views registered: financials, financials_latest, company_master, sector_mapping, audit_log
2026-05-29 16:49:18 | INFO     | query_engine                   | SQL:              SELECT c.company_id, c.company_name,                 MAX(CASE WHEN f.financial_item='Revenue from Operations' THEN f.value END) as revenue,                 MAX(CASE WHEN f.financial_item=…
2026-05-29 16:49:18 | INFO     | query_engine                   | SQL: SELECT financial_item, financial_category, year, value, units FROM financials WHERE company_id = 'SUN' AND is_active = TRUE ORDER BY year DESC, financial_item…
2026-05-29 16:49:18 | INFO     | query_engine                   | SQL: SELECT financial_item, year, value, units FROM financials WHERE company_id = 'SUN'   AND financial_category = 'P&L Consolidated'   AND is_active = TRUE…
2026-05-29 16:49:18 | INFO     | cost_structure | Running cost structure analysis …
2026-05-29 16:49:19 | INFO     | cost_structure | Cost structure analysis complete.
2026-05-29 16:49:19 | INFO     | query_engine                   | SQL: SELECT financial_item, financial_category, year, value, units FROM financials WHERE company_id = 'DRL' AND is_active = TRUE ORDER BY year DESC, financial_item…
2026-05-29 16:49:19 | INFO     | query_engine                   | SQL: SELECT financial_item, year, value, units FROM financials WHERE company_id = 'DRL'   AND financial_category = 'P&L Consolidated'   AND is_active = TRUE…
2026-05-29 16:49:19 | WARNING  | reshaper                       | No P&L data for DRL/P&L Consolidated
2026-05-29 16:52:25 | INFO     | query_engine                   | DuckDB views registered: financials, financials_latest, company_master, sector_mapping, audit_log
2026-05-29 16:52:25 | INFO     | query_engine                   | SQL: SELECT financial_item, financial_category, year, value, units FROM financials WHERE company_id = 'SUN' AND is_active = TRUE ORDER BY year DESC, financial_item…
2026-05-29 16:52:25 | INFO     | query_engine                   | SQL: SELECT financial_item, year, value, units FROM financials WHERE company_id = 'SUN'   AND financial_category = 'P&L Consolidated'   AND is_active = TRUE…
2026-05-29 16:52:25 | INFO     | cost_structure | Running cost structure analysis …
2026-05-29 16:52:25 | INFO     | cost_structure | Cost structure analysis complete.
INFO:     Started server process [6768]
INFO:     Waiting for application startup.
INFO:     Application startup complete.
INFO:     Uvicorn running on http://127.0.0.1:8000 (Press CTRL+C to quit)
2026-05-29 17:27:26 | INFO     | query_engine                   | DuckDB views registered: financials, financials_latest, company_master, sector_mapping, audit_log
2026-05-29 17:27:26 | INFO     | normalizer                     | Loaded 27 canonical items, 93 total aliases
2026-05-29 17:27:26 | INFO     | query_engine                   | DuckDB views registered: financials, financials_latest, company_master, sector_mapping, audit_log
2026-05-29 17:27:26 | INFO     | query_engine                   | SQL: SELECT financial_item, financial_category, year, value, units FROM financials WHERE company_id = 'CIPLA' AND is_active = TRUE ORDER BY year DESC, financial_item…
2026-05-29 17:27:33 | INFO     | query_engine                   | DuckDB views registered: financials, financials_latest, company_master, sector_mapping, audit_log
2026-05-29 17:27:33 | INFO     | query_engine                   | SQL: SELECT financial_item, financial_category, year, value, units FROM financials WHERE company_id = 'SUN' AND is_active = TRUE ORDER BY year DESC, financial_item…
2026-05-29 17:27:43 | INFO     | query_engine                   | DuckDB views registered: financials, financials_latest, company_master, sector_mapping, audit_log
2026-05-29 17:27:43 | INFO     | query_engine                   | SQL: SELECT financial_item, year, value, units FROM financials WHERE company_id = 'CIPLA'   AND financial_category = 'P&L Consolidated'   AND is_active = TRUE…
2026-05-29 17:27:43 | WARNING  | reshaper                       | No P&L data for CIPLA/P&L Consolidated
2026-05-29 17:27:43 | INFO     | query_engine                   | SQL: SELECT financial_item, year, value, units FROM financials WHERE company_id = 'CIPLA'   AND financial_category = 'P&L'   AND is_active = TRUE…
2026-05-29 17:27:43 | WARNING  | reshaper                       | No P&L data for CIPLA/P&L
2026-05-29 17:27:43 | INFO     | query_engine                   | SQL: SELECT financial_item, year, value, units FROM financials WHERE company_id = 'DRL'   AND financial_category = 'P&L Consolidated'   AND is_active = TRUE…
2026-05-29 17:27:43 | WARNING  | reshaper                       | No P&L data for DRL/P&L Consolidated
2026-05-29 17:27:43 | INFO     | query_engine                   | SQL: SELECT financial_item, year, value, units FROM financials WHERE company_id = 'DRL'   AND financial_category = 'P&L'   AND is_active = TRUE…
2026-05-29 17:27:43 | INFO     | cost_structure | Running cost structure analysis …
2026-05-29 17:27:44 | INFO     | cost_structure | Cost structure analysis complete.
2026-05-29 17:27:44 | INFO     | query_engine                   | SQL: SELECT financial_item, year, value, units FROM financials WHERE company_id = 'LUPIN'   AND financial_category = 'P&L Consolidated'   AND is_active = TRUE…
2026-05-29 17:27:44 | WARNING  | reshaper                       | No P&L data for LUPIN/P&L Consolidated
2026-05-29 17:27:44 | INFO     | query_engine                   | SQL: SELECT financial_item, year, value, units FROM financials WHERE company_id = 'LUPIN'   AND financial_category = 'P&L'   AND is_active = TRUE…
2026-05-29 17:27:44 | WARNING  | reshaper                       | No P&L data for LUPIN/P&L
2026-05-29 17:27:44 | INFO     | query_engine                   | SQL: SELECT financial_item, year, value, units FROM financials WHERE company_id = 'SUN'   AND financial_category = 'P&L Consolidated'   AND is_active = TRUE…
2026-05-29 17:27:44 | INFO     | cost_structure | Running cost structure analysis …
2026-05-29 17:27:44 | INFO     | cost_structure | Cost structure analysis complete.
2026-05-29 17:27:44 | INFO     | query_engine                   | DuckDB views registered: financials, financials_latest, company_master, sector_mapping, audit_log
2026-05-29 17:27:44 | INFO     | query_engine                   | SQL: SELECT financial_item, financial_category, year, value, units FROM financials WHERE company_id = 'CIPLA' AND is_active = TRUE ORDER BY year DESC, financial_item…
2026-05-29 17:27:44 | INFO     | query_engine                   | SQL: SELECT financial_item, financial_category, year, value, units FROM financials WHERE company_id = 'DRL' AND is_active = TRUE ORDER BY year DESC, financial_item…
2026-05-29 17:27:44 | INFO     | query_engine                   | SQL: SELECT financial_item, year, value, units FROM financials WHERE company_id = 'DRL'   AND financial_category = 'P&L Consolidated'   AND is_active = TRUE…
2026-05-29 17:27:44 | WARNING  | reshaper                       | No P&L data for DRL/P&L Consolidated
2026-05-29 17:27:44 | INFO     | query_engine                   | SQL: SELECT financial_item, financial_category, year, value, units FROM financials WHERE company_id = 'LUPIN' AND is_active = TRUE ORDER BY year DESC, financial_item…
2026-05-29 17:27:44 | INFO     | query_engine                   | SQL: SELECT financial_item, financial_category, year, value, units FROM financials WHERE company_id = 'SUN' AND is_active = TRUE ORDER BY year DESC, financial_item…
2026-05-29 17:27:44 | INFO     | query_engine                   | SQL: SELECT financial_item, year, value, units FROM financials WHERE company_id = 'SUN'   AND financial_category = 'P&L Consolidated'   AND is_active = TRUE…
2026-05-29 17:27:44 | INFO     | cost_structure | Running cost structure analysis …
2026-05-29 17:27:45 | INFO     | cost_structure | Cost structure analysis complete.
2026-05-29 17:27:45 | INFO     | query_engine                   | DuckDB views registered: financials, financials_latest, company_master, sector_mapping, audit_log
2026-05-29 17:27:45 | INFO     | query_engine                   | SQL:              SELECT c.company_id, c.company_name,                 MAX(CASE WHEN f.financial_item='Revenue from Operations' THEN f.value END) as revenue,                 MAX(CASE WHEN f.financial_item=…
2026-05-29 17:27:45 | INFO     | query_engine                   | SQL: SELECT financial_item, financial_category, year, value, units FROM financials WHERE company_id = 'SUN' AND is_active = TRUE ORDER BY year DESC, financial_item…
2026-05-29 17:27:45 | INFO     | query_engine                   | SQL: SELECT financial_item, year, value, units FROM financials WHERE company_id = 'SUN'   AND financial_category = 'P&L Consolidated'   AND is_active = TRUE…
2026-05-29 17:27:45 | INFO     | cost_structure | Running cost structure analysis …
2026-05-29 17:27:45 | INFO     | cost_structure | Cost structure analysis complete.
2026-05-29 17:27:45 | INFO     | query_engine                   | SQL: SELECT financial_item, financial_category, year, value, units FROM financials WHERE company_id = 'DRL' AND is_active = TRUE ORDER BY year DESC, financial_item…
2026-05-29 17:27:45 | INFO     | query_engine                   | SQL: SELECT financial_item, year, value, units FROM financials WHERE company_id = 'DRL'   AND financial_category = 'P&L Consolidated'   AND is_active = TRUE…
2026-05-29 17:27:45 | WARNING  | reshaper                       | No P&L data for DRL/P&L Consolidated
2026-05-29 17:27:56 | INFO     | query_engine                   | DuckDB views registered: financials, financials_latest, company_master, sector_mapping, audit_log
2026-05-29 17:27:56 | INFO     | query_engine                   | SQL: SELECT financial_item, financial_category, year, value, units FROM financials WHERE company_id = 'SUN' AND is_active = TRUE ORDER BY year DESC, financial_item…
2026-05-29 17:27:56 | INFO     | query_engine                   | SQL: SELECT financial_item, year, value, units FROM financials WHERE company_id = 'SUN'   AND financial_category = 'P&L Consolidated'   AND is_active = TRUE…
2026-05-29 17:27:56 | INFO     | cost_structure | Running cost structure analysis …
2026-05-29 17:27:56 | INFO     | cost_structure | Cost structure analysis complete.
2026-05-29 17:28:08 | INFO     | query_engine                   | DuckDB views registered: financials, financials_latest, company_master, sector_mapping, audit_log
2026-05-29 17:28:08 | INFO     | query_engine                   | SQL: SELECT financial_item, year, value, units FROM financials WHERE company_id = 'CIPLA'   AND financial_category = 'P&L Consolidated'   AND is_active = TRUE…
2026-05-29 17:28:08 | WARNING  | reshaper                       | No P&L data for CIPLA/P&L Consolidated
2026-05-29 17:28:08 | INFO     | query_engine                   | SQL: SELECT financial_item, year, value, units FROM financials WHERE company_id = 'CIPLA'   AND financial_category = 'P&L'   AND is_active = TRUE…
2026-05-29 17:28:08 | WARNING  | reshaper                       | No P&L data for CIPLA/P&L
2026-05-29 17:28:08 | INFO     | query_engine                   | SQL: SELECT financial_item, year, value, units FROM financials WHERE company_id = 'DRL'   AND financial_category = 'P&L Consolidated'   AND is_active = TRUE…
2026-05-29 17:28:08 | WARNING  | reshaper                       | No P&L data for DRL/P&L Consolidated
2026-05-29 17:28:08 | INFO     | query_engine                   | SQL: SELECT financial_item, year, value, units FROM financials WHERE company_id = 'DRL'   AND financial_category = 'P&L'   AND is_active = TRUE…
2026-05-29 17:28:08 | INFO     | cost_structure | Running cost structure analysis …
2026-05-29 17:28:09 | INFO     | cost_structure | Cost structure analysis complete.
2026-05-29 17:28:09 | INFO     | query_engine                   | SQL: SELECT financial_item, year, value, units FROM financials WHERE company_id = 'LUPIN'   AND financial_category = 'P&L Consolidated'   AND is_active = TRUE…
2026-05-29 17:28:09 | WARNING  | reshaper                       | No P&L data for LUPIN/P&L Consolidated
2026-05-29 17:28:09 | INFO     | query_engine                   | SQL: SELECT financial_item, year, value, units FROM financials WHERE company_id = 'LUPIN'   AND financial_category = 'P&L'   AND is_active = TRUE…
2026-05-29 17:28:09 | WARNING  | reshaper                       | No P&L data for LUPIN/P&L
2026-05-29 17:28:09 | INFO     | query_engine                   | SQL: SELECT financial_item, year, value, units FROM financials WHERE company_id = 'SUN'   AND financial_category = 'P&L Consolidated'   AND is_active = TRUE…
2026-05-29 17:28:09 | INFO     | cost_structure | Running cost structure analysis …
2026-05-29 17:28:09 | INFO     | cost_structure | Cost structure analysis complete.
2026-05-29 17:28:09 | INFO     | query_engine                   | DuckDB views registered: financials, financials_latest, company_master, sector_mapping, audit_log
2026-05-29 17:28:09 | INFO     | query_engine                   | SQL: SELECT financial_item, financial_category, year, value, units FROM financials WHERE company_id = 'CIPLA' AND is_active = TRUE ORDER BY year DESC, financial_item…
2026-05-29 17:28:09 | INFO     | query_engine                   | SQL: SELECT financial_item, financial_category, year, value, units FROM financials WHERE company_id = 'DRL' AND is_active = TRUE ORDER BY year DESC, financial_item…
2026-05-29 17:28:09 | INFO     | query_engine                   | SQL: SELECT financial_item, year, value, units FROM financials WHERE company_id = 'DRL'   AND financial_category = 'P&L Consolidated'   AND is_active = TRUE…
2026-05-29 17:28:09 | WARNING  | reshaper                       | No P&L data for DRL/P&L Consolidated
2026-05-29 17:28:09 | INFO     | query_engine                   | SQL: SELECT financial_item, financial_category, year, value, units FROM financials WHERE company_id = 'LUPIN' AND is_active = TRUE ORDER BY year DESC, financial_item…
2026-05-29 17:28:09 | INFO     | query_engine                   | SQL: SELECT financial_item, financial_category, year, value, units FROM financials WHERE company_id = 'SUN' AND is_active = TRUE ORDER BY year DESC, financial_item…
2026-05-29 17:28:09 | INFO     | query_engine                   | SQL: SELECT financial_item, year, value, units FROM financials WHERE company_id = 'SUN'   AND financial_category = 'P&L Consolidated'   AND is_active = TRUE…
2026-05-29 17:28:09 | INFO     | cost_structure | Running cost structure analysis …
2026-05-29 17:28:10 | INFO     | cost_structure | Cost structure analysis complete.
2026-05-29 17:28:10 | INFO     | query_engine                   | DuckDB views registered: financials, financials_latest, company_master, sector_mapping, audit_log
2026-05-29 17:28:10 | INFO     | query_engine                   | SQL:              SELECT c.company_id, c.company_name,                 MAX(CASE WHEN f.financial_item='Revenue from Operations' THEN f.value END) as revenue,                 MAX(CASE WHEN f.financial_item=…
2026-05-29 17:28:10 | INFO     | query_engine                   | SQL: SELECT financial_item, financial_category, year, value, units FROM financials WHERE company_id = 'SUN' AND is_active = TRUE ORDER BY year DESC, financial_item…
2026-05-29 17:28:10 | INFO     | query_engine                   | SQL: SELECT financial_item, year, value, units FROM financials WHERE company_id = 'SUN'   AND financial_category = 'P&L Consolidated'   AND is_active = TRUE…
2026-05-29 17:28:10 | INFO     | cost_structure | Running cost structure analysis …
2026-05-29 17:28:10 | INFO     | cost_structure | Cost structure analysis complete.
2026-05-29 17:28:10 | INFO     | query_engine                   | SQL: SELECT financial_item, financial_category, year, value, units FROM financials WHERE company_id = 'DRL' AND is_active = TRUE ORDER BY year DESC, financial_item…
2026-05-29 17:28:10 | INFO     | query_engine                   | SQL: SELECT financial_item, year, value, units FROM financials WHERE company_id = 'DRL'   AND financial_category = 'P&L Consolidated'   AND is_active = TRUE…
2026-05-29 17:28:10 | WARNING  | reshaper                       | No P&L data for DRL/P&L Consolidated
INFO:     Started server process [23756]
INFO:     Waiting for application startup.
INFO:     Application startup complete.
INFO:     Uvicorn running on http://127.0.0.1:8000 (Press CTRL+C to quit)
2026-05-30 12:47:51 | INFO     | query_engine                   | DuckDB views registered: financials, financials_latest, company_master, sector_mapping, audit_log
2026-05-30 12:47:51 | INFO     | normalizer                     | Loaded 27 canonical items, 93 total aliases
2026-05-30 12:47:51 | INFO     | query_engine                   | DuckDB views registered: financials, financials_latest, company_master, sector_mapping, audit_log
2026-05-30 12:47:51 | INFO     | query_engine                   | SQL: SELECT financial_item, financial_category, year, value, units FROM financials WHERE company_id = 'CIPLA' AND is_active = TRUE ORDER BY year DESC, financial_item…
2026-05-30 12:47:53 | INFO     | query_engine                   | DuckDB views registered: financials, financials_latest, company_master, sector_mapping, audit_log
2026-05-30 12:47:53 | INFO     | query_engine                   | SQL: SELECT financial_item, financial_category, year, value, units FROM financials WHERE company_id = 'SUN' AND is_active = TRUE ORDER BY year DESC, financial_item…
2026-05-30 12:48:31 | INFO     | query_engine                   | DuckDB views registered: financials, financials_latest, company_master, sector_mapping, audit_log
2026-05-30 12:48:31 | INFO     | warehouse                      | Deactivated 36 rows for SUN/FY19
2026-05-30 12:48:32 | INFO     | query_engine                   | DuckDB views registered: financials, financials_latest, company_master, sector_mapping, audit_log
2026-05-30 12:48:35 | INFO     | query_engine                   | DuckDB views registered: financials, financials_latest, company_master, sector_mapping, audit_log
2026-05-30 12:48:36 | INFO     | warehouse                      | Ingested batch: {'ingestion_id': '0b7587ad-3ed1-46d3-b8d7-7c9befc295d0', 'rows_loaded': 43, 'rows_revised': 43, 'rows_new': 0}
2026-05-30 12:48:36 | INFO     | query_engine                   | DuckDB views registered: financials, financials_latest, company_master, sector_mapping, audit_log
2026-05-30 12:48:36 | INFO     | query_engine                   | DuckDB views registered: financials, financials_latest, company_master, sector_mapping, audit_log
2026-05-30 12:48:36 | INFO     | query_engine                   | SQL: SELECT financial_item, year, value, units FROM financials WHERE company_id = 'SUN'   AND financial_category = 'P&L Consolidated'   AND is_active = TRUE…
2026-05-30 12:48:36 | INFO     | query_engine                   | SQL: SELECT financial_item, year, value, units FROM financials WHERE company_id = 'SUN'   AND financial_category = 'P&L Standalone'   AND is_active = TRUE…
2026-05-30 12:48:36 | INFO     | query_engine                   | SQL: SELECT financial_item, year, value, units FROM financials WHERE company_id = 'SUN'   AND financial_category = 'Altman Z'   AND financial_item IN ('Revenue from Operations','EBITDA','PAT','Total Assets…
2026-05-30 12:48:36 | INFO     | cost_structure | Running cost structure analysis …
2026-05-30 12:48:37 | INFO     | cost_structure | Cost structure analysis complete.
2026-05-30 12:48:37 | INFO     | bankruptcy | Running bankruptcy/Altman Z analysis …
2026-05-30 12:48:40 | INFO     | query_engine                   | DuckDB views registered: financials, financials_latest, company_master, sector_mapping, audit_log
2026-05-30 12:48:40 | INFO     | query_engine                   | SQL: SELECT financial_item, financial_category, year, value, units FROM financials WHERE company_id = 'SUN' AND is_active = TRUE ORDER BY year DESC, financial_item…
2026-05-30 12:48:40 | INFO     | query_engine                   | DuckDB views registered: financials, financials_latest, company_master, sector_mapping, audit_log
2026-05-30 12:48:40 | INFO     | query_engine                   | SQL: SELECT financial_item, financial_category, year, value, units FROM financials WHERE company_id = 'SUN' AND is_active = TRUE ORDER BY year DESC, financial_item…
2026-05-30 12:48:40 | INFO     | query_engine                   | SQL: SELECT financial_item, year, value, units FROM financials WHERE company_id = 'SUN'   AND financial_category = 'P&L Consolidated'   AND is_active = TRUE…
2026-05-30 12:48:40 | INFO     | cost_structure | Running cost structure analysis …
2026-05-30 12:48:41 | INFO     | cost_structure | Cost structure analysis complete.
2026-05-30 12:48:57 | INFO     | query_engine                   | DuckDB views registered: financials, financials_latest, company_master, sector_mapping, audit_log
2026-05-30 12:48:57 | INFO     | query_engine                   | SQL: SELECT financial_item, year, value, units FROM financials WHERE company_id = 'CIPLA'   AND financial_category = 'P&L Consolidated'   AND is_active = TRUE…
2026-05-30 12:48:57 | WARNING  | reshaper                       | No P&L data for CIPLA/P&L Consolidated
2026-05-30 12:48:57 | INFO     | query_engine                   | SQL: SELECT financial_item, year, value, units FROM financials WHERE company_id = 'CIPLA'   AND financial_category = 'P&L'   AND is_active = TRUE…
2026-05-30 12:48:57 | WARNING  | reshaper                       | No P&L data for CIPLA/P&L
2026-05-30 12:48:57 | INFO     | query_engine                   | SQL: SELECT financial_item, year, value, units FROM financials WHERE company_id = 'DRL'   AND financial_category = 'P&L Consolidated'   AND is_active = TRUE…
2026-05-30 12:48:57 | WARNING  | reshaper                       | No P&L data for DRL/P&L Consolidated
2026-05-30 12:48:57 | INFO     | query_engine                   | SQL: SELECT financial_item, year, value, units FROM financials WHERE company_id = 'DRL'   AND financial_category = 'P&L'   AND is_active = TRUE…
2026-05-30 12:48:57 | INFO     | cost_structure | Running cost structure analysis …
2026-05-30 12:48:57 | INFO     | cost_structure | Cost structure analysis complete.
2026-05-30 12:48:57 | INFO     | query_engine                   | SQL: SELECT financial_item, year, value, units FROM financials WHERE company_id = 'LUPIN'   AND financial_category = 'P&L Consolidated'   AND is_active = TRUE…
2026-05-30 12:48:57 | WARNING  | reshaper                       | No P&L data for LUPIN/P&L Consolidated
2026-05-30 12:48:57 | INFO     | query_engine                   | SQL: SELECT financial_item, year, value, units FROM financials WHERE company_id = 'LUPIN'   AND financial_category = 'P&L'   AND is_active = TRUE…
2026-05-30 12:48:57 | WARNING  | reshaper                       | No P&L data for LUPIN/P&L
2026-05-30 12:48:57 | INFO     | query_engine                   | SQL: SELECT financial_item, year, value, units FROM financials WHERE company_id = 'SUN'   AND financial_category = 'P&L Consolidated'   AND is_active = TRUE…
2026-05-30 12:48:57 | INFO     | cost_structure | Running cost structure analysis …
2026-05-30 12:48:58 | INFO     | cost_structure | Cost structure analysis complete.
2026-05-30 12:48:58 | INFO     | query_engine                   | DuckDB views registered: financials, financials_latest, company_master, sector_mapping, audit_log
2026-05-30 12:48:58 | INFO     | query_engine                   | SQL: SELECT financial_item, financial_category, year, value, units FROM financials WHERE company_id = 'CIPLA' AND is_active = TRUE ORDER BY year DESC, financial_item…
2026-05-30 12:48:58 | INFO     | query_engine                   | SQL: SELECT financial_item, financial_category, year, value, units FROM financials WHERE company_id = 'DRL' AND is_active = TRUE ORDER BY year DESC, financial_item…
2026-05-30 12:48:58 | INFO     | query_engine                   | SQL: SELECT financial_item, year, value, units FROM financials WHERE company_id = 'DRL'   AND financial_category = 'P&L Consolidated'   AND is_active = TRUE…
2026-05-30 12:48:58 | WARNING  | reshaper                       | No P&L data for DRL/P&L Consolidated
2026-05-30 12:48:58 | INFO     | query_engine                   | SQL: SELECT financial_item, financial_category, year, value, units FROM financials WHERE company_id = 'LUPIN' AND is_active = TRUE ORDER BY year DESC, financial_item…
2026-05-30 12:48:58 | INFO     | query_engine                   | SQL: SELECT financial_item, financial_category, year, value, units FROM financials WHERE company_id = 'SUN' AND is_active = TRUE ORDER BY year DESC, financial_item…
2026-05-30 12:48:58 | INFO     | query_engine                   | SQL: SELECT financial_item, year, value, units FROM financials WHERE company_id = 'SUN'   AND financial_category = 'P&L Consolidated'   AND is_active = TRUE…
2026-05-30 12:48:58 | INFO     | cost_structure | Running cost structure analysis …
2026-05-30 12:48:59 | INFO     | cost_structure | Cost structure analysis complete.
2026-05-30 12:48:59 | INFO     | query_engine                   | DuckDB views registered: financials, financials_latest, company_master, sector_mapping, audit_log
2026-05-30 12:48:59 | INFO     | query_engine                   | SQL:              SELECT c.company_id, c.company_name,                 MAX(CASE WHEN f.financial_item='Revenue from Operations' THEN f.value END) as revenue,                 MAX(CASE WHEN f.financial_item=…
2026-05-30 12:48:59 | INFO     | query_engine                   | SQL: SELECT financial_item, financial_category, year, value, units FROM financials WHERE company_id = 'SUN' AND is_active = TRUE ORDER BY year DESC, financial_item…
2026-05-30 12:48:59 | INFO     | query_engine                   | SQL: SELECT financial_item, year, value, units FROM financials WHERE company_id = 'SUN'   AND financial_category = 'P&L Consolidated'   AND is_active = TRUE…
2026-05-30 12:48:59 | INFO     | cost_structure | Running cost structure analysis …
2026-05-30 12:49:00 | INFO     | cost_structure | Cost structure analysis complete.
2026-05-30 12:49:00 | INFO     | query_engine                   | SQL: SELECT financial_item, financial_category, year, value, units FROM financials WHERE company_id = 'DRL' AND is_active = TRUE ORDER BY year DESC, financial_item…
2026-05-30 12:49:00 | INFO     | query_engine                   | SQL: SELECT financial_item, year, value, units FROM financials WHERE company_id = 'DRL'   AND financial_category = 'P&L Consolidated'   AND is_active = TRUE…
2026-05-30 12:49:00 | WARNING  | reshaper                       | No P&L data for DRL/P&L Consolidated
2026-05-30 12:50:10 | INFO     | query_engine                   | DuckDB views registered: financials, financials_latest, company_master, sector_mapping, audit_log
2026-05-30 12:50:10 | INFO     | query_engine                   | SQL: SELECT financial_item, year, value, units FROM financials WHERE company_id = 'CIPLA'   AND financial_category = 'P&L Consolidated'   AND is_active = TRUE…
2026-05-30 12:50:10 | WARNING  | reshaper                       | No P&L data for CIPLA/P&L Consolidated
2026-05-30 12:50:10 | INFO     | query_engine                   | SQL: SELECT financial_item, year, value, units FROM financials WHERE company_id = 'CIPLA'   AND financial_category = 'P&L'   AND is_active = TRUE…
2026-05-30 12:50:10 | WARNING  | reshaper                       | No P&L data for CIPLA/P&L
2026-05-30 12:50:10 | INFO     | query_engine                   | SQL: SELECT financial_item, year, value, units FROM financials WHERE company_id = 'DRL'   AND financial_category = 'P&L Consolidated'   AND is_active = TRUE…
2026-05-30 12:50:10 | WARNING  | reshaper                       | No P&L data for DRL/P&L Consolidated
2026-05-30 12:50:10 | INFO     | query_engine                   | SQL: SELECT financial_item, year, value, units FROM financials WHERE company_id = 'DRL'   AND financial_category = 'P&L'   AND is_active = TRUE…
2026-05-30 12:50:10 | INFO     | cost_structure | Running cost structure analysis …
2026-05-30 12:50:11 | INFO     | cost_structure | Cost structure analysis complete.
2026-05-30 12:50:11 | INFO     | query_engine                   | SQL: SELECT financial_item, year, value, units FROM financials WHERE company_id = 'LUPIN'   AND financial_category = 'P&L Consolidated'   AND is_active = TRUE…
2026-05-30 12:50:11 | WARNING  | reshaper                       | No P&L data for LUPIN/P&L Consolidated
2026-05-30 12:50:11 | INFO     | query_engine                   | SQL: SELECT financial_item, year, value, units FROM financials WHERE company_id = 'LUPIN'   AND financial_category = 'P&L'   AND is_active = TRUE…
2026-05-30 12:50:11 | WARNING  | reshaper                       | No P&L data for LUPIN/P&L
2026-05-30 12:50:11 | INFO     | query_engine                   | SQL: SELECT financial_item, year, value, units FROM financials WHERE company_id = 'SUN'   AND financial_category = 'P&L Consolidated'   AND is_active = TRUE…
2026-05-30 12:50:11 | INFO     | cost_structure | Running cost structure analysis …
2026-05-30 12:50:11 | INFO     | cost_structure | Cost structure analysis complete.
2026-05-30 12:50:11 | INFO     | query_engine                   | DuckDB views registered: financials, financials_latest, company_master, sector_mapping, audit_log
2026-05-30 12:50:11 | INFO     | query_engine                   | SQL: SELECT financial_item, financial_category, year, value, units FROM financials WHERE company_id = 'CIPLA' AND is_active = TRUE ORDER BY year DESC, financial_item…
2026-05-30 12:50:11 | INFO     | query_engine                   | SQL: SELECT financial_item, financial_category, year, value, units FROM financials WHERE company_id = 'DRL' AND is_active = TRUE ORDER BY year DESC, financial_item…
2026-05-30 12:50:11 | INFO     | query_engine                   | SQL: SELECT financial_item, year, value, units FROM financials WHERE company_id = 'DRL'   AND financial_category = 'P&L Consolidated'   AND is_active = TRUE…
2026-05-30 12:50:11 | WARNING  | reshaper                       | No P&L data for DRL/P&L Consolidated
2026-05-30 12:50:11 | INFO     | query_engine                   | SQL: SELECT financial_item, financial_category, year, value, units FROM financials WHERE company_id = 'LUPIN' AND is_active = TRUE ORDER BY year DESC, financial_item…
2026-05-30 12:50:11 | INFO     | query_engine                   | SQL: SELECT financial_item, financial_category, year, value, units FROM financials WHERE company_id = 'SUN' AND is_active = TRUE ORDER BY year DESC, financial_item…
2026-05-30 12:50:12 | INFO     | query_engine                   | SQL: SELECT financial_item, year, value, units FROM financials WHERE company_id = 'SUN'   AND financial_category = 'P&L Consolidated'   AND is_active = TRUE…
2026-05-30 12:50:12 | INFO     | cost_structure | Running cost structure analysis …
2026-05-30 12:50:12 | INFO     | cost_structure | Cost structure analysis complete.
2026-05-30 12:50:12 | INFO     | query_engine                   | DuckDB views registered: financials, financials_latest, company_master, sector_mapping, audit_log
2026-05-30 12:50:12 | INFO     | query_engine                   | SQL:              SELECT c.company_id, c.company_name,                 MAX(CASE WHEN f.financial_item='Revenue from Operations' THEN f.value END) as revenue,                 MAX(CASE WHEN f.financial_item=…
2026-05-30 12:50:12 | INFO     | query_engine                   | SQL: SELECT financial_item, financial_category, year, value, units FROM financials WHERE company_id = 'SUN' AND is_active = TRUE ORDER BY year DESC, financial_item…
2026-05-30 12:50:13 | INFO     | query_engine                   | SQL: SELECT financial_item, year, value, units FROM financials WHERE company_id = 'SUN'   AND financial_category = 'P&L Consolidated'   AND is_active = TRUE…
2026-05-30 12:50:13 | INFO     | cost_structure | Running cost structure analysis …
2026-05-30 12:50:13 | INFO     | cost_structure | Cost structure analysis complete.
2026-05-30 12:50:13 | INFO     | query_engine                   | SQL: SELECT financial_item, financial_category, year, value, units FROM financials WHERE company_id = 'DRL' AND is_active = TRUE ORDER BY year DESC, financial_item…
2026-05-30 12:50:13 | INFO     | query_engine                   | SQL: SELECT financial_item, year, value, units FROM financials WHERE company_id = 'DRL'   AND financial_category = 'P&L Consolidated'   AND is_active = TRUE…
2026-05-30 12:50:13 | WARNING  | reshaper                       | No P&L data for DRL/P&L Consolidated
2026-05-30 12:51:15 | INFO     | query_engine                   | DuckDB views registered: financials, financials_latest, company_master, sector_mapping, audit_log
2026-05-30 12:51:15 | INFO     | query_engine                   | SQL: SELECT financial_item, year, value, units FROM financials WHERE company_id = 'CIPLA'   AND financial_category = 'P&L Consolidated'   AND is_active = TRUE…
2026-05-30 12:51:15 | WARNING  | reshaper                       | No P&L data for CIPLA/P&L Consolidated
2026-05-30 12:51:15 | INFO     | query_engine                   | SQL: SELECT financial_item, year, value, units FROM financials WHERE company_id = 'CIPLA'   AND financial_category = 'P&L'   AND is_active = TRUE…
2026-05-30 12:51:15 | WARNING  | reshaper                       | No P&L data for CIPLA/P&L
2026-05-30 12:51:15 | INFO     | query_engine                   | SQL: SELECT financial_item, year, value, units FROM financials WHERE company_id = 'DRL'   AND financial_category = 'P&L Consolidated'   AND is_active = TRUE…
2026-05-30 12:51:15 | WARNING  | reshaper                       | No P&L data for DRL/P&L Consolidated
2026-05-30 12:51:15 | INFO     | query_engine                   | SQL: SELECT financial_item, year, value, units FROM financials WHERE company_id = 'DRL'   AND financial_category = 'P&L'   AND is_active = TRUE…
2026-05-30 12:51:15 | INFO     | cost_structure | Running cost structure analysis …
2026-05-30 12:51:16 | INFO     | cost_structure | Cost structure analysis complete.
2026-05-30 12:51:16 | INFO     | query_engine                   | SQL: SELECT financial_item, year, value, units FROM financials WHERE company_id = 'LUPIN'   AND financial_category = 'P&L Consolidated'   AND is_active = TRUE…
2026-05-30 12:51:16 | WARNING  | reshaper                       | No P&L data for LUPIN/P&L Consolidated
2026-05-30 12:51:16 | INFO     | query_engine                   | SQL: SELECT financial_item, year, value, units FROM financials WHERE company_id = 'LUPIN'   AND financial_category = 'P&L'   AND is_active = TRUE…
2026-05-30 12:51:16 | WARNING  | reshaper                       | No P&L data for LUPIN/P&L
2026-05-30 12:51:16 | INFO     | query_engine                   | SQL: SELECT financial_item, year, value, units FROM financials WHERE company_id = 'SUN'   AND financial_category = 'P&L Consolidated'   AND is_active = TRUE…
2026-05-30 12:51:16 | INFO     | cost_structure | Running cost structure analysis …
2026-05-30 12:51:16 | INFO     | cost_structure | Cost structure analysis complete.
2026-05-30 12:51:16 | INFO     | query_engine                   | DuckDB views registered: financials, financials_latest, company_master, sector_mapping, audit_log
2026-05-30 12:51:16 | INFO     | query_engine                   | SQL: SELECT financial_item, financial_category, year, value, units FROM financials WHERE company_id = 'CIPLA' AND is_active = TRUE ORDER BY year DESC, financial_item…
2026-05-30 12:51:16 | INFO     | query_engine                   | SQL: SELECT financial_item, financial_category, year, value, units FROM financials WHERE company_id = 'DRL' AND is_active = TRUE ORDER BY year DESC, financial_item…
2026-05-30 12:51:16 | INFO     | query_engine                   | SQL: SELECT financial_item, year, value, units FROM financials WHERE company_id = 'DRL'   AND financial_category = 'P&L Consolidated'   AND is_active = TRUE…
2026-05-30 12:51:16 | WARNING  | reshaper                       | No P&L data for DRL/P&L Consolidated
2026-05-30 12:51:16 | INFO     | query_engine                   | SQL: SELECT financial_item, financial_category, year, value, units FROM financials WHERE company_id = 'LUPIN' AND is_active = TRUE ORDER BY year DESC, financial_item…
2026-05-30 12:51:16 | INFO     | query_engine                   | SQL: SELECT financial_item, financial_category, year, value, units FROM financials WHERE company_id = 'SUN' AND is_active = TRUE ORDER BY year DESC, financial_item…
2026-05-30 12:51:17 | INFO     | query_engine                   | SQL: SELECT financial_item, year, value, units FROM financials WHERE company_id = 'SUN'   AND financial_category = 'P&L Consolidated'   AND is_active = TRUE…
2026-05-30 12:51:17 | INFO     | cost_structure | Running cost structure analysis …
2026-05-30 12:51:17 | INFO     | cost_structure | Cost structure analysis complete.
2026-05-30 12:51:17 | INFO     | query_engine                   | DuckDB views registered: financials, financials_latest, company_master, sector_mapping, audit_log
2026-05-30 12:51:17 | INFO     | query_engine                   | SQL:              SELECT c.company_id, c.company_name,                 MAX(CASE WHEN f.financial_item='Revenue from Operations' THEN f.value END) as revenue,                 MAX(CASE WHEN f.financial_item=…
2026-05-30 12:51:17 | INFO     | query_engine                   | SQL: SELECT financial_item, financial_category, year, value, units FROM financials WHERE company_id = 'SUN' AND is_active = TRUE ORDER BY year DESC, financial_item…
2026-05-30 12:51:17 | INFO     | query_engine                   | SQL: SELECT financial_item, year, value, units FROM financials WHERE company_id = 'SUN'   AND financial_category = 'P&L Consolidated'   AND is_active = TRUE…
2026-05-30 12:51:18 | INFO     | cost_structure | Running cost structure analysis …
2026-05-30 12:51:18 | INFO     | cost_structure | Cost structure analysis complete.
2026-05-30 12:51:18 | INFO     | query_engine                   | SQL: SELECT financial_item, financial_category, year, value, units FROM financials WHERE company_id = 'DRL' AND is_active = TRUE ORDER BY year DESC, financial_item…
2026-05-30 12:51:18 | INFO     | query_engine                   | SQL: SELECT financial_item, year, value, units FROM financials WHERE company_id = 'DRL'   AND financial_category = 'P&L Consolidated'   AND is_active = TRUE…
2026-05-30 12:51:18 | WARNING  | reshaper                       | No P&L data for DRL/P&L Consolidated
2026-05-30 12:51:35 | INFO     | query_engine                   | DuckDB views registered: financials, financials_latest, company_master, sector_mapping, audit_log
2026-05-30 12:51:35 | INFO     | query_engine                   | SQL: SELECT financial_item, year, value, units FROM financials WHERE company_id = 'CIPLA'   AND financial_category = 'P&L Consolidated'   AND is_active = TRUE…
2026-05-30 12:51:35 | WARNING  | reshaper                       | No P&L data for CIPLA/P&L Consolidated
2026-05-30 12:51:35 | INFO     | query_engine                   | SQL: SELECT financial_item, year, value, units FROM financials WHERE company_id = 'CIPLA'   AND financial_category = 'P&L'   AND is_active = TRUE…
2026-05-30 12:51:35 | WARNING  | reshaper                       | No P&L data for CIPLA/P&L
2026-05-30 12:51:35 | INFO     | query_engine                   | SQL: SELECT financial_item, year, value, units FROM financials WHERE company_id = 'DRL'   AND financial_category = 'P&L Consolidated'   AND is_active = TRUE…
2026-05-30 12:51:35 | WARNING  | reshaper                       | No P&L data for DRL/P&L Consolidated
2026-05-30 12:51:35 | INFO     | query_engine                   | SQL: SELECT financial_item, year, value, units FROM financials WHERE company_id = 'DRL'   AND financial_category = 'P&L'   AND is_active = TRUE…
2026-05-30 12:51:35 | INFO     | cost_structure | Running cost structure analysis …
2026-05-30 12:51:36 | INFO     | cost_structure | Cost structure analysis complete.
2026-05-30 12:51:36 | INFO     | query_engine                   | SQL: SELECT financial_item, year, value, units FROM financials WHERE company_id = 'LUPIN'   AND financial_category = 'P&L Consolidated'   AND is_active = TRUE…
2026-05-30 12:51:36 | WARNING  | reshaper                       | No P&L data for LUPIN/P&L Consolidated
2026-05-30 12:51:36 | INFO     | query_engine                   | SQL: SELECT financial_item, year, value, units FROM financials WHERE company_id = 'LUPIN'   AND financial_category = 'P&L'   AND is_active = TRUE…
2026-05-30 12:51:36 | WARNING  | reshaper                       | No P&L data for LUPIN/P&L
2026-05-30 12:51:36 | INFO     | query_engine                   | SQL: SELECT financial_item, year, value, units FROM financials WHERE company_id = 'SUN'   AND financial_category = 'P&L Consolidated'   AND is_active = TRUE…
2026-05-30 12:51:36 | INFO     | cost_structure | Running cost structure analysis …
2026-05-30 12:51:36 | INFO     | cost_structure | Cost structure analysis complete.
2026-05-30 12:51:36 | INFO     | query_engine                   | DuckDB views registered: financials, financials_latest, company_master, sector_mapping, audit_log
2026-05-30 12:51:36 | INFO     | query_engine                   | SQL: SELECT financial_item, financial_category, year, value, units FROM financials WHERE company_id = 'CIPLA' AND is_active = TRUE ORDER BY year DESC, financial_item…
2026-05-30 12:51:36 | INFO     | query_engine                   | SQL: SELECT financial_item, financial_category, year, value, units FROM financials WHERE company_id = 'DRL' AND is_active = TRUE ORDER BY year DESC, financial_item…
2026-05-30 12:51:36 | INFO     | query_engine                   | SQL: SELECT financial_item, year, value, units FROM financials WHERE company_id = 'DRL'   AND financial_category = 'P&L Consolidated'   AND is_active = TRUE…
2026-05-30 12:51:36 | WARNING  | reshaper                       | No P&L data for DRL/P&L Consolidated
2026-05-30 12:51:36 | INFO     | query_engine                   | SQL: SELECT financial_item, financial_category, year, value, units FROM financials WHERE company_id = 'LUPIN' AND is_active = TRUE ORDER BY year DESC, financial_item…
2026-05-30 12:51:36 | INFO     | query_engine                   | SQL: SELECT financial_item, financial_category, year, value, units FROM financials WHERE company_id = 'SUN' AND is_active = TRUE ORDER BY year DESC, financial_item…
2026-05-30 12:51:36 | INFO     | query_engine                   | SQL: SELECT financial_item, year, value, units FROM financials WHERE company_id = 'SUN'   AND financial_category = 'P&L Consolidated'   AND is_active = TRUE…
2026-05-30 12:51:36 | INFO     | cost_structure | Running cost structure analysis …
2026-05-30 12:51:37 | INFO     | cost_structure | Cost structure analysis complete.
2026-05-30 12:51:37 | INFO     | query_engine                   | DuckDB views registered: financials, financials_latest, company_master, sector_mapping, audit_log
2026-05-30 12:51:37 | INFO     | query_engine                   | SQL:              SELECT c.company_id, c.company_name,                 MAX(CASE WHEN f.financial_item='Revenue from Operations' THEN f.value END) as revenue,                 MAX(CASE WHEN f.financial_item=…
2026-05-30 12:51:37 | INFO     | query_engine                   | SQL: SELECT financial_item, financial_category, year, value, units FROM financials WHERE company_id = 'SUN' AND is_active = TRUE ORDER BY year DESC, financial_item…
2026-05-30 12:51:37 | INFO     | query_engine                   | SQL: SELECT financial_item, year, value, units FROM financials WHERE company_id = 'SUN'   AND financial_category = 'P&L Consolidated'   AND is_active = TRUE…
2026-05-30 12:51:37 | INFO     | cost_structure | Running cost structure analysis …
2026-05-30 12:51:38 | INFO     | cost_structure | Cost structure analysis complete.
2026-05-30 12:51:38 | INFO     | query_engine                   | SQL: SELECT financial_item, financial_category, year, value, units FROM financials WHERE company_id = 'DRL' AND is_active = TRUE ORDER BY year DESC, financial_item…
2026-05-30 12:51:38 | INFO     | query_engine                   | SQL: SELECT financial_item, year, value, units FROM financials WHERE company_id = 'DRL'   AND financial_category = 'P&L Consolidated'   AND is_active = TRUE…
2026-05-30 12:51:38 | WARNING  | reshaper                       | No P&L data for DRL/P&L Consolidated
2026-05-30 12:51:45 | INFO     | query_engine                   | DuckDB views registered: financials, financials_latest, company_master, sector_mapping, audit_log
2026-05-30 12:51:45 | INFO     | query_engine                   | SQL: SELECT financial_item, financial_category, year, value, units FROM financials WHERE company_id = 'SUN' AND is_active = TRUE ORDER BY year DESC, financial_item…
2026-05-30 12:52:14 | INFO     | query_engine                   | DuckDB views registered: financials, financials_latest, company_master, sector_mapping, audit_log
2026-05-30 12:52:14 | INFO     | query_engine                   | SQL: SELECT financial_item, year, value, units FROM financials WHERE company_id = 'CIPLA'   AND financial_category = 'P&L Consolidated'   AND is_active = TRUE…
2026-05-30 12:52:14 | WARNING  | reshaper                       | No P&L data for CIPLA/P&L Consolidated
2026-05-30 12:52:14 | INFO     | query_engine                   | SQL: SELECT financial_item, year, value, units FROM financials WHERE company_id = 'CIPLA'   AND financial_category = 'P&L'   AND is_active = TRUE…
2026-05-30 12:52:14 | WARNING  | reshaper                       | No P&L data for CIPLA/P&L
2026-05-30 12:52:14 | INFO     | query_engine                   | SQL: SELECT financial_item, year, value, units FROM financials WHERE company_id = 'DRL'   AND financial_category = 'P&L Consolidated'   AND is_active = TRUE…
2026-05-30 12:52:14 | WARNING  | reshaper                       | No P&L data for DRL/P&L Consolidated
2026-05-30 12:52:14 | INFO     | query_engine                   | SQL: SELECT financial_item, year, value, units FROM financials WHERE company_id = 'DRL'   AND financial_category = 'P&L'   AND is_active = TRUE…
2026-05-30 12:52:15 | INFO     | cost_structure | Running cost structure analysis …
2026-05-30 12:52:15 | INFO     | cost_structure | Cost structure analysis complete.
2026-05-30 12:52:15 | INFO     | query_engine                   | SQL: SELECT financial_item, year, value, units FROM financials WHERE company_id = 'LUPIN'   AND financial_category = 'P&L Consolidated'   AND is_active = TRUE…
2026-05-30 12:52:15 | WARNING  | reshaper                       | No P&L data for LUPIN/P&L Consolidated
2026-05-30 12:52:15 | INFO     | query_engine                   | SQL: SELECT financial_item, year, value, units FROM financials WHERE company_id = 'LUPIN'   AND financial_category = 'P&L'   AND is_active = TRUE…
2026-05-30 12:52:15 | WARNING  | reshaper                       | No P&L data for LUPIN/P&L
2026-05-30 12:52:15 | INFO     | query_engine                   | SQL: SELECT financial_item, year, value, units FROM financials WHERE company_id = 'SUN'   AND financial_category = 'P&L Consolidated'   AND is_active = TRUE…
2026-05-30 12:52:15 | INFO     | cost_structure | Running cost structure analysis …
2026-05-30 12:52:15 | INFO     | cost_structure | Cost structure analysis complete.
2026-05-30 12:52:15 | INFO     | query_engine                   | DuckDB views registered: financials, financials_latest, company_master, sector_mapping, audit_log
2026-05-30 12:52:15 | INFO     | query_engine                   | SQL: SELECT financial_item, financial_category, year, value, units FROM financials WHERE company_id = 'CIPLA' AND is_active = TRUE ORDER BY year DESC, financial_item…
2026-05-30 12:52:15 | INFO     | query_engine                   | SQL: SELECT financial_item, financial_category, year, value, units FROM financials WHERE company_id = 'DRL' AND is_active = TRUE ORDER BY year DESC, financial_item…
2026-05-30 12:52:16 | INFO     | query_engine                   | SQL: SELECT financial_item, year, value, units FROM financials WHERE company_id = 'DRL'   AND financial_category = 'P&L Consolidated'   AND is_active = TRUE…
2026-05-30 12:52:16 | WARNING  | reshaper                       | No P&L data for DRL/P&L Consolidated
2026-05-30 12:52:16 | INFO     | query_engine                   | SQL: SELECT financial_item, financial_category, year, value, units FROM financials WHERE company_id = 'LUPIN' AND is_active = TRUE ORDER BY year DESC, financial_item…
2026-05-30 12:52:16 | INFO     | query_engine                   | SQL: SELECT financial_item, financial_category, year, value, units FROM financials WHERE company_id = 'SUN' AND is_active = TRUE ORDER BY year DESC, financial_item…
2026-05-30 12:52:16 | INFO     | query_engine                   | SQL: SELECT financial_item, year, value, units FROM financials WHERE company_id = 'SUN'   AND financial_category = 'P&L Consolidated'   AND is_active = TRUE…
2026-05-30 12:52:16 | INFO     | cost_structure | Running cost structure analysis …
2026-05-30 12:52:16 | INFO     | cost_structure | Cost structure analysis complete.
2026-05-30 12:52:16 | INFO     | query_engine                   | DuckDB views registered: financials, financials_latest, company_master, sector_mapping, audit_log
2026-05-30 12:52:16 | INFO     | query_engine                   | SQL:              SELECT c.company_id, c.company_name,                 MAX(CASE WHEN f.financial_item='Revenue from Operations' THEN f.value END) as revenue,                 MAX(CASE WHEN f.financial_item=…
2026-05-30 12:52:16 | INFO     | query_engine                   | SQL: SELECT financial_item, financial_category, year, value, units FROM financials WHERE company_id = 'SUN' AND is_active = TRUE ORDER BY year DESC, financial_item…
2026-05-30 12:52:17 | INFO     | query_engine                   | SQL: SELECT financial_item, year, value, units FROM financials WHERE company_id = 'SUN'   AND financial_category = 'P&L Consolidated'   AND is_active = TRUE…
2026-05-30 12:52:17 | INFO     | cost_structure | Running cost structure analysis …
2026-05-30 12:52:17 | INFO     | cost_structure | Cost structure analysis complete.
2026-05-30 12:52:17 | INFO     | query_engine                   | SQL: SELECT financial_item, financial_category, year, value, units FROM financials WHERE company_id = 'DRL' AND is_active = TRUE ORDER BY year DESC, financial_item…
2026-05-30 12:52:17 | INFO     | query_engine                   | SQL: SELECT financial_item, year, value, units FROM financials WHERE company_id = 'DRL'   AND financial_category = 'P&L Consolidated'   AND is_active = TRUE…
2026-05-30 12:52:17 | WARNING  | reshaper                       | No P&L data for DRL/P&L Consolidated
2026-05-30 12:52:30 | INFO     | query_engine                   | DuckDB views registered: financials, financials_latest, company_master, sector_mapping, audit_log
2026-05-30 12:52:30 | INFO     | query_engine                   | SQL: SELECT financial_item, year, value, units FROM financials WHERE company_id = 'CIPLA'   AND financial_category = 'P&L Consolidated'   AND is_active = TRUE…
2026-05-30 12:52:30 | WARNING  | reshaper                       | No P&L data for CIPLA/P&L Consolidated
2026-05-30 12:52:30 | INFO     | query_engine                   | SQL: SELECT financial_item, year, value, units FROM financials WHERE company_id = 'CIPLA'   AND financial_category = 'P&L'   AND is_active = TRUE…
2026-05-30 12:52:30 | WARNING  | reshaper                       | No P&L data for CIPLA/P&L
2026-05-30 12:52:30 | INFO     | query_engine                   | SQL: SELECT financial_item, year, value, units FROM financials WHERE company_id = 'DRL'   AND financial_category = 'P&L Consolidated'   AND is_active = TRUE…
2026-05-30 12:52:30 | WARNING  | reshaper                       | No P&L data for DRL/P&L Consolidated
2026-05-30 12:52:30 | INFO     | query_engine                   | SQL: SELECT financial_item, year, value, units FROM financials WHERE company_id = 'DRL'   AND financial_category = 'P&L'   AND is_active = TRUE…
2026-05-30 12:52:30 | INFO     | cost_structure | Running cost structure analysis …
2026-05-30 12:52:30 | INFO     | cost_structure | Cost structure analysis complete.
2026-05-30 12:52:30 | INFO     | query_engine                   | SQL: SELECT financial_item, year, value, units FROM financials WHERE company_id = 'LUPIN'   AND financial_category = 'P&L Consolidated'   AND is_active = TRUE…
2026-05-30 12:52:30 | WARNING  | reshaper                       | No P&L data for LUPIN/P&L Consolidated
2026-05-30 12:52:30 | INFO     | query_engine                   | SQL: SELECT financial_item, year, value, units FROM financials WHERE company_id = 'LUPIN'   AND financial_category = 'P&L'   AND is_active = TRUE…
2026-05-30 12:52:30 | WARNING  | reshaper                       | No P&L data for LUPIN/P&L
2026-05-30 12:52:30 | INFO     | query_engine                   | SQL: SELECT financial_item, year, value, units FROM financials WHERE company_id = 'SUN'   AND financial_category = 'P&L Consolidated'   AND is_active = TRUE…
2026-05-30 12:52:30 | INFO     | cost_structure | Running cost structure analysis …
2026-05-30 12:52:31 | INFO     | cost_structure | Cost structure analysis complete.
2026-05-30 12:52:31 | INFO     | query_engine                   | DuckDB views registered: financials, financials_latest, company_master, sector_mapping, audit_log
2026-05-30 12:52:31 | INFO     | query_engine                   | SQL: SELECT financial_item, financial_category, year, value, units FROM financials WHERE company_id = 'CIPLA' AND is_active = TRUE ORDER BY year DESC, financial_item…
2026-05-30 12:52:31 | INFO     | query_engine                   | SQL: SELECT financial_item, financial_category, year, value, units FROM financials WHERE company_id = 'DRL' AND is_active = TRUE ORDER BY year DESC, financial_item…
2026-05-30 12:52:31 | INFO     | query_engine                   | SQL: SELECT financial_item, year, value, units FROM financials WHERE company_id = 'DRL'   AND financial_category = 'P&L Consolidated'   AND is_active = TRUE…
2026-05-30 12:52:31 | WARNING  | reshaper                       | No P&L data for DRL/P&L Consolidated
2026-05-30 12:52:31 | INFO     | query_engine                   | SQL: SELECT financial_item, financial_category, year, value, units FROM financials WHERE company_id = 'LUPIN' AND is_active = TRUE ORDER BY year DESC, financial_item…
2026-05-30 12:52:31 | INFO     | query_engine                   | SQL: SELECT financial_item, financial_category, year, value, units FROM financials WHERE company_id = 'SUN' AND is_active = TRUE ORDER BY year DESC, financial_item…
2026-05-30 12:52:31 | INFO     | query_engine                   | SQL: SELECT financial_item, year, value, units FROM financials WHERE company_id = 'SUN'   AND financial_category = 'P&L Consolidated'   AND is_active = TRUE…
2026-05-30 12:52:31 | INFO     | cost_structure | Running cost structure analysis …
2026-05-30 12:52:32 | INFO     | cost_structure | Cost structure analysis complete.
2026-05-30 12:52:32 | INFO     | query_engine                   | DuckDB views registered: financials, financials_latest, company_master, sector_mapping, audit_log
2026-05-30 12:52:32 | INFO     | query_engine                   | SQL:              SELECT c.company_id, c.company_name,                 MAX(CASE WHEN f.financial_item='Revenue from Operations' THEN f.value END) as revenue,                 MAX(CASE WHEN f.financial_item=…
2026-05-30 12:52:32 | INFO     | query_engine                   | SQL: SELECT financial_item, financial_category, year, value, units FROM financials WHERE company_id = 'SUN' AND is_active = TRUE ORDER BY year DESC, financial_item…
2026-05-30 12:52:32 | INFO     | query_engine                   | SQL: SELECT financial_item, year, value, units FROM financials WHERE company_id = 'SUN'   AND financial_category = 'P&L Consolidated'   AND is_active = TRUE…
2026-05-30 12:52:32 | INFO     | cost_structure | Running cost structure analysis …
2026-05-30 12:52:33 | INFO     | cost_structure | Cost structure analysis complete.
2026-05-30 12:52:33 | INFO     | query_engine                   | SQL: SELECT financial_item, financial_category, year, value, units FROM financials WHERE company_id = 'DRL' AND is_active = TRUE ORDER BY year DESC, financial_item…
2026-05-30 12:52:33 | INFO     | query_engine                   | SQL: SELECT financial_item, year, value, units FROM financials WHERE company_id = 'DRL'   AND financial_category = 'P&L Consolidated'   AND is_active = TRUE…
2026-05-30 12:52:33 | WARNING  | reshaper                       | No P&L data for DRL/P&L Consolidated
2026-05-30 12:52:43 | INFO     | query_engine                   | DuckDB views registered: financials, financials_latest, company_master, sector_mapping, audit_log
2026-05-30 12:52:43 | INFO     | query_engine                   | SQL: SELECT financial_item, year, value, units FROM financials WHERE company_id = 'CIPLA'   AND financial_category = 'P&L Consolidated'   AND is_active = TRUE…
2026-05-30 12:52:43 | WARNING  | reshaper                       | No P&L data for CIPLA/P&L Consolidated
2026-05-30 12:52:43 | INFO     | query_engine                   | SQL: SELECT financial_item, year, value, units FROM financials WHERE company_id = 'CIPLA'   AND financial_category = 'P&L'   AND is_active = TRUE…
2026-05-30 12:52:43 | WARNING  | reshaper                       | No P&L data for CIPLA/P&L
2026-05-30 12:52:43 | INFO     | query_engine                   | SQL: SELECT financial_item, year, value, units FROM financials WHERE company_id = 'DRL'   AND financial_category = 'P&L Consolidated'   AND is_active = TRUE…
2026-05-30 12:52:43 | WARNING  | reshaper                       | No P&L data for DRL/P&L Consolidated
2026-05-30 12:52:43 | INFO     | query_engine                   | SQL: SELECT financial_item, year, value, units FROM financials WHERE company_id = 'DRL'   AND financial_category = 'P&L'   AND is_active = TRUE…
2026-05-30 12:52:43 | INFO     | cost_structure | Running cost structure analysis …
2026-05-30 12:52:43 | INFO     | cost_structure | Cost structure analysis complete.
2026-05-30 12:52:43 | INFO     | query_engine                   | SQL: SELECT financial_item, year, value, units FROM financials WHERE company_id = 'LUPIN'   AND financial_category = 'P&L Consolidated'   AND is_active = TRUE…
2026-05-30 12:52:43 | WARNING  | reshaper                       | No P&L data for LUPIN/P&L Consolidated
2026-05-30 12:52:43 | INFO     | query_engine                   | SQL: SELECT financial_item, year, value, units FROM financials WHERE company_id = 'LUPIN'   AND financial_category = 'P&L'   AND is_active = TRUE…
2026-05-30 12:52:43 | WARNING  | reshaper                       | No P&L data for LUPIN/P&L
2026-05-30 12:52:43 | INFO     | query_engine                   | SQL: SELECT financial_item, year, value, units FROM financials WHERE company_id = 'SUN'   AND financial_category = 'P&L Consolidated'   AND is_active = TRUE…
2026-05-30 12:52:43 | INFO     | cost_structure | Running cost structure analysis …
2026-05-30 12:52:44 | INFO     | cost_structure | Cost structure analysis complete.
2026-05-30 12:52:44 | INFO     | query_engine                   | DuckDB views registered: financials, financials_latest, company_master, sector_mapping, audit_log
2026-05-30 12:52:44 | INFO     | query_engine                   | SQL: SELECT financial_item, financial_category, year, value, units FROM financials WHERE company_id = 'CIPLA' AND is_active = TRUE ORDER BY year DESC, financial_item…
2026-05-30 12:52:44 | INFO     | query_engine                   | SQL: SELECT financial_item, financial_category, year, value, units FROM financials WHERE company_id = 'DRL' AND is_active = TRUE ORDER BY year DESC, financial_item…
2026-05-30 12:52:44 | INFO     | query_engine                   | SQL: SELECT financial_item, year, value, units FROM financials WHERE company_id = 'DRL'   AND financial_category = 'P&L Consolidated'   AND is_active = TRUE…
2026-05-30 12:52:44 | WARNING  | reshaper                       | No P&L data for DRL/P&L Consolidated
2026-05-30 12:52:44 | INFO     | query_engine                   | SQL: SELECT financial_item, financial_category, year, value, units FROM financials WHERE company_id = 'LUPIN' AND is_active = TRUE ORDER BY year DESC, financial_item…
2026-05-30 12:52:44 | INFO     | query_engine                   | SQL: SELECT financial_item, financial_category, year, value, units FROM financials WHERE company_id = 'SUN' AND is_active = TRUE ORDER BY year DESC, financial_item…
2026-05-30 12:52:44 | INFO     | query_engine                   | SQL: SELECT financial_item, year, value, units FROM financials WHERE company_id = 'SUN'   AND financial_category = 'P&L Consolidated'   AND is_active = TRUE…
2026-05-30 12:52:44 | INFO     | cost_structure | Running cost structure analysis …
2026-05-30 12:52:45 | INFO     | cost_structure | Cost structure analysis complete.
2026-05-30 12:52:45 | INFO     | query_engine                   | DuckDB views registered: financials, financials_latest, company_master, sector_mapping, audit_log
2026-05-30 12:52:45 | INFO     | query_engine                   | SQL:              SELECT c.company_id, c.company_name,                 MAX(CASE WHEN f.financial_item='Revenue from Operations' THEN f.value END) as revenue,                 MAX(CASE WHEN f.financial_item=…
2026-05-30 12:52:45 | INFO     | query_engine                   | SQL: SELECT financial_item, financial_category, year, value, units FROM financials WHERE company_id = 'SUN' AND is_active = TRUE ORDER BY year DESC, financial_item…
2026-05-30 12:52:45 | INFO     | query_engine                   | SQL: SELECT financial_item, year, value, units FROM financials WHERE company_id = 'SUN'   AND financial_category = 'P&L Consolidated'   AND is_active = TRUE…
2026-05-30 12:52:45 | INFO     | cost_structure | Running cost structure analysis …
2026-05-30 12:52:45 | INFO     | cost_structure | Cost structure analysis complete.
2026-05-30 12:52:46 | INFO     | query_engine                   | SQL: SELECT financial_item, financial_category, year, value, units FROM financials WHERE company_id = 'DRL' AND is_active = TRUE ORDER BY year DESC, financial_item…
2026-05-30 12:52:46 | INFO     | query_engine                   | SQL: SELECT financial_item, year, value, units FROM financials WHERE company_id = 'DRL'   AND financial_category = 'P&L Consolidated'   AND is_active = TRUE…
2026-05-30 12:52:46 | WARNING  | reshaper                       | No P&L data for DRL/P&L Consolidated
2026-05-30 12:52:58 | INFO     | query_engine                   | DuckDB views registered: financials, financials_latest, company_master, sector_mapping, audit_log
2026-05-30 12:52:58 | INFO     | query_engine                   | SQL: SELECT financial_item, year, value, units FROM financials WHERE company_id = 'CIPLA'   AND financial_category = 'P&L Consolidated'   AND is_active = TRUE…
2026-05-30 12:52:58 | WARNING  | reshaper                       | No P&L data for CIPLA/P&L Consolidated
2026-05-30 12:52:58 | INFO     | query_engine                   | SQL: SELECT financial_item, year, value, units FROM financials WHERE company_id = 'CIPLA'   AND financial_category = 'P&L'   AND is_active = TRUE…
2026-05-30 12:52:58 | WARNING  | reshaper                       | No P&L data for CIPLA/P&L
2026-05-30 12:52:58 | INFO     | query_engine                   | SQL: SELECT financial_item, year, value, units FROM financials WHERE company_id = 'DRL'   AND financial_category = 'P&L Consolidated'   AND is_active = TRUE…
2026-05-30 12:52:58 | WARNING  | reshaper                       | No P&L data for DRL/P&L Consolidated
2026-05-30 12:52:58 | INFO     | query_engine                   | SQL: SELECT financial_item, year, value, units FROM financials WHERE company_id = 'DRL'   AND financial_category = 'P&L'   AND is_active = TRUE…
2026-05-30 12:52:58 | INFO     | cost_structure | Running cost structure analysis …
2026-05-30 12:52:59 | INFO     | cost_structure | Cost structure analysis complete.
2026-05-30 12:52:59 | INFO     | query_engine                   | SQL: SELECT financial_item, year, value, units FROM financials WHERE company_id = 'LUPIN'   AND financial_category = 'P&L Consolidated'   AND is_active = TRUE…
2026-05-30 12:52:59 | WARNING  | reshaper                       | No P&L data for LUPIN/P&L Consolidated
2026-05-30 12:52:59 | INFO     | query_engine                   | SQL: SELECT financial_item, year, value, units FROM financials WHERE company_id = 'LUPIN'   AND financial_category = 'P&L'   AND is_active = TRUE…
2026-05-30 12:52:59 | WARNING  | reshaper                       | No P&L data for LUPIN/P&L
2026-05-30 12:52:59 | INFO     | query_engine                   | SQL: SELECT financial_item, year, value, units FROM financials WHERE company_id = 'SUN'   AND financial_category = 'P&L Consolidated'   AND is_active = TRUE…
2026-05-30 12:52:59 | INFO     | cost_structure | Running cost structure analysis …
2026-05-30 12:52:59 | INFO     | cost_structure | Cost structure analysis complete.
2026-05-30 12:52:59 | INFO     | query_engine                   | DuckDB views registered: financials, financials_latest, company_master, sector_mapping, audit_log
2026-05-30 12:52:59 | INFO     | query_engine                   | SQL: SELECT financial_item, financial_category, year, value, units FROM financials WHERE company_id = 'CIPLA' AND is_active = TRUE ORDER BY year DESC, financial_item…
2026-05-30 12:52:59 | INFO     | query_engine                   | SQL: SELECT financial_item, financial_category, year, value, units FROM financials WHERE company_id = 'DRL' AND is_active = TRUE ORDER BY year DESC, financial_item…
2026-05-30 12:52:59 | INFO     | query_engine                   | SQL: SELECT financial_item, year, value, units FROM financials WHERE company_id = 'DRL'   AND financial_category = 'P&L Consolidated'   AND is_active = TRUE…
2026-05-30 12:52:59 | WARNING  | reshaper                       | No P&L data for DRL/P&L Consolidated
2026-05-30 12:52:59 | INFO     | query_engine                   | SQL: SELECT financial_item, financial_category, year, value, units FROM financials WHERE company_id = 'LUPIN' AND is_active = TRUE ORDER BY year DESC, financial_item…
2026-05-30 12:52:59 | INFO     | query_engine                   | SQL: SELECT financial_item, financial_category, year, value, units FROM financials WHERE company_id = 'SUN' AND is_active = TRUE ORDER BY year DESC, financial_item…
2026-05-30 12:52:59 | INFO     | query_engine                   | SQL: SELECT financial_item, year, value, units FROM financials WHERE company_id = 'SUN'   AND financial_category = 'P&L Consolidated'   AND is_active = TRUE…
2026-05-30 12:52:59 | INFO     | cost_structure | Running cost structure analysis …
2026-05-30 12:53:00 | INFO     | cost_structure | Cost structure analysis complete.
2026-05-30 12:53:00 | INFO     | query_engine                   | DuckDB views registered: financials, financials_latest, company_master, sector_mapping, audit_log
2026-05-30 12:53:00 | INFO     | query_engine                   | SQL:              SELECT c.company_id, c.company_name,                 MAX(CASE WHEN f.financial_item='Revenue from Operations' THEN f.value END) as revenue,                 MAX(CASE WHEN f.financial_item=…
2026-05-30 12:53:00 | INFO     | query_engine                   | SQL: SELECT financial_item, financial_category, year, value, units FROM financials WHERE company_id = 'SUN' AND is_active = TRUE ORDER BY year DESC, financial_item…
2026-05-30 12:53:00 | INFO     | query_engine                   | SQL: SELECT financial_item, year, value, units FROM financials WHERE company_id = 'SUN'   AND financial_category = 'P&L Consolidated'   AND is_active = TRUE…
2026-05-30 12:53:00 | INFO     | cost_structure | Running cost structure analysis …
2026-05-30 12:53:01 | INFO     | cost_structure | Cost structure analysis complete.
2026-05-30 12:53:01 | INFO     | query_engine                   | SQL: SELECT financial_item, financial_category, year, value, units FROM financials WHERE company_id = 'DRL' AND is_active = TRUE ORDER BY year DESC, financial_item…
2026-05-30 12:53:01 | INFO     | query_engine                   | SQL: SELECT financial_item, year, value, units FROM financials WHERE company_id = 'DRL'   AND financial_category = 'P&L Consolidated'   AND is_active = TRUE…
2026-05-30 12:53:01 | WARNING  | reshaper                       | No P&L data for DRL/P&L Consolidated
2026-05-30 12:53:11 | INFO     | query_engine                   | DuckDB views registered: financials, financials_latest, company_master, sector_mapping, audit_log
2026-05-30 12:53:11 | INFO     | query_engine                   | SQL: SELECT financial_item, year, value, units FROM financials WHERE company_id = 'CIPLA'   AND financial_category = 'P&L Consolidated'   AND is_active = TRUE…
2026-05-30 12:53:11 | WARNING  | reshaper                       | No P&L data for CIPLA/P&L Consolidated
2026-05-30 12:53:11 | INFO     | query_engine                   | SQL: SELECT financial_item, year, value, units FROM financials WHERE company_id = 'CIPLA'   AND financial_category = 'P&L'   AND is_active = TRUE…
2026-05-30 12:53:11 | WARNING  | reshaper                       | No P&L data for CIPLA/P&L
2026-05-30 12:53:11 | INFO     | query_engine                   | SQL: SELECT financial_item, year, value, units FROM financials WHERE company_id = 'DRL'   AND financial_category = 'P&L Consolidated'   AND is_active = TRUE…
2026-05-30 12:53:11 | WARNING  | reshaper                       | No P&L data for DRL/P&L Consolidated
2026-05-30 12:53:11 | INFO     | query_engine                   | SQL: SELECT financial_item, year, value, units FROM financials WHERE company_id = 'DRL'   AND financial_category = 'P&L'   AND is_active = TRUE…
2026-05-30 12:53:11 | INFO     | cost_structure | Running cost structure analysis …
2026-05-30 12:53:11 | INFO     | cost_structure | Cost structure analysis complete.
2026-05-30 12:53:11 | INFO     | query_engine                   | SQL: SELECT financial_item, year, value, units FROM financials WHERE company_id = 'LUPIN'   AND financial_category = 'P&L Consolidated'   AND is_active = TRUE…
2026-05-30 12:53:11 | WARNING  | reshaper                       | No P&L data for LUPIN/P&L Consolidated
2026-05-30 12:53:11 | INFO     | query_engine                   | SQL: SELECT financial_item, year, value, units FROM financials WHERE company_id = 'LUPIN'   AND financial_category = 'P&L'   AND is_active = TRUE…
2026-05-30 12:53:11 | WARNING  | reshaper                       | No P&L data for LUPIN/P&L
2026-05-30 12:53:11 | INFO     | query_engine                   | SQL: SELECT financial_item, year, value, units FROM financials WHERE company_id = 'SUN'   AND financial_category = 'P&L Consolidated'   AND is_active = TRUE…
2026-05-30 12:53:11 | INFO     | cost_structure | Running cost structure analysis …
2026-05-30 12:53:12 | INFO     | cost_structure | Cost structure analysis complete.
2026-05-30 12:53:12 | INFO     | query_engine                   | DuckDB views registered: financials, financials_latest, company_master, sector_mapping, audit_log
2026-05-30 12:53:12 | INFO     | query_engine                   | SQL: SELECT financial_item, financial_category, year, value, units FROM financials WHERE company_id = 'CIPLA' AND is_active = TRUE ORDER BY year DESC, financial_item…
2026-05-30 12:53:12 | INFO     | query_engine                   | SQL: SELECT financial_item, financial_category, year, value, units FROM financials WHERE company_id = 'DRL' AND is_active = TRUE ORDER BY year DESC, financial_item…
2026-05-30 12:53:12 | INFO     | query_engine                   | SQL: SELECT financial_item, year, value, units FROM financials WHERE company_id = 'DRL'   AND financial_category = 'P&L Consolidated'   AND is_active = TRUE…
2026-05-30 12:53:12 | WARNING  | reshaper                       | No P&L data for DRL/P&L Consolidated
2026-05-30 12:53:12 | INFO     | query_engine                   | SQL: SELECT financial_item, financial_category, year, value, units FROM financials WHERE company_id = 'LUPIN' AND is_active = TRUE ORDER BY year DESC, financial_item…
2026-05-30 12:53:12 | INFO     | query_engine                   | SQL: SELECT financial_item, financial_category, year, value, units FROM financials WHERE company_id = 'SUN' AND is_active = TRUE ORDER BY year DESC, financial_item…
2026-05-30 12:53:12 | INFO     | query_engine                   | SQL: SELECT financial_item, year, value, units FROM financials WHERE company_id = 'SUN'   AND financial_category = 'P&L Consolidated'   AND is_active = TRUE…
2026-05-30 12:53:12 | INFO     | cost_structure | Running cost structure analysis …
2026-05-30 12:53:13 | INFO     | cost_structure | Cost structure analysis complete.
2026-05-30 12:53:13 | INFO     | query_engine                   | DuckDB views registered: financials, financials_latest, company_master, sector_mapping, audit_log
2026-05-30 12:53:13 | INFO     | query_engine                   | SQL:              SELECT c.company_id, c.company_name,                 MAX(CASE WHEN f.financial_item='Revenue from Operations' THEN f.value END) as revenue,                 MAX(CASE WHEN f.financial_item=…
2026-05-30 12:53:13 | INFO     | query_engine                   | SQL: SELECT financial_item, financial_category, year, value, units FROM financials WHERE company_id = 'SUN' AND is_active = TRUE ORDER BY year DESC, financial_item…
2026-05-30 12:53:13 | INFO     | query_engine                   | SQL: SELECT financial_item, year, value, units FROM financials WHERE company_id = 'SUN'   AND financial_category = 'P&L Consolidated'   AND is_active = TRUE…
2026-05-30 12:53:13 | INFO     | cost_structure | Running cost structure analysis …
2026-05-30 12:53:13 | INFO     | cost_structure | Cost structure analysis complete.
2026-05-30 12:53:14 | INFO     | query_engine                   | SQL: SELECT financial_item, financial_category, year, value, units FROM financials WHERE company_id = 'DRL' AND is_active = TRUE ORDER BY year DESC, financial_item…
2026-05-30 12:53:14 | INFO     | query_engine                   | SQL: SELECT financial_item, year, value, units FROM financials WHERE company_id = 'DRL'   AND financial_category = 'P&L Consolidated'   AND is_active = TRUE…
2026-05-30 12:53:14 | WARNING  | reshaper                       | No P&L data for DRL/P&L Consolidated
2026-05-30 12:53:24 | INFO     | query_engine                   | DuckDB views registered: financials, financials_latest, company_master, sector_mapping, audit_log
2026-05-30 12:53:24 | INFO     | query_engine                   | SQL: SELECT financial_item, year, value, units FROM financials WHERE company_id = 'CIPLA'   AND financial_category = 'P&L Consolidated'   AND is_active = TRUE…
2026-05-30 12:53:25 | WARNING  | reshaper                       | No P&L data for CIPLA/P&L Consolidated
2026-05-30 12:53:25 | INFO     | query_engine                   | SQL: SELECT financial_item, year, value, units FROM financials WHERE company_id = 'CIPLA'   AND financial_category = 'P&L'   AND is_active = TRUE…
2026-05-30 12:53:25 | WARNING  | reshaper                       | No P&L data for CIPLA/P&L
2026-05-30 12:53:25 | INFO     | query_engine                   | SQL: SELECT financial_item, year, value, units FROM financials WHERE company_id = 'DRL'   AND financial_category = 'P&L Consolidated'   AND is_active = TRUE…
2026-05-30 12:53:25 | WARNING  | reshaper                       | No P&L data for DRL/P&L Consolidated
2026-05-30 12:53:25 | INFO     | query_engine                   | SQL: SELECT financial_item, year, value, units FROM financials WHERE company_id = 'DRL'   AND financial_category = 'P&L'   AND is_active = TRUE…
2026-05-30 12:53:25 | INFO     | cost_structure | Running cost structure analysis …
2026-05-30 12:53:25 | INFO     | cost_structure | Cost structure analysis complete.
2026-05-30 12:53:25 | INFO     | query_engine                   | SQL: SELECT financial_item, year, value, units FROM financials WHERE company_id = 'LUPIN'   AND financial_category = 'P&L Consolidated'   AND is_active = TRUE…
2026-05-30 12:53:25 | WARNING  | reshaper                       | No P&L data for LUPIN/P&L Consolidated
2026-05-30 12:53:25 | INFO     | query_engine                   | SQL: SELECT financial_item, year, value, units FROM financials WHERE company_id = 'LUPIN'   AND financial_category = 'P&L'   AND is_active = TRUE…
2026-05-30 12:53:25 | WARNING  | reshaper                       | No P&L data for LUPIN/P&L
2026-05-30 12:53:25 | INFO     | query_engine                   | SQL: SELECT financial_item, year, value, units FROM financials WHERE company_id = 'SUN'   AND financial_category = 'P&L Consolidated'   AND is_active = TRUE…
2026-05-30 12:53:25 | INFO     | cost_structure | Running cost structure analysis …
2026-05-30 12:53:25 | INFO     | cost_structure | Cost structure analysis complete.
2026-05-30 12:53:25 | INFO     | query_engine                   | DuckDB views registered: financials, financials_latest, company_master, sector_mapping, audit_log
2026-05-30 12:53:25 | INFO     | query_engine                   | SQL: SELECT financial_item, financial_category, year, value, units FROM financials WHERE company_id = 'CIPLA' AND is_active = TRUE ORDER BY year DESC, financial_item…
2026-05-30 12:53:25 | INFO     | query_engine                   | SQL: SELECT financial_item, financial_category, year, value, units FROM financials WHERE company_id = 'DRL' AND is_active = TRUE ORDER BY year DESC, financial_item…
2026-05-30 12:53:25 | INFO     | query_engine                   | SQL: SELECT financial_item, year, value, units FROM financials WHERE company_id = 'DRL'   AND financial_category = 'P&L Consolidated'   AND is_active = TRUE…
2026-05-30 12:53:25 | WARNING  | reshaper                       | No P&L data for DRL/P&L Consolidated
2026-05-30 12:53:26 | INFO     | query_engine                   | SQL: SELECT financial_item, financial_category, year, value, units FROM financials WHERE company_id = 'LUPIN' AND is_active = TRUE ORDER BY year DESC, financial_item…
2026-05-30 12:53:26 | INFO     | query_engine                   | SQL: SELECT financial_item, financial_category, year, value, units FROM financials WHERE company_id = 'SUN' AND is_active = TRUE ORDER BY year DESC, financial_item…
2026-05-30 12:53:26 | INFO     | query_engine                   | SQL: SELECT financial_item, year, value, units FROM financials WHERE company_id = 'SUN'   AND financial_category = 'P&L Consolidated'   AND is_active = TRUE…
2026-05-30 12:53:26 | INFO     | cost_structure | Running cost structure analysis …
2026-05-30 12:53:26 | INFO     | cost_structure | Cost structure analysis complete.
2026-05-30 12:53:26 | INFO     | query_engine                   | DuckDB views registered: financials, financials_latest, company_master, sector_mapping, audit_log
2026-05-30 12:53:26 | INFO     | query_engine                   | SQL:              SELECT c.company_id, c.company_name,                 MAX(CASE WHEN f.financial_item='Revenue from Operations' THEN f.value END) as revenue,                 MAX(CASE WHEN f.financial_item=…
2026-05-30 12:53:26 | INFO     | query_engine                   | SQL: SELECT financial_item, financial_category, year, value, units FROM financials WHERE company_id = 'SUN' AND is_active = TRUE ORDER BY year DESC, financial_item…
2026-05-30 12:53:26 | INFO     | query_engine                   | SQL: SELECT financial_item, year, value, units FROM financials WHERE company_id = 'SUN'   AND financial_category = 'P&L Consolidated'   AND is_active = TRUE…
2026-05-30 12:53:26 | INFO     | cost_structure | Running cost structure analysis …
2026-05-30 12:53:27 | INFO     | cost_structure | Cost structure analysis complete.
2026-05-30 12:53:27 | INFO     | query_engine                   | SQL: SELECT financial_item, financial_category, year, value, units FROM financials WHERE company_id = 'DRL' AND is_active = TRUE ORDER BY year DESC, financial_item…
2026-05-30 12:53:27 | INFO     | query_engine                   | SQL: SELECT financial_item, year, value, units FROM financials WHERE company_id = 'DRL'   AND financial_category = 'P&L Consolidated'   AND is_active = TRUE…
2026-05-30 12:53:27 | WARNING  | reshaper                       | No P&L data for DRL/P&L Consolidated
2026-05-30 12:54:14 | INFO     | query_engine                   | DuckDB views registered: financials, financials_latest, company_master, sector_mapping, audit_log
2026-05-30 12:54:14 | INFO     | query_engine                   | SQL: SELECT financial_item, year, value, units FROM financials WHERE company_id = 'CIPLA'   AND financial_category = 'P&L Consolidated'   AND is_active = TRUE…
2026-05-30 12:54:14 | WARNING  | reshaper                       | No P&L data for CIPLA/P&L Consolidated
2026-05-30 12:54:14 | INFO     | query_engine                   | SQL: SELECT financial_item, year, value, units FROM financials WHERE company_id = 'CIPLA'   AND financial_category = 'P&L'   AND is_active = TRUE…
2026-05-30 12:54:14 | WARNING  | reshaper                       | No P&L data for CIPLA/P&L
2026-05-30 12:54:14 | INFO     | query_engine                   | SQL: SELECT financial_item, year, value, units FROM financials WHERE company_id = 'DRL'   AND financial_category = 'P&L Consolidated'   AND is_active = TRUE…
2026-05-30 12:54:14 | WARNING  | reshaper                       | No P&L data for DRL/P&L Consolidated
2026-05-30 12:54:14 | INFO     | query_engine                   | SQL: SELECT financial_item, year, value, units FROM financials WHERE company_id = 'DRL'   AND financial_category = 'P&L'   AND is_active = TRUE…
2026-05-30 12:54:14 | INFO     | cost_structure | Running cost structure analysis …
2026-05-30 12:54:14 | INFO     | cost_structure | Cost structure analysis complete.
2026-05-30 12:54:14 | INFO     | query_engine                   | SQL: SELECT financial_item, year, value, units FROM financials WHERE company_id = 'LUPIN'   AND financial_category = 'P&L Consolidated'   AND is_active = TRUE…
2026-05-30 12:54:14 | WARNING  | reshaper                       | No P&L data for LUPIN/P&L Consolidated
2026-05-30 12:54:14 | INFO     | query_engine                   | SQL: SELECT financial_item, year, value, units FROM financials WHERE company_id = 'LUPIN'   AND financial_category = 'P&L'   AND is_active = TRUE…
2026-05-30 12:54:14 | WARNING  | reshaper                       | No P&L data for LUPIN/P&L
2026-05-30 12:54:14 | INFO     | query_engine                   | SQL: SELECT financial_item, year, value, units FROM financials WHERE company_id = 'SUN'   AND financial_category = 'P&L Consolidated'   AND is_active = TRUE…
2026-05-30 12:54:14 | INFO     | cost_structure | Running cost structure analysis …
2026-05-30 12:54:14 | INFO     | cost_structure | Cost structure analysis complete.
2026-05-30 12:54:14 | INFO     | query_engine                   | DuckDB views registered: financials, financials_latest, company_master, sector_mapping, audit_log
2026-05-30 12:54:14 | INFO     | query_engine                   | SQL: SELECT financial_item, financial_category, year, value, units FROM financials WHERE company_id = 'CIPLA' AND is_active = TRUE ORDER BY year DESC, financial_item…
2026-05-30 12:54:14 | INFO     | query_engine                   | SQL: SELECT financial_item, financial_category, year, value, units FROM financials WHERE company_id = 'DRL' AND is_active = TRUE ORDER BY year DESC, financial_item…
2026-05-30 12:54:14 | INFO     | query_engine                   | SQL: SELECT financial_item, year, value, units FROM financials WHERE company_id = 'DRL'   AND financial_category = 'P&L Consolidated'   AND is_active = TRUE…
2026-05-30 12:54:15 | WARNING  | reshaper                       | No P&L data for DRL/P&L Consolidated
2026-05-30 12:54:15 | INFO     | query_engine                   | SQL: SELECT financial_item, financial_category, year, value, units FROM financials WHERE company_id = 'LUPIN' AND is_active = TRUE ORDER BY year DESC, financial_item…
2026-05-30 12:54:15 | INFO     | query_engine                   | SQL: SELECT financial_item, financial_category, year, value, units FROM financials WHERE company_id = 'SUN' AND is_active = TRUE ORDER BY year DESC, financial_item…
2026-05-30 12:54:15 | INFO     | query_engine                   | SQL: SELECT financial_item, year, value, units FROM financials WHERE company_id = 'SUN'   AND financial_category = 'P&L Consolidated'   AND is_active = TRUE…
2026-05-30 12:54:15 | INFO     | cost_structure | Running cost structure analysis …
2026-05-30 12:54:15 | INFO     | cost_structure | Cost structure analysis complete.
2026-05-30 12:54:15 | INFO     | query_engine                   | DuckDB views registered: financials, financials_latest, company_master, sector_mapping, audit_log
2026-05-30 12:54:15 | INFO     | query_engine                   | SQL:              SELECT c.company_id, c.company_name,                 MAX(CASE WHEN f.financial_item='Revenue from Operations' THEN f.value END) as revenue,                 MAX(CASE WHEN f.financial_item=…
2026-05-30 12:54:15 | INFO     | query_engine                   | SQL: SELECT financial_item, financial_category, year, value, units FROM financials WHERE company_id = 'SUN' AND is_active = TRUE ORDER BY year DESC, financial_item…
2026-05-30 12:54:15 | INFO     | query_engine                   | SQL: SELECT financial_item, year, value, units FROM financials WHERE company_id = 'SUN'   AND financial_category = 'P&L Consolidated'   AND is_active = TRUE…
2026-05-30 12:54:15 | INFO     | cost_structure | Running cost structure analysis …
2026-05-30 12:54:16 | INFO     | cost_structure | Cost structure analysis complete.
2026-05-30 12:54:16 | INFO     | query_engine                   | SQL: SELECT financial_item, financial_category, year, value, units FROM financials WHERE company_id = 'DRL' AND is_active = TRUE ORDER BY year DESC, financial_item…
2026-05-30 12:54:16 | INFO     | query_engine                   | SQL: SELECT financial_item, year, value, units FROM financials WHERE company_id = 'DRL'   AND financial_category = 'P&L Consolidated'   AND is_active = TRUE…
2026-05-30 12:54:16 | WARNING  | reshaper                       | No P&L data for DRL/P&L Consolidated
2026-05-30 12:54:28 | INFO     | query_engine                   | DuckDB views registered: financials, financials_latest, company_master, sector_mapping, audit_log
2026-05-30 12:54:28 | INFO     | query_engine                   | SQL: SELECT financial_item, year, value, units FROM financials WHERE company_id = 'CIPLA'   AND financial_category = 'P&L Consolidated'   AND is_active = TRUE…
2026-05-30 12:54:28 | WARNING  | reshaper                       | No P&L data for CIPLA/P&L Consolidated
2026-05-30 12:54:28 | INFO     | query_engine                   | SQL: SELECT financial_item, year, value, units FROM financials WHERE company_id = 'CIPLA'   AND financial_category = 'P&L'   AND is_active = TRUE…
2026-05-30 12:54:28 | WARNING  | reshaper                       | No P&L data for CIPLA/P&L
2026-05-30 12:54:28 | INFO     | query_engine                   | SQL: SELECT financial_item, year, value, units FROM financials WHERE company_id = 'DRL'   AND financial_category = 'P&L Consolidated'   AND is_active = TRUE…
2026-05-30 12:54:28 | WARNING  | reshaper                       | No P&L data for DRL/P&L Consolidated
2026-05-30 12:54:28 | INFO     | query_engine                   | SQL: SELECT financial_item, year, value, units FROM financials WHERE company_id = 'DRL'   AND financial_category = 'P&L'   AND is_active = TRUE…
2026-05-30 12:54:28 | INFO     | cost_structure | Running cost structure analysis …
2026-05-30 12:54:28 | INFO     | cost_structure | Cost structure analysis complete.
2026-05-30 12:54:28 | INFO     | query_engine                   | SQL: SELECT financial_item, year, value, units FROM financials WHERE company_id = 'LUPIN'   AND financial_category = 'P&L Consolidated'   AND is_active = TRUE…
2026-05-30 12:54:28 | WARNING  | reshaper                       | No P&L data for LUPIN/P&L Consolidated
2026-05-30 12:54:28 | INFO     | query_engine                   | SQL: SELECT financial_item, year, value, units FROM financials WHERE company_id = 'LUPIN'   AND financial_category = 'P&L'   AND is_active = TRUE…
2026-05-30 12:54:28 | WARNING  | reshaper                       | No P&L data for LUPIN/P&L
2026-05-30 12:54:28 | INFO     | query_engine                   | SQL: SELECT financial_item, year, value, units FROM financials WHERE company_id = 'SUN'   AND financial_category = 'P&L Consolidated'   AND is_active = TRUE…
2026-05-30 12:54:28 | INFO     | cost_structure | Running cost structure analysis …
2026-05-30 12:54:29 | INFO     | cost_structure | Cost structure analysis complete.
2026-05-30 12:54:29 | INFO     | query_engine                   | DuckDB views registered: financials, financials_latest, company_master, sector_mapping, audit_log
2026-05-30 12:54:29 | INFO     | query_engine                   | SQL: SELECT financial_item, financial_category, year, value, units FROM financials WHERE company_id = 'CIPLA' AND is_active = TRUE ORDER BY year DESC, financial_item…
2026-05-30 12:54:29 | INFO     | query_engine                   | SQL: SELECT financial_item, financial_category, year, value, units FROM financials WHERE company_id = 'DRL' AND is_active = TRUE ORDER BY year DESC, financial_item…
2026-05-30 12:54:29 | INFO     | query_engine                   | SQL: SELECT financial_item, year, value, units FROM financials WHERE company_id = 'DRL'   AND financial_category = 'P&L Consolidated'   AND is_active = TRUE…
2026-05-30 12:54:29 | WARNING  | reshaper                       | No P&L data for DRL/P&L Consolidated
2026-05-30 12:54:29 | INFO     | query_engine                   | SQL: SELECT financial_item, financial_category, year, value, units FROM financials WHERE company_id = 'LUPIN' AND is_active = TRUE ORDER BY year DESC, financial_item…
2026-05-30 12:54:29 | INFO     | query_engine                   | SQL: SELECT financial_item, financial_category, year, value, units FROM financials WHERE company_id = 'SUN' AND is_active = TRUE ORDER BY year DESC, financial_item…
2026-05-30 12:54:29 | INFO     | query_engine                   | SQL: SELECT financial_item, year, value, units FROM financials WHERE company_id = 'SUN'   AND financial_category = 'P&L Consolidated'   AND is_active = TRUE…
2026-05-30 12:54:29 | INFO     | cost_structure | Running cost structure analysis …
2026-05-30 12:54:30 | INFO     | cost_structure | Cost structure analysis complete.
2026-05-30 12:54:30 | INFO     | query_engine                   | DuckDB views registered: financials, financials_latest, company_master, sector_mapping, audit_log
2026-05-30 12:54:30 | INFO     | query_engine                   | SQL:              SELECT c.company_id, c.company_name,                 MAX(CASE WHEN f.financial_item='Revenue from Operations' THEN f.value END) as revenue,                 MAX(CASE WHEN f.financial_item=…
2026-05-30 12:54:30 | INFO     | query_engine                   | SQL: SELECT financial_item, financial_category, year, value, units FROM financials WHERE company_id = 'SUN' AND is_active = TRUE ORDER BY year DESC, financial_item…
2026-05-30 12:54:30 | INFO     | query_engine                   | SQL: SELECT financial_item, year, value, units FROM financials WHERE company_id = 'SUN'   AND financial_category = 'P&L Consolidated'   AND is_active = TRUE…
2026-05-30 12:54:30 | INFO     | cost_structure | Running cost structure analysis …
2026-05-30 12:54:31 | INFO     | cost_structure | Cost structure analysis complete.
2026-05-30 12:54:31 | INFO     | query_engine                   | SQL: SELECT financial_item, financial_category, year, value, units FROM financials WHERE company_id = 'DRL' AND is_active = TRUE ORDER BY year DESC, financial_item…
2026-05-30 12:54:31 | INFO     | query_engine                   | SQL: SELECT financial_item, year, value, units FROM financials WHERE company_id = 'DRL'   AND financial_category = 'P&L Consolidated'   AND is_active = TRUE…
2026-05-30 12:54:31 | WARNING  | reshaper                       | No P&L data for DRL/P&L Consolidated
2026-05-30 12:54:38 | INFO     | query_engine                   | DuckDB views registered: financials, financials_latest, company_master, sector_mapping, audit_log
2026-05-30 12:54:38 | INFO     | query_engine                   | SQL: SELECT financial_item, year, value, units FROM financials WHERE company_id = 'CIPLA'   AND financial_category = 'P&L Consolidated'   AND is_active = TRUE…
2026-05-30 12:54:38 | WARNING  | reshaper                       | No P&L data for CIPLA/P&L Consolidated
2026-05-30 12:54:38 | INFO     | query_engine                   | SQL: SELECT financial_item, year, value, units FROM financials WHERE company_id = 'CIPLA'   AND financial_category = 'P&L'   AND is_active = TRUE…
2026-05-30 12:54:38 | WARNING  | reshaper                       | No P&L data for CIPLA/P&L
2026-05-30 12:54:38 | INFO     | query_engine                   | SQL: SELECT financial_item, year, value, units FROM financials WHERE company_id = 'DRL'   AND financial_category = 'P&L Consolidated'   AND is_active = TRUE…
2026-05-30 12:54:38 | WARNING  | reshaper                       | No P&L data for DRL/P&L Consolidated
2026-05-30 12:54:38 | INFO     | query_engine                   | SQL: SELECT financial_item, year, value, units FROM financials WHERE company_id = 'DRL'   AND financial_category = 'P&L'   AND is_active = TRUE…
2026-05-30 12:54:38 | INFO     | cost_structure | Running cost structure analysis …
2026-05-30 12:54:38 | INFO     | cost_structure | Cost structure analysis complete.
2026-05-30 12:54:38 | INFO     | query_engine                   | SQL: SELECT financial_item, year, value, units FROM financials WHERE company_id = 'LUPIN'   AND financial_category = 'P&L Consolidated'   AND is_active = TRUE…
2026-05-30 12:54:38 | WARNING  | reshaper                       | No P&L data for LUPIN/P&L Consolidated
2026-05-30 12:54:38 | INFO     | query_engine                   | SQL: SELECT financial_item, year, value, units FROM financials WHERE company_id = 'LUPIN'   AND financial_category = 'P&L'   AND is_active = TRUE…
2026-05-30 12:54:38 | WARNING  | reshaper                       | No P&L data for LUPIN/P&L
2026-05-30 12:54:38 | INFO     | query_engine                   | SQL: SELECT financial_item, year, value, units FROM financials WHERE company_id = 'SUN'   AND financial_category = 'P&L Consolidated'   AND is_active = TRUE…
2026-05-30 12:54:38 | INFO     | cost_structure | Running cost structure analysis …
2026-05-30 12:54:39 | INFO     | cost_structure | Cost structure analysis complete.
2026-05-30 12:54:39 | INFO     | query_engine                   | DuckDB views registered: financials, financials_latest, company_master, sector_mapping, audit_log
2026-05-30 12:54:39 | INFO     | query_engine                   | SQL: SELECT financial_item, financial_category, year, value, units FROM financials WHERE company_id = 'CIPLA' AND is_active = TRUE ORDER BY year DESC, financial_item…
2026-05-30 12:54:39 | INFO     | query_engine                   | SQL: SELECT financial_item, financial_category, year, value, units FROM financials WHERE company_id = 'DRL' AND is_active = TRUE ORDER BY year DESC, financial_item…
2026-05-30 12:54:39 | INFO     | query_engine                   | SQL: SELECT financial_item, year, value, units FROM financials WHERE company_id = 'DRL'   AND financial_category = 'P&L Consolidated'   AND is_active = TRUE…
2026-05-30 12:54:39 | WARNING  | reshaper                       | No P&L data for DRL/P&L Consolidated
2026-05-30 12:54:39 | INFO     | query_engine                   | SQL: SELECT financial_item, financial_category, year, value, units FROM financials WHERE company_id = 'LUPIN' AND is_active = TRUE ORDER BY year DESC, financial_item…
2026-05-30 12:54:39 | INFO     | query_engine                   | SQL: SELECT financial_item, financial_category, year, value, units FROM financials WHERE company_id = 'SUN' AND is_active = TRUE ORDER BY year DESC, financial_item…
2026-05-30 12:54:39 | INFO     | query_engine                   | SQL: SELECT financial_item, year, value, units FROM financials WHERE company_id = 'SUN'   AND financial_category = 'P&L Consolidated'   AND is_active = TRUE…
2026-05-30 12:54:39 | INFO     | cost_structure | Running cost structure analysis …
2026-05-30 12:54:40 | INFO     | cost_structure | Cost structure analysis complete.
2026-05-30 12:54:40 | INFO     | query_engine                   | DuckDB views registered: financials, financials_latest, company_master, sector_mapping, audit_log
2026-05-30 12:54:40 | INFO     | query_engine                   | SQL:              SELECT c.company_id, c.company_name,                 MAX(CASE WHEN f.financial_item='Revenue from Operations' THEN f.value END) as revenue,                 MAX(CASE WHEN f.financial_item=…
2026-05-30 12:54:40 | INFO     | query_engine                   | SQL: SELECT financial_item, financial_category, year, value, units FROM financials WHERE company_id = 'SUN' AND is_active = TRUE ORDER BY year DESC, financial_item…
2026-05-30 12:54:40 | INFO     | query_engine                   | SQL: SELECT financial_item, year, value, units FROM financials WHERE company_id = 'SUN'   AND financial_category = 'P&L Consolidated'   AND is_active = TRUE…
2026-05-30 12:54:40 | INFO     | cost_structure | Running cost structure analysis …
2026-05-30 12:54:40 | INFO     | cost_structure | Cost structure analysis complete.
2026-05-30 12:54:40 | INFO     | query_engine                   | SQL: SELECT financial_item, financial_category, year, value, units FROM financials WHERE company_id = 'DRL' AND is_active = TRUE ORDER BY year DESC, financial_item…
2026-05-30 12:54:40 | INFO     | query_engine                   | SQL: SELECT financial_item, year, value, units FROM financials WHERE company_id = 'DRL'   AND financial_category = 'P&L Consolidated'   AND is_active = TRUE…
2026-05-30 12:54:41 | WARNING  | reshaper                       | No P&L data for DRL/P&L Consolidated
2026-05-30 12:54:51 | INFO     | query_engine                   | DuckDB views registered: financials, financials_latest, company_master, sector_mapping, audit_log
2026-05-30 12:54:51 | INFO     | query_engine                   | SQL: SELECT financial_item, year, value, units FROM financials WHERE company_id = 'CIPLA'   AND financial_category = 'P&L Consolidated'   AND is_active = TRUE…
2026-05-30 12:54:51 | WARNING  | reshaper                       | No P&L data for CIPLA/P&L Consolidated
2026-05-30 12:54:51 | INFO     | query_engine                   | SQL: SELECT financial_item, year, value, units FROM financials WHERE company_id = 'CIPLA'   AND financial_category = 'P&L'   AND is_active = TRUE…
2026-05-30 12:54:51 | WARNING  | reshaper                       | No P&L data for CIPLA/P&L
2026-05-30 12:54:51 | INFO     | query_engine                   | SQL: SELECT financial_item, year, value, units FROM financials WHERE company_id = 'DRL'   AND financial_category = 'P&L Consolidated'   AND is_active = TRUE…
2026-05-30 12:54:51 | WARNING  | reshaper                       | No P&L data for DRL/P&L Consolidated
2026-05-30 12:54:51 | INFO     | query_engine                   | SQL: SELECT financial_item, year, value, units FROM financials WHERE company_id = 'DRL'   AND financial_category = 'P&L'   AND is_active = TRUE…
2026-05-30 12:54:52 | INFO     | cost_structure | Running cost structure analysis …
2026-05-30 12:54:52 | INFO     | cost_structure | Cost structure analysis complete.
2026-05-30 12:54:52 | INFO     | query_engine                   | SQL: SELECT financial_item, year, value, units FROM financials WHERE company_id = 'LUPIN'   AND financial_category = 'P&L Consolidated'   AND is_active = TRUE…
2026-05-30 12:54:52 | WARNING  | reshaper                       | No P&L data for LUPIN/P&L Consolidated
2026-05-30 12:54:52 | INFO     | query_engine                   | SQL: SELECT financial_item, year, value, units FROM financials WHERE company_id = 'LUPIN'   AND financial_category = 'P&L'   AND is_active = TRUE…
2026-05-30 12:54:52 | WARNING  | reshaper                       | No P&L data for LUPIN/P&L
2026-05-30 12:54:52 | INFO     | query_engine                   | SQL: SELECT financial_item, year, value, units FROM financials WHERE company_id = 'SUN'   AND financial_category = 'P&L Consolidated'   AND is_active = TRUE…
2026-05-30 12:54:52 | INFO     | cost_structure | Running cost structure analysis …
2026-05-30 12:54:52 | INFO     | cost_structure | Cost structure analysis complete.
2026-05-30 12:54:52 | INFO     | query_engine                   | DuckDB views registered: financials, financials_latest, company_master, sector_mapping, audit_log
2026-05-30 12:54:52 | INFO     | query_engine                   | SQL: SELECT financial_item, financial_category, year, value, units FROM financials WHERE company_id = 'CIPLA' AND is_active = TRUE ORDER BY year DESC, financial_item…
2026-05-30 12:54:52 | INFO     | query_engine                   | SQL: SELECT financial_item, financial_category, year, value, units FROM financials WHERE company_id = 'DRL' AND is_active = TRUE ORDER BY year DESC, financial_item…
2026-05-30 12:54:52 | INFO     | query_engine                   | SQL: SELECT financial_item, year, value, units FROM financials WHERE company_id = 'DRL'   AND financial_category = 'P&L Consolidated'   AND is_active = TRUE…
2026-05-30 12:54:52 | WARNING  | reshaper                       | No P&L data for DRL/P&L Consolidated
2026-05-30 12:54:52 | INFO     | query_engine                   | SQL: SELECT financial_item, financial_category, year, value, units FROM financials WHERE company_id = 'LUPIN' AND is_active = TRUE ORDER BY year DESC, financial_item…
2026-05-30 12:54:52 | INFO     | query_engine                   | SQL: SELECT financial_item, financial_category, year, value, units FROM financials WHERE company_id = 'SUN' AND is_active = TRUE ORDER BY year DESC, financial_item…
2026-05-30 12:54:53 | INFO     | query_engine                   | SQL: SELECT financial_item, year, value, units FROM financials WHERE company_id = 'SUN'   AND financial_category = 'P&L Consolidated'   AND is_active = TRUE…
2026-05-30 12:54:53 | INFO     | cost_structure | Running cost structure analysis …
2026-05-30 12:54:53 | INFO     | cost_structure | Cost structure analysis complete.
2026-05-30 12:54:53 | INFO     | query_engine                   | DuckDB views registered: financials, financials_latest, company_master, sector_mapping, audit_log
2026-05-30 12:54:53 | INFO     | query_engine                   | SQL:              SELECT c.company_id, c.company_name,                 MAX(CASE WHEN f.financial_item='Revenue from Operations' THEN f.value END) as revenue,                 MAX(CASE WHEN f.financial_item=…
2026-05-30 12:54:53 | INFO     | query_engine                   | SQL: SELECT financial_item, financial_category, year, value, units FROM financials WHERE company_id = 'SUN' AND is_active = TRUE ORDER BY year DESC, financial_item…
2026-05-30 12:54:53 | INFO     | query_engine                   | SQL: SELECT financial_item, year, value, units FROM financials WHERE company_id = 'SUN'   AND financial_category = 'P&L Consolidated'   AND is_active = TRUE…
2026-05-30 12:54:53 | INFO     | cost_structure | Running cost structure analysis …
2026-05-30 12:54:54 | INFO     | cost_structure | Cost structure analysis complete.
2026-05-30 12:54:54 | INFO     | query_engine                   | SQL: SELECT financial_item, financial_category, year, value, units FROM financials WHERE company_id = 'DRL' AND is_active = TRUE ORDER BY year DESC, financial_item…
2026-05-30 12:54:54 | INFO     | query_engine                   | SQL: SELECT financial_item, year, value, units FROM financials WHERE company_id = 'DRL'   AND financial_category = 'P&L Consolidated'   AND is_active = TRUE…
2026-05-30 12:54:54 | WARNING  | reshaper                       | No P&L data for DRL/P&L Consolidated
2026-05-30 12:55:04 | INFO     | query_engine                   | DuckDB views registered: financials, financials_latest, company_master, sector_mapping, audit_log
2026-05-30 12:55:04 | INFO     | query_engine                   | SQL: SELECT financial_item, year, value, units FROM financials WHERE company_id = 'CIPLA'   AND financial_category = 'P&L Consolidated'   AND is_active = TRUE…
2026-05-30 12:55:04 | WARNING  | reshaper                       | No P&L data for CIPLA/P&L Consolidated
2026-05-30 12:55:04 | INFO     | query_engine                   | SQL: SELECT financial_item, year, value, units FROM financials WHERE company_id = 'CIPLA'   AND financial_category = 'P&L'   AND is_active = TRUE…
2026-05-30 12:55:04 | WARNING  | reshaper                       | No P&L data for CIPLA/P&L
2026-05-30 12:55:04 | INFO     | query_engine                   | SQL: SELECT financial_item, year, value, units FROM financials WHERE company_id = 'DRL'   AND financial_category = 'P&L Consolidated'   AND is_active = TRUE…
2026-05-30 12:55:04 | WARNING  | reshaper                       | No P&L data for DRL/P&L Consolidated
2026-05-30 12:55:04 | INFO     | query_engine                   | SQL: SELECT financial_item, year, value, units FROM financials WHERE company_id = 'DRL'   AND financial_category = 'P&L'   AND is_active = TRUE…
2026-05-30 12:55:04 | INFO     | cost_structure | Running cost structure analysis …
2026-05-30 12:55:05 | INFO     | cost_structure | Cost structure analysis complete.
2026-05-30 12:55:05 | INFO     | query_engine                   | SQL: SELECT financial_item, year, value, units FROM financials WHERE company_id = 'LUPIN'   AND financial_category = 'P&L Consolidated'   AND is_active = TRUE…
2026-05-30 12:55:05 | WARNING  | reshaper                       | No P&L data for LUPIN/P&L Consolidated
2026-05-30 12:55:05 | INFO     | query_engine                   | SQL: SELECT financial_item, year, value, units FROM financials WHERE company_id = 'LUPIN'   AND financial_category = 'P&L'   AND is_active = TRUE…
2026-05-30 12:55:05 | WARNING  | reshaper                       | No P&L data for LUPIN/P&L
2026-05-30 12:55:05 | INFO     | query_engine                   | SQL: SELECT financial_item, year, value, units FROM financials WHERE company_id = 'SUN'   AND financial_category = 'P&L Consolidated'   AND is_active = TRUE…
2026-05-30 12:55:05 | INFO     | cost_structure | Running cost structure analysis …
2026-05-30 12:55:05 | INFO     | cost_structure | Cost structure analysis complete.
2026-05-30 12:55:05 | INFO     | query_engine                   | DuckDB views registered: financials, financials_latest, company_master, sector_mapping, audit_log
2026-05-30 12:55:05 | INFO     | query_engine                   | SQL: SELECT financial_item, financial_category, year, value, units FROM financials WHERE company_id = 'CIPLA' AND is_active = TRUE ORDER BY year DESC, financial_item…
2026-05-30 12:55:05 | INFO     | query_engine                   | SQL: SELECT financial_item, financial_category, year, value, units FROM financials WHERE company_id = 'DRL' AND is_active = TRUE ORDER BY year DESC, financial_item…
2026-05-30 12:55:05 | INFO     | query_engine                   | SQL: SELECT financial_item, year, value, units FROM financials WHERE company_id = 'DRL'   AND financial_category = 'P&L Consolidated'   AND is_active = TRUE…
2026-05-30 12:55:05 | WARNING  | reshaper                       | No P&L data for DRL/P&L Consolidated
2026-05-30 12:55:05 | INFO     | query_engine                   | SQL: SELECT financial_item, financial_category, year, value, units FROM financials WHERE company_id = 'LUPIN' AND is_active = TRUE ORDER BY year DESC, financial_item…
2026-05-30 12:55:05 | INFO     | query_engine                   | SQL: SELECT financial_item, financial_category, year, value, units FROM financials WHERE company_id = 'SUN' AND is_active = TRUE ORDER BY year DESC, financial_item…
2026-05-30 12:55:05 | INFO     | query_engine                   | SQL: SELECT financial_item, year, value, units FROM financials WHERE company_id = 'SUN'   AND financial_category = 'P&L Consolidated'   AND is_active = TRUE…
2026-05-30 12:55:05 | INFO     | cost_structure | Running cost structure analysis …
2026-05-30 12:55:06 | INFO     | cost_structure | Cost structure analysis complete.
2026-05-30 12:55:06 | INFO     | query_engine                   | DuckDB views registered: financials, financials_latest, company_master, sector_mapping, audit_log
2026-05-30 12:55:06 | INFO     | query_engine                   | SQL:              SELECT c.company_id, c.company_name,                 MAX(CASE WHEN f.financial_item='Revenue from Operations' THEN f.value END) as revenue,                 MAX(CASE WHEN f.financial_item=…
2026-05-30 12:55:06 | INFO     | query_engine                   | SQL: SELECT financial_item, financial_category, year, value, units FROM financials WHERE company_id = 'SUN' AND is_active = TRUE ORDER BY year DESC, financial_item…
2026-05-30 12:55:06 | INFO     | query_engine                   | SQL: SELECT financial_item, year, value, units FROM financials WHERE company_id = 'SUN'   AND financial_category = 'P&L Consolidated'   AND is_active = TRUE…
2026-05-30 12:55:06 | INFO     | cost_structure | Running cost structure analysis …
2026-05-30 12:55:07 | INFO     | cost_structure | Cost structure analysis complete.
2026-05-30 12:55:07 | INFO     | query_engine                   | SQL: SELECT financial_item, financial_category, year, value, units FROM financials WHERE company_id = 'DRL' AND is_active = TRUE ORDER BY year DESC, financial_item…
2026-05-30 12:55:07 | INFO     | query_engine                   | SQL: SELECT financial_item, year, value, units FROM financials WHERE company_id = 'DRL'   AND financial_category = 'P&L Consolidated'   AND is_active = TRUE…
2026-05-30 12:55:07 | WARNING  | reshaper                       | No P&L data for DRL/P&L Consolidated
2026-05-30 12:55:16 | INFO     | query_engine                   | DuckDB views registered: financials, financials_latest, company_master, sector_mapping, audit_log
2026-05-30 12:55:16 | INFO     | query_engine                   | SQL: SELECT financial_item, financial_category, year, value, units FROM financials WHERE company_id = 'SUN' AND is_active = TRUE ORDER BY year DESC, financial_item…
2026-05-30 12:55:27 | INFO     | query_engine                   | DuckDB views registered: financials, financials_latest, company_master, sector_mapping, audit_log
2026-05-30 12:55:27 | INFO     | query_engine                   | SQL: SELECT financial_item, financial_category, year, value, units FROM financials WHERE company_id = 'SUN' AND is_active = TRUE ORDER BY year DESC, financial_item…
2026-05-30 12:55:27 | INFO     | query_engine                   | DuckDB views registered: financials, financials_latest, company_master, sector_mapping, audit_log
2026-05-30 12:55:27 | INFO     | query_engine                   | SQL: SELECT financial_item, financial_category, year, value, units FROM financials WHERE company_id = 'SUN' AND is_active = TRUE ORDER BY year DESC, financial_item…
2026-05-30 12:55:28 | INFO     | query_engine                   | SQL: SELECT financial_item, year, value, units FROM financials WHERE company_id = 'SUN'   AND financial_category = 'P&L Consolidated'   AND is_active = TRUE…
2026-05-30 12:55:28 | INFO     | cost_structure | Running cost structure analysis …
2026-05-30 12:55:28 | INFO     | cost_structure | Cost structure analysis complete.
2026-05-30 12:56:19 | INFO     | query_engine                   | DuckDB views registered: financials, financials_latest, company_master, sector_mapping, audit_log
2026-05-30 12:56:19 | INFO     | query_engine                   | SQL: SELECT financial_item, financial_category, year, value, units FROM financials WHERE company_id = 'SUN' AND is_active = TRUE ORDER BY year DESC, financial_item…
2026-05-30 12:56:19 | INFO     | query_engine                   | SQL: SELECT financial_item, year, value, units FROM financials WHERE company_id = 'SUN'   AND financial_category = 'P&L Consolidated'   AND is_active = TRUE…
2026-05-30 12:56:19 | INFO     | cost_structure | Running cost structure analysis …
2026-05-30 12:56:19 | INFO     | cost_structure | Cost structure analysis complete.
2026-05-30 13:43:19 | INFO     | query_engine                   | DuckDB views registered: financials, financials_latest, company_master, sector_mapping, audit_log
2026-05-30 13:43:19 | INFO     | query_engine                   | SQL: SELECT financial_item, financial_category, year, value, units FROM financials WHERE company_id = 'SUN' AND is_active = TRUE ORDER BY year DESC, financial_item…
2026-05-30 13:43:19 | INFO     | query_engine                   | SQL: SELECT financial_item, year, value, units FROM financials WHERE company_id = 'SUN'   AND financial_category = 'P&L Consolidated'   AND is_active = TRUE…
2026-05-30 13:43:19 | INFO     | cost_structure | Running cost structure analysis …
2026-05-30 13:43:19 | INFO     | cost_structure | Cost structure analysis complete.
2026-05-30 13:43:25 | INFO     | query_engine                   | DuckDB views registered: financials, financials_latest, company_master, sector_mapping, audit_log
2026-05-30 13:43:25 | INFO     | query_engine                   | SQL: SELECT financial_item, year, value, units FROM financials WHERE company_id = 'CIPLA'   AND financial_category = 'P&L Consolidated'   AND is_active = TRUE…
2026-05-30 13:43:25 | WARNING  | reshaper                       | No P&L data for CIPLA/P&L Consolidated
2026-05-30 13:43:25 | INFO     | query_engine                   | SQL: SELECT financial_item, year, value, units FROM financials WHERE company_id = 'CIPLA'   AND financial_category = 'P&L'   AND is_active = TRUE…
2026-05-30 13:43:25 | WARNING  | reshaper                       | No P&L data for CIPLA/P&L
2026-05-30 13:43:25 | INFO     | query_engine                   | SQL: SELECT financial_item, year, value, units FROM financials WHERE company_id = 'DRL'   AND financial_category = 'P&L Consolidated'   AND is_active = TRUE…
2026-05-30 13:43:25 | WARNING  | reshaper                       | No P&L data for DRL/P&L Consolidated
2026-05-30 13:43:25 | INFO     | query_engine                   | SQL: SELECT financial_item, year, value, units FROM financials WHERE company_id = 'DRL'   AND financial_category = 'P&L'   AND is_active = TRUE…
2026-05-30 13:43:25 | INFO     | cost_structure | Running cost structure analysis …
2026-05-30 13:43:25 | INFO     | cost_structure | Cost structure analysis complete.
2026-05-30 13:43:25 | INFO     | query_engine                   | SQL: SELECT financial_item, year, value, units FROM financials WHERE company_id = 'LUPIN'   AND financial_category = 'P&L Consolidated'   AND is_active = TRUE…
2026-05-30 13:43:25 | WARNING  | reshaper                       | No P&L data for LUPIN/P&L Consolidated
2026-05-30 13:43:25 | INFO     | query_engine                   | SQL: SELECT financial_item, year, value, units FROM financials WHERE company_id = 'LUPIN'   AND financial_category = 'P&L'   AND is_active = TRUE…
2026-05-30 13:43:25 | WARNING  | reshaper                       | No P&L data for LUPIN/P&L
2026-05-30 13:43:25 | INFO     | query_engine                   | SQL: SELECT financial_item, year, value, units FROM financials WHERE company_id = 'SUN'   AND financial_category = 'P&L Consolidated'   AND is_active = TRUE…
2026-05-30 13:43:25 | INFO     | cost_structure | Running cost structure analysis …
2026-05-30 13:43:26 | INFO     | cost_structure | Cost structure analysis complete.
2026-05-30 13:43:26 | INFO     | query_engine                   | DuckDB views registered: financials, financials_latest, company_master, sector_mapping, audit_log
2026-05-30 13:43:26 | INFO     | query_engine                   | SQL: SELECT financial_item, financial_category, year, value, units FROM financials WHERE company_id = 'CIPLA' AND is_active = TRUE ORDER BY year DESC, financial_item…
2026-05-30 13:43:26 | INFO     | query_engine                   | SQL: SELECT financial_item, financial_category, year, value, units FROM financials WHERE company_id = 'DRL' AND is_active = TRUE ORDER BY year DESC, financial_item…
2026-05-30 13:43:26 | INFO     | query_engine                   | SQL: SELECT financial_item, year, value, units FROM financials WHERE company_id = 'DRL'   AND financial_category = 'P&L Consolidated'   AND is_active = TRUE…
2026-05-30 13:43:26 | WARNING  | reshaper                       | No P&L data for DRL/P&L Consolidated
2026-05-30 13:43:26 | INFO     | query_engine                   | SQL: SELECT financial_item, financial_category, year, value, units FROM financials WHERE company_id = 'LUPIN' AND is_active = TRUE ORDER BY year DESC, financial_item…
2026-05-30 13:43:26 | INFO     | query_engine                   | SQL: SELECT financial_item, financial_category, year, value, units FROM financials WHERE company_id = 'SUN' AND is_active = TRUE ORDER BY year DESC, financial_item…
2026-05-30 13:43:26 | INFO     | query_engine                   | SQL: SELECT financial_item, year, value, units FROM financials WHERE company_id = 'SUN'   AND financial_category = 'P&L Consolidated'   AND is_active = TRUE…
2026-05-30 13:43:26 | INFO     | cost_structure | Running cost structure analysis …
2026-05-30 13:43:27 | INFO     | cost_structure | Cost structure analysis complete.
2026-05-30 13:43:27 | INFO     | query_engine                   | DuckDB views registered: financials, financials_latest, company_master, sector_mapping, audit_log
2026-05-30 13:43:27 | INFO     | query_engine                   | SQL:              SELECT c.company_id, c.company_name,                 MAX(CASE WHEN f.financial_item='Revenue from Operations' THEN f.value END) as revenue,                 MAX(CASE WHEN f.financial_item=…
2026-05-30 13:43:27 | INFO     | query_engine                   | SQL: SELECT financial_item, financial_category, year, value, units FROM financials WHERE company_id = 'SUN' AND is_active = TRUE ORDER BY year DESC, financial_item…
2026-05-30 13:43:27 | INFO     | query_engine                   | SQL: SELECT financial_item, year, value, units FROM financials WHERE company_id = 'SUN'   AND financial_category = 'P&L Consolidated'   AND is_active = TRUE…
2026-05-30 13:43:27 | INFO     | cost_structure | Running cost structure analysis …
2026-05-30 13:43:28 | INFO     | cost_structure | Cost structure analysis complete.
2026-05-30 13:43:28 | INFO     | query_engine                   | SQL: SELECT financial_item, financial_category, year, value, units FROM financials WHERE company_id = 'DRL' AND is_active = TRUE ORDER BY year DESC, financial_item…
2026-05-30 13:43:28 | INFO     | query_engine                   | SQL: SELECT financial_item, year, value, units FROM financials WHERE company_id = 'DRL'   AND financial_category = 'P&L Consolidated'   AND is_active = TRUE…
2026-05-30 13:43:28 | WARNING  | reshaper                       | No P&L data for DRL/P&L Consolidated
2026-05-30 13:43:47 | INFO     | query_engine                   | DuckDB views registered: financials, financials_latest, company_master, sector_mapping, audit_log
2026-05-30 13:43:47 | INFO     | query_engine                   | SQL: SELECT financial_item, financial_category, year, value, units FROM financials WHERE company_id = 'SUN' AND is_active = TRUE ORDER BY year DESC, financial_item…
2026-05-30 13:43:47 | INFO     | query_engine                   | SQL: SELECT financial_item, year, value, units FROM financials WHERE company_id = 'SUN'   AND financial_category = 'P&L Consolidated'   AND is_active = TRUE…
2026-05-30 13:43:47 | INFO     | cost_structure | Running cost structure analysis …
2026-05-30 13:43:48 | INFO     | cost_structure | Cost structure analysis complete.
2026-05-30 13:43:48 | INFO     | query_engine                   | DuckDB views registered: financials, financials_latest, company_master, sector_mapping, audit_log
2026-05-30 13:43:48 | INFO     | query_engine                   | SQL: SELECT financial_item, financial_category, year, value, units FROM financials WHERE company_id = 'SUN' AND is_active = TRUE ORDER BY year DESC, financial_item…
2026-05-30 13:43:57 | INFO     | query_engine                   | DuckDB views registered: financials, financials_latest, company_master, sector_mapping, audit_log
2026-05-30 13:43:57 | INFO     | query_engine                   | SQL: SELECT financial_item, financial_category, year, value, units FROM financials WHERE company_id = 'SUN' AND is_active = TRUE ORDER BY year DESC, financial_item…
2026-05-30 13:43:57 | INFO     | query_engine                   | SQL: SELECT financial_item, year, value, units FROM financials WHERE company_id = 'SUN'   AND financial_category = 'P&L Consolidated'   AND is_active = TRUE…
2026-05-30 13:43:57 | INFO     | cost_structure | Running cost structure analysis …
2026-05-30 13:43:57 | INFO     | cost_structure | Cost structure analysis complete.
2026-05-30 13:44:09 | INFO     | query_engine                   | DuckDB views registered: financials, financials_latest, company_master, sector_mapping, audit_log
2026-05-30 13:44:09 | INFO     | query_engine                   | SQL: SELECT financial_item, year, value, units FROM financials WHERE company_id = 'CIPLA'   AND financial_category = 'P&L Consolidated'   AND is_active = TRUE…
2026-05-30 13:44:09 | WARNING  | reshaper                       | No P&L data for CIPLA/P&L Consolidated
2026-05-30 13:44:09 | INFO     | query_engine                   | SQL: SELECT financial_item, year, value, units FROM financials WHERE company_id = 'CIPLA'   AND financial_category = 'P&L'   AND is_active = TRUE…
2026-05-30 13:44:09 | WARNING  | reshaper                       | No P&L data for CIPLA/P&L
2026-05-30 13:44:09 | INFO     | query_engine                   | SQL: SELECT financial_item, year, value, units FROM financials WHERE company_id = 'DRL'   AND financial_category = 'P&L Consolidated'   AND is_active = TRUE…
2026-05-30 13:44:09 | WARNING  | reshaper                       | No P&L data for DRL/P&L Consolidated
2026-05-30 13:44:09 | INFO     | query_engine                   | SQL: SELECT financial_item, year, value, units FROM financials WHERE company_id = 'DRL'   AND financial_category = 'P&L'   AND is_active = TRUE…
2026-05-30 13:44:09 | INFO     | cost_structure | Running cost structure analysis …
2026-05-30 13:44:09 | INFO     | cost_structure | Cost structure analysis complete.
2026-05-30 13:44:09 | INFO     | query_engine                   | SQL: SELECT financial_item, year, value, units FROM financials WHERE company_id = 'LUPIN'   AND financial_category = 'P&L Consolidated'   AND is_active = TRUE…
2026-05-30 13:44:09 | WARNING  | reshaper                       | No P&L data for LUPIN/P&L Consolidated
2026-05-30 13:44:09 | INFO     | query_engine                   | SQL: SELECT financial_item, year, value, units FROM financials WHERE company_id = 'LUPIN'   AND financial_category = 'P&L'   AND is_active = TRUE…
2026-05-30 13:44:09 | WARNING  | reshaper                       | No P&L data for LUPIN/P&L
2026-05-30 13:44:09 | INFO     | query_engine                   | SQL: SELECT financial_item, year, value, units FROM financials WHERE company_id = 'SUN'   AND financial_category = 'P&L Consolidated'   AND is_active = TRUE…
2026-05-30 13:44:09 | INFO     | cost_structure | Running cost structure analysis …
2026-05-30 13:44:10 | INFO     | cost_structure | Cost structure analysis complete.
2026-05-30 13:44:10 | INFO     | query_engine                   | DuckDB views registered: financials, financials_latest, company_master, sector_mapping, audit_log
2026-05-30 13:44:10 | INFO     | query_engine                   | SQL: SELECT financial_item, financial_category, year, value, units FROM financials WHERE company_id = 'CIPLA' AND is_active = TRUE ORDER BY year DESC, financial_item…
2026-05-30 13:44:10 | INFO     | query_engine                   | SQL: SELECT financial_item, financial_category, year, value, units FROM financials WHERE company_id = 'DRL' AND is_active = TRUE ORDER BY year DESC, financial_item…
2026-05-30 13:44:10 | INFO     | query_engine                   | SQL: SELECT financial_item, year, value, units FROM financials WHERE company_id = 'DRL'   AND financial_category = 'P&L Consolidated'   AND is_active = TRUE…
2026-05-30 13:44:10 | WARNING  | reshaper                       | No P&L data for DRL/P&L Consolidated
2026-05-30 13:44:10 | INFO     | query_engine                   | SQL: SELECT financial_item, financial_category, year, value, units FROM financials WHERE company_id = 'LUPIN' AND is_active = TRUE ORDER BY year DESC, financial_item…
2026-05-30 13:44:10 | INFO     | query_engine                   | SQL: SELECT financial_item, financial_category, year, value, units FROM financials WHERE company_id = 'SUN' AND is_active = TRUE ORDER BY year DESC, financial_item…
2026-05-30 13:44:10 | INFO     | query_engine                   | SQL: SELECT financial_item, year, value, units FROM financials WHERE company_id = 'SUN'   AND financial_category = 'P&L Consolidated'   AND is_active = TRUE…
2026-05-30 13:44:10 | INFO     | cost_structure | Running cost structure analysis …
2026-05-30 13:44:10 | INFO     | cost_structure | Cost structure analysis complete.
2026-05-30 13:44:11 | INFO     | query_engine                   | DuckDB views registered: financials, financials_latest, company_master, sector_mapping, audit_log
2026-05-30 13:44:11 | INFO     | query_engine                   | SQL:              SELECT c.company_id, c.company_name,                 MAX(CASE WHEN f.financial_item='Revenue from Operations' THEN f.value END) as revenue,                 MAX(CASE WHEN f.financial_item=…
2026-05-30 13:44:11 | INFO     | query_engine                   | SQL: SELECT financial_item, financial_category, year, value, units FROM financials WHERE company_id = 'SUN' AND is_active = TRUE ORDER BY year DESC, financial_item…
2026-05-30 13:44:11 | INFO     | query_engine                   | SQL: SELECT financial_item, year, value, units FROM financials WHERE company_id = 'SUN'   AND financial_category = 'P&L Consolidated'   AND is_active = TRUE…
2026-05-30 13:44:11 | INFO     | cost_structure | Running cost structure analysis …
2026-05-30 13:44:11 | INFO     | cost_structure | Cost structure analysis complete.
2026-05-30 13:44:11 | INFO     | query_engine                   | SQL: SELECT financial_item, financial_category, year, value, units FROM financials WHERE company_id = 'DRL' AND is_active = TRUE ORDER BY year DESC, financial_item…
2026-05-30 13:44:11 | INFO     | query_engine                   | SQL: SELECT financial_item, year, value, units FROM financials WHERE company_id = 'DRL'   AND financial_category = 'P&L Consolidated'   AND is_active = TRUE…
2026-05-30 13:44:11 | WARNING  | reshaper                       | No P&L data for DRL/P&L Consolidated
2026-05-30 13:52:19 | INFO     | query_engine                   | DuckDB views registered: financials, financials_latest, company_master, sector_mapping, audit_log
2026-05-30 13:52:19 | INFO     | query_engine                   | SQL: SELECT financial_item, year, value, units FROM financials WHERE company_id = 'CIPLA'   AND financial_category = 'P&L Consolidated'   AND is_active = TRUE…
2026-05-30 13:52:19 | WARNING  | reshaper                       | No P&L data for CIPLA/P&L Consolidated
2026-05-30 13:52:19 | INFO     | query_engine                   | SQL: SELECT financial_item, year, value, units FROM financials WHERE company_id = 'CIPLA'   AND financial_category = 'P&L'   AND is_active = TRUE…
2026-05-30 13:52:19 | WARNING  | reshaper                       | No P&L data for CIPLA/P&L
2026-05-30 13:52:19 | INFO     | query_engine                   | SQL: SELECT financial_item, year, value, units FROM financials WHERE company_id = 'DRL'   AND financial_category = 'P&L Consolidated'   AND is_active = TRUE…
2026-05-30 13:52:19 | WARNING  | reshaper                       | No P&L data for DRL/P&L Consolidated
2026-05-30 13:52:19 | INFO     | query_engine                   | SQL: SELECT financial_item, year, value, units FROM financials WHERE company_id = 'DRL'   AND financial_category = 'P&L'   AND is_active = TRUE…
2026-05-30 13:52:19 | INFO     | cost_structure | Running cost structure analysis …
2026-05-30 13:52:20 | INFO     | cost_structure | Cost structure analysis complete.
2026-05-30 13:52:20 | INFO     | query_engine                   | SQL: SELECT financial_item, year, value, units FROM financials WHERE company_id = 'LUPIN'   AND financial_category = 'P&L Consolidated'   AND is_active = TRUE…
2026-05-30 13:52:20 | WARNING  | reshaper                       | No P&L data for LUPIN/P&L Consolidated
2026-05-30 13:52:20 | INFO     | query_engine                   | SQL: SELECT financial_item, year, value, units FROM financials WHERE company_id = 'LUPIN'   AND financial_category = 'P&L'   AND is_active = TRUE…
2026-05-30 13:52:20 | WARNING  | reshaper                       | No P&L data for LUPIN/P&L
2026-05-30 13:52:20 | INFO     | query_engine                   | SQL: SELECT financial_item, year, value, units FROM financials WHERE company_id = 'SUN'   AND financial_category = 'P&L Consolidated'   AND is_active = TRUE…
2026-05-30 13:52:20 | INFO     | cost_structure | Running cost structure analysis …
2026-05-30 13:52:20 | INFO     | cost_structure | Cost structure analysis complete.
2026-05-30 13:52:20 | INFO     | query_engine                   | DuckDB views registered: financials, financials_latest, company_master, sector_mapping, audit_log
2026-05-30 13:52:20 | INFO     | query_engine                   | SQL: SELECT financial_item, financial_category, year, value, units FROM financials WHERE company_id = 'CIPLA' AND is_active = TRUE ORDER BY year DESC, financial_item…
2026-05-30 13:52:20 | INFO     | query_engine                   | SQL: SELECT financial_item, financial_category, year, value, units FROM financials WHERE company_id = 'DRL' AND is_active = TRUE ORDER BY year DESC, financial_item…
2026-05-30 13:52:20 | INFO     | query_engine                   | SQL: SELECT financial_item, year, value, units FROM financials WHERE company_id = 'DRL'   AND financial_category = 'P&L Consolidated'   AND is_active = TRUE…
2026-05-30 13:52:20 | WARNING  | reshaper                       | No P&L data for DRL/P&L Consolidated
2026-05-30 13:52:20 | INFO     | query_engine                   | SQL: SELECT financial_item, financial_category, year, value, units FROM financials WHERE company_id = 'LUPIN' AND is_active = TRUE ORDER BY year DESC, financial_item…
2026-05-30 13:52:20 | INFO     | query_engine                   | SQL: SELECT financial_item, financial_category, year, value, units FROM financials WHERE company_id = 'SUN' AND is_active = TRUE ORDER BY year DESC, financial_item…
2026-05-30 13:52:20 | INFO     | query_engine                   | SQL: SELECT financial_item, year, value, units FROM financials WHERE company_id = 'SUN'   AND financial_category = 'P&L Consolidated'   AND is_active = TRUE…
2026-05-30 13:52:21 | INFO     | cost_structure | Running cost structure analysis …
2026-05-30 13:52:21 | INFO     | cost_structure | Cost structure analysis complete.
2026-05-30 13:52:21 | INFO     | query_engine                   | DuckDB views registered: financials, financials_latest, company_master, sector_mapping, audit_log
2026-05-30 13:52:21 | INFO     | query_engine                   | SQL:              SELECT c.company_id, c.company_name,                 MAX(CASE WHEN f.financial_item='Revenue from Operations' THEN f.value END) as revenue,                 MAX(CASE WHEN f.financial_item=…
2026-05-30 13:52:21 | INFO     | query_engine                   | SQL: SELECT financial_item, financial_category, year, value, units FROM financials WHERE company_id = 'SUN' AND is_active = TRUE ORDER BY year DESC, financial_item…
2026-05-30 13:52:21 | INFO     | query_engine                   | SQL: SELECT financial_item, year, value, units FROM financials WHERE company_id = 'SUN'   AND financial_category = 'P&L Consolidated'   AND is_active = TRUE…
2026-05-30 13:52:21 | INFO     | cost_structure | Running cost structure analysis …
2026-05-30 13:52:22 | INFO     | cost_structure | Cost structure analysis complete.
2026-05-30 13:52:22 | INFO     | query_engine                   | SQL: SELECT financial_item, financial_category, year, value, units FROM financials WHERE company_id = 'DRL' AND is_active = TRUE ORDER BY year DESC, financial_item…
2026-05-30 13:52:22 | INFO     | query_engine                   | SQL: SELECT financial_item, year, value, units FROM financials WHERE company_id = 'DRL'   AND financial_category = 'P&L Consolidated'   AND is_active = TRUE…
2026-05-30 13:52:22 | WARNING  | reshaper                       | No P&L data for DRL/P&L Consolidated
2026-05-30 13:52:32 | INFO     | query_engine                   | DuckDB views registered: financials, financials_latest, company_master, sector_mapping, audit_log
2026-05-30 13:52:32 | INFO     | query_engine                   | SQL: SELECT financial_item, year, value, units FROM financials WHERE company_id = 'CIPLA'   AND financial_category = 'P&L Consolidated'   AND is_active = TRUE…
2026-05-30 13:52:32 | WARNING  | reshaper                       | No P&L data for CIPLA/P&L Consolidated
2026-05-30 13:52:32 | INFO     | query_engine                   | SQL: SELECT financial_item, year, value, units FROM financials WHERE company_id = 'CIPLA'   AND financial_category = 'P&L'   AND is_active = TRUE…
2026-05-30 13:52:32 | WARNING  | reshaper                       | No P&L data for CIPLA/P&L
2026-05-30 13:52:32 | INFO     | query_engine                   | SQL: SELECT financial_item, year, value, units FROM financials WHERE company_id = 'DRL'   AND financial_category = 'P&L Consolidated'   AND is_active = TRUE…
2026-05-30 13:52:32 | WARNING  | reshaper                       | No P&L data for DRL/P&L Consolidated
2026-05-30 13:52:32 | INFO     | query_engine                   | SQL: SELECT financial_item, year, value, units FROM financials WHERE company_id = 'DRL'   AND financial_category = 'P&L'   AND is_active = TRUE…
2026-05-30 13:52:32 | INFO     | cost_structure | Running cost structure analysis …
2026-05-30 13:52:33 | INFO     | cost_structure | Cost structure analysis complete.
2026-05-30 13:52:33 | INFO     | query_engine                   | SQL: SELECT financial_item, year, value, units FROM financials WHERE company_id = 'LUPIN'   AND financial_category = 'P&L Consolidated'   AND is_active = TRUE…
2026-05-30 13:52:33 | WARNING  | reshaper                       | No P&L data for LUPIN/P&L Consolidated
2026-05-30 13:52:33 | INFO     | query_engine                   | SQL: SELECT financial_item, year, value, units FROM financials WHERE company_id = 'LUPIN'   AND financial_category = 'P&L'   AND is_active = TRUE…
2026-05-30 13:52:33 | WARNING  | reshaper                       | No P&L data for LUPIN/P&L
2026-05-30 13:52:33 | INFO     | query_engine                   | SQL: SELECT financial_item, year, value, units FROM financials WHERE company_id = 'SUN'   AND financial_category = 'P&L Consolidated'   AND is_active = TRUE…
2026-05-30 13:52:33 | INFO     | cost_structure | Running cost structure analysis …
2026-05-30 13:52:33 | INFO     | cost_structure | Cost structure analysis complete.
2026-05-30 13:52:33 | INFO     | query_engine                   | DuckDB views registered: financials, financials_latest, company_master, sector_mapping, audit_log
2026-05-30 13:52:33 | INFO     | query_engine                   | SQL: SELECT financial_item, financial_category, year, value, units FROM financials WHERE company_id = 'CIPLA' AND is_active = TRUE ORDER BY year DESC, financial_item…
2026-05-30 13:52:33 | INFO     | query_engine                   | SQL: SELECT financial_item, financial_category, year, value, units FROM financials WHERE company_id = 'DRL' AND is_active = TRUE ORDER BY year DESC, financial_item…
2026-05-30 13:52:33 | INFO     | query_engine                   | SQL: SELECT financial_item, year, value, units FROM financials WHERE company_id = 'DRL'   AND financial_category = 'P&L Consolidated'   AND is_active = TRUE…
2026-05-30 13:52:33 | WARNING  | reshaper                       | No P&L data for DRL/P&L Consolidated
2026-05-30 13:52:34 | INFO     | query_engine                   | SQL: SELECT financial_item, financial_category, year, value, units FROM financials WHERE company_id = 'LUPIN' AND is_active = TRUE ORDER BY year DESC, financial_item…
2026-05-30 13:52:34 | INFO     | query_engine                   | SQL: SELECT financial_item, financial_category, year, value, units FROM financials WHERE company_id = 'SUN' AND is_active = TRUE ORDER BY year DESC, financial_item…
2026-05-30 13:52:34 | INFO     | query_engine                   | SQL: SELECT financial_item, year, value, units FROM financials WHERE company_id = 'SUN'   AND financial_category = 'P&L Consolidated'   AND is_active = TRUE…
2026-05-30 13:52:34 | INFO     | cost_structure | Running cost structure analysis …
2026-05-30 13:52:34 | INFO     | cost_structure | Cost structure analysis complete.
2026-05-30 13:52:34 | INFO     | query_engine                   | DuckDB views registered: financials, financials_latest, company_master, sector_mapping, audit_log
2026-05-30 13:52:34 | INFO     | query_engine                   | SQL:              SELECT c.company_id, c.company_name,                 MAX(CASE WHEN f.financial_item='Revenue from Operations' THEN f.value END) as revenue,                 MAX(CASE WHEN f.financial_item=…
2026-05-30 13:52:34 | INFO     | query_engine                   | SQL: SELECT financial_item, financial_category, year, value, units FROM financials WHERE company_id = 'SUN' AND is_active = TRUE ORDER BY year DESC, financial_item…
2026-05-30 13:52:34 | INFO     | query_engine                   | SQL: SELECT financial_item, year, value, units FROM financials WHERE company_id = 'SUN'   AND financial_category = 'P&L Consolidated'   AND is_active = TRUE…
2026-05-30 13:52:34 | INFO     | cost_structure | Running cost structure analysis …
2026-05-30 13:52:35 | INFO     | cost_structure | Cost structure analysis complete.
2026-05-30 13:52:35 | INFO     | query_engine                   | SQL: SELECT financial_item, financial_category, year, value, units FROM financials WHERE company_id = 'DRL' AND is_active = TRUE ORDER BY year DESC, financial_item…
2026-05-30 13:52:35 | INFO     | query_engine                   | SQL: SELECT financial_item, year, value, units FROM financials WHERE company_id = 'DRL'   AND financial_category = 'P&L Consolidated'   AND is_active = TRUE…
2026-05-30 13:52:35 | WARNING  | reshaper                       | No P&L data for DRL/P&L Consolidated
2026-05-30 13:52:51 | INFO     | query_engine                   | DuckDB views registered: financials, financials_latest, company_master, sector_mapping, audit_log
2026-05-30 13:52:51 | INFO     | query_engine                   | SQL: SELECT financial_item, year, value, units FROM financials WHERE company_id = 'CIPLA'   AND financial_category = 'P&L Consolidated'   AND is_active = TRUE…
2026-05-30 13:52:51 | WARNING  | reshaper                       | No P&L data for CIPLA/P&L Consolidated
2026-05-30 13:52:51 | INFO     | query_engine                   | SQL: SELECT financial_item, year, value, units FROM financials WHERE company_id = 'CIPLA'   AND financial_category = 'P&L'   AND is_active = TRUE…
2026-05-30 13:52:51 | WARNING  | reshaper                       | No P&L data for CIPLA/P&L
2026-05-30 13:52:51 | INFO     | query_engine                   | SQL: SELECT financial_item, year, value, units FROM financials WHERE company_id = 'DRL'   AND financial_category = 'P&L Consolidated'   AND is_active = TRUE…
2026-05-30 13:52:51 | WARNING  | reshaper                       | No P&L data for DRL/P&L Consolidated
2026-05-30 13:52:51 | INFO     | query_engine                   | SQL: SELECT financial_item, year, value, units FROM financials WHERE company_id = 'DRL'   AND financial_category = 'P&L'   AND is_active = TRUE…
2026-05-30 13:52:51 | INFO     | cost_structure | Running cost structure analysis …
2026-05-30 13:52:51 | INFO     | cost_structure | Cost structure analysis complete.
2026-05-30 13:52:51 | INFO     | query_engine                   | SQL: SELECT financial_item, year, value, units FROM financials WHERE company_id = 'LUPIN'   AND financial_category = 'P&L Consolidated'   AND is_active = TRUE…
2026-05-30 13:52:51 | WARNING  | reshaper                       | No P&L data for LUPIN/P&L Consolidated
2026-05-30 13:52:51 | INFO     | query_engine                   | SQL: SELECT financial_item, year, value, units FROM financials WHERE company_id = 'LUPIN'   AND financial_category = 'P&L'   AND is_active = TRUE…
2026-05-30 13:52:51 | WARNING  | reshaper                       | No P&L data for LUPIN/P&L
2026-05-30 13:52:51 | INFO     | query_engine                   | SQL: SELECT financial_item, year, value, units FROM financials WHERE company_id = 'SUN'   AND financial_category = 'P&L Consolidated'   AND is_active = TRUE…
2026-05-30 13:52:51 | INFO     | cost_structure | Running cost structure analysis …
2026-05-30 13:52:52 | INFO     | cost_structure | Cost structure analysis complete.
2026-05-30 13:52:52 | INFO     | query_engine                   | DuckDB views registered: financials, financials_latest, company_master, sector_mapping, audit_log
2026-05-30 13:52:52 | INFO     | query_engine                   | SQL: SELECT financial_item, financial_category, year, value, units FROM financials WHERE company_id = 'CIPLA' AND is_active = TRUE ORDER BY year DESC, financial_item…
2026-05-30 13:52:52 | INFO     | query_engine                   | SQL: SELECT financial_item, financial_category, year, value, units FROM financials WHERE company_id = 'DRL' AND is_active = TRUE ORDER BY year DESC, financial_item…
2026-05-30 13:52:52 | INFO     | query_engine                   | SQL: SELECT financial_item, year, value, units FROM financials WHERE company_id = 'DRL'   AND financial_category = 'P&L Consolidated'   AND is_active = TRUE…
2026-05-30 13:52:52 | WARNING  | reshaper                       | No P&L data for DRL/P&L Consolidated
2026-05-30 13:52:52 | INFO     | query_engine                   | SQL: SELECT financial_item, financial_category, year, value, units FROM financials WHERE company_id = 'LUPIN' AND is_active = TRUE ORDER BY year DESC, financial_item…
2026-05-30 13:52:52 | INFO     | query_engine                   | SQL: SELECT financial_item, financial_category, year, value, units FROM financials WHERE company_id = 'SUN' AND is_active = TRUE ORDER BY year DESC, financial_item…
2026-05-30 13:52:52 | INFO     | query_engine                   | SQL: SELECT financial_item, year, value, units FROM financials WHERE company_id = 'SUN'   AND financial_category = 'P&L Consolidated'   AND is_active = TRUE…
2026-05-30 13:52:52 | INFO     | cost_structure | Running cost structure analysis …
2026-05-30 13:52:53 | INFO     | cost_structure | Cost structure analysis complete.
2026-05-30 13:52:53 | INFO     | query_engine                   | DuckDB views registered: financials, financials_latest, company_master, sector_mapping, audit_log
2026-05-30 13:52:53 | INFO     | query_engine                   | SQL:              SELECT c.company_id, c.company_name,                 MAX(CASE WHEN f.financial_item='Revenue from Operations' THEN f.value END) as revenue,                 MAX(CASE WHEN f.financial_item=…
2026-05-30 13:52:53 | INFO     | query_engine                   | SQL: SELECT financial_item, financial_category, year, value, units FROM financials WHERE company_id = 'SUN' AND is_active = TRUE ORDER BY year DESC, financial_item…
2026-05-30 13:52:53 | INFO     | query_engine                   | SQL: SELECT financial_item, year, value, units FROM financials WHERE company_id = 'SUN'   AND financial_category = 'P&L Consolidated'   AND is_active = TRUE…
2026-05-30 13:52:53 | INFO     | cost_structure | Running cost structure analysis …
2026-05-30 13:52:53 | INFO     | cost_structure | Cost structure analysis complete.
2026-05-30 13:52:54 | INFO     | query_engine                   | SQL: SELECT financial_item, financial_category, year, value, units FROM financials WHERE company_id = 'DRL' AND is_active = TRUE ORDER BY year DESC, financial_item…
2026-05-30 13:52:54 | INFO     | query_engine                   | SQL: SELECT financial_item, year, value, units FROM financials WHERE company_id = 'DRL'   AND financial_category = 'P&L Consolidated'   AND is_active = TRUE…
2026-05-30 13:52:54 | WARNING  | reshaper                       | No P&L data for DRL/P&L Consolidated
2026-05-30 13:53:04 | INFO     | query_engine                   | DuckDB views registered: financials, financials_latest, company_master, sector_mapping, audit_log
2026-05-30 13:53:04 | INFO     | query_engine                   | SQL: SELECT financial_item, year, value, units FROM financials WHERE company_id = 'CIPLA'   AND financial_category = 'P&L Consolidated'   AND is_active = TRUE…
2026-05-30 13:53:04 | WARNING  | reshaper                       | No P&L data for CIPLA/P&L Consolidated
2026-05-30 13:53:04 | INFO     | query_engine                   | SQL: SELECT financial_item, year, value, units FROM financials WHERE company_id = 'CIPLA'   AND financial_category = 'P&L'   AND is_active = TRUE…
2026-05-30 13:53:04 | WARNING  | reshaper                       | No P&L data for CIPLA/P&L
2026-05-30 13:53:04 | INFO     | query_engine                   | SQL: SELECT financial_item, year, value, units FROM financials WHERE company_id = 'DRL'   AND financial_category = 'P&L Consolidated'   AND is_active = TRUE…
2026-05-30 13:53:04 | WARNING  | reshaper                       | No P&L data for DRL/P&L Consolidated
2026-05-30 13:53:04 | INFO     | query_engine                   | SQL: SELECT financial_item, year, value, units FROM financials WHERE company_id = 'DRL'   AND financial_category = 'P&L'   AND is_active = TRUE…
2026-05-30 13:53:04 | INFO     | cost_structure | Running cost structure analysis …
2026-05-30 13:53:04 | INFO     | cost_structure | Cost structure analysis complete.
2026-05-30 13:53:04 | INFO     | query_engine                   | SQL: SELECT financial_item, year, value, units FROM financials WHERE company_id = 'LUPIN'   AND financial_category = 'P&L Consolidated'   AND is_active = TRUE…
2026-05-30 13:53:04 | WARNING  | reshaper                       | No P&L data for LUPIN/P&L Consolidated
2026-05-30 13:53:04 | INFO     | query_engine                   | SQL: SELECT financial_item, year, value, units FROM financials WHERE company_id = 'LUPIN'   AND financial_category = 'P&L'   AND is_active = TRUE…
2026-05-30 13:53:04 | WARNING  | reshaper                       | No P&L data for LUPIN/P&L
2026-05-30 13:53:04 | INFO     | query_engine                   | SQL: SELECT financial_item, year, value, units FROM financials WHERE company_id = 'SUN'   AND financial_category = 'P&L Consolidated'   AND is_active = TRUE…
2026-05-30 13:53:04 | INFO     | cost_structure | Running cost structure analysis …
2026-05-30 13:53:05 | INFO     | cost_structure | Cost structure analysis complete.
2026-05-30 13:53:05 | INFO     | query_engine                   | DuckDB views registered: financials, financials_latest, company_master, sector_mapping, audit_log
2026-05-30 13:53:05 | INFO     | query_engine                   | SQL: SELECT financial_item, financial_category, year, value, units FROM financials WHERE company_id = 'CIPLA' AND is_active = TRUE ORDER BY year DESC, financial_item…
2026-05-30 13:53:05 | INFO     | query_engine                   | SQL: SELECT financial_item, financial_category, year, value, units FROM financials WHERE company_id = 'DRL' AND is_active = TRUE ORDER BY year DESC, financial_item…
2026-05-30 13:53:05 | INFO     | query_engine                   | SQL: SELECT financial_item, year, value, units FROM financials WHERE company_id = 'DRL'   AND financial_category = 'P&L Consolidated'   AND is_active = TRUE…
2026-05-30 13:53:05 | WARNING  | reshaper                       | No P&L data for DRL/P&L Consolidated
2026-05-30 13:53:05 | INFO     | query_engine                   | SQL: SELECT financial_item, financial_category, year, value, units FROM financials WHERE company_id = 'LUPIN' AND is_active = TRUE ORDER BY year DESC, financial_item…
2026-05-30 13:53:05 | INFO     | query_engine                   | SQL: SELECT financial_item, financial_category, year, value, units FROM financials WHERE company_id = 'SUN' AND is_active = TRUE ORDER BY year DESC, financial_item…
2026-05-30 13:53:05 | INFO     | query_engine                   | SQL: SELECT financial_item, year, value, units FROM financials WHERE company_id = 'SUN'   AND financial_category = 'P&L Consolidated'   AND is_active = TRUE…
2026-05-30 13:53:05 | INFO     | cost_structure | Running cost structure analysis …
2026-05-30 13:53:05 | INFO     | cost_structure | Cost structure analysis complete.
2026-05-30 13:53:06 | INFO     | query_engine                   | DuckDB views registered: financials, financials_latest, company_master, sector_mapping, audit_log
2026-05-30 13:53:06 | INFO     | query_engine                   | SQL:              SELECT c.company_id, c.company_name,                 MAX(CASE WHEN f.financial_item='Revenue from Operations' THEN f.value END) as revenue,                 MAX(CASE WHEN f.financial_item=…
2026-05-30 13:53:06 | INFO     | query_engine                   | SQL: SELECT financial_item, financial_category, year, value, units FROM financials WHERE company_id = 'SUN' AND is_active = TRUE ORDER BY year DESC, financial_item…
2026-05-30 13:53:06 | INFO     | query_engine                   | SQL: SELECT financial_item, year, value, units FROM financials WHERE company_id = 'SUN'   AND financial_category = 'P&L Consolidated'   AND is_active = TRUE…
2026-05-30 13:53:06 | INFO     | cost_structure | Running cost structure analysis …
2026-05-30 13:53:06 | INFO     | cost_structure | Cost structure analysis complete.
2026-05-30 13:53:07 | INFO     | query_engine                   | SQL: SELECT financial_item, financial_category, year, value, units FROM financials WHERE company_id = 'DRL' AND is_active = TRUE ORDER BY year DESC, financial_item…
2026-05-30 13:53:07 | INFO     | query_engine                   | SQL: SELECT financial_item, year, value, units FROM financials WHERE company_id = 'DRL'   AND financial_category = 'P&L Consolidated'   AND is_active = TRUE…
2026-05-30 13:53:07 | WARNING  | reshaper                       | No P&L data for DRL/P&L Consolidated
2026-05-30 13:53:16 | INFO     | query_engine                   | DuckDB views registered: financials, financials_latest, company_master, sector_mapping, audit_log
2026-05-30 13:53:16 | INFO     | query_engine                   | SQL: SELECT financial_item, year, value, units FROM financials WHERE company_id = 'CIPLA'   AND financial_category = 'P&L Consolidated'   AND is_active = TRUE…
2026-05-30 13:53:16 | WARNING  | reshaper                       | No P&L data for CIPLA/P&L Consolidated
2026-05-30 13:53:16 | INFO     | query_engine                   | SQL: SELECT financial_item, year, value, units FROM financials WHERE company_id = 'CIPLA'   AND financial_category = 'P&L'   AND is_active = TRUE…
2026-05-30 13:53:16 | WARNING  | reshaper                       | No P&L data for CIPLA/P&L
2026-05-30 13:53:16 | INFO     | query_engine                   | SQL: SELECT financial_item, year, value, units FROM financials WHERE company_id = 'DRL'   AND financial_category = 'P&L Consolidated'   AND is_active = TRUE…
2026-05-30 13:53:16 | WARNING  | reshaper                       | No P&L data for DRL/P&L Consolidated
2026-05-30 13:53:16 | INFO     | query_engine                   | SQL: SELECT financial_item, year, value, units FROM financials WHERE company_id = 'DRL'   AND financial_category = 'P&L'   AND is_active = TRUE…
2026-05-30 13:53:16 | INFO     | cost_structure | Running cost structure analysis …
2026-05-30 13:53:16 | INFO     | cost_structure | Cost structure analysis complete.
2026-05-30 13:53:16 | INFO     | query_engine                   | SQL: SELECT financial_item, year, value, units FROM financials WHERE company_id = 'LUPIN'   AND financial_category = 'P&L Consolidated'   AND is_active = TRUE…
2026-05-30 13:53:16 | WARNING  | reshaper                       | No P&L data for LUPIN/P&L Consolidated
2026-05-30 13:53:16 | INFO     | query_engine                   | SQL: SELECT financial_item, year, value, units FROM financials WHERE company_id = 'LUPIN'   AND financial_category = 'P&L'   AND is_active = TRUE…
2026-05-30 13:53:16 | WARNING  | reshaper                       | No P&L data for LUPIN/P&L
2026-05-30 13:53:16 | INFO     | query_engine                   | SQL: SELECT financial_item, year, value, units FROM financials WHERE company_id = 'SUN'   AND financial_category = 'P&L Consolidated'   AND is_active = TRUE…
2026-05-30 13:53:16 | INFO     | cost_structure | Running cost structure analysis …
2026-05-30 13:53:17 | INFO     | cost_structure | Cost structure analysis complete.
2026-05-30 13:53:17 | INFO     | query_engine                   | DuckDB views registered: financials, financials_latest, company_master, sector_mapping, audit_log
2026-05-30 13:53:17 | INFO     | query_engine                   | SQL: SELECT financial_item, financial_category, year, value, units FROM financials WHERE company_id = 'CIPLA' AND is_active = TRUE ORDER BY year DESC, financial_item…
2026-05-30 13:53:17 | INFO     | query_engine                   | SQL: SELECT financial_item, financial_category, year, value, units FROM financials WHERE company_id = 'DRL' AND is_active = TRUE ORDER BY year DESC, financial_item…
2026-05-30 13:53:17 | INFO     | query_engine                   | SQL: SELECT financial_item, year, value, units FROM financials WHERE company_id = 'DRL'   AND financial_category = 'P&L Consolidated'   AND is_active = TRUE…
2026-05-30 13:53:17 | WARNING  | reshaper                       | No P&L data for DRL/P&L Consolidated
2026-05-30 13:53:17 | INFO     | query_engine                   | SQL: SELECT financial_item, financial_category, year, value, units FROM financials WHERE company_id = 'LUPIN' AND is_active = TRUE ORDER BY year DESC, financial_item…
2026-05-30 13:53:17 | INFO     | query_engine                   | SQL: SELECT financial_item, financial_category, year, value, units FROM financials WHERE company_id = 'SUN' AND is_active = TRUE ORDER BY year DESC, financial_item…
2026-05-30 13:53:17 | INFO     | query_engine                   | SQL: SELECT financial_item, year, value, units FROM financials WHERE company_id = 'SUN'   AND financial_category = 'P&L Consolidated'   AND is_active = TRUE…
2026-05-30 13:53:17 | INFO     | cost_structure | Running cost structure analysis …
2026-05-30 13:53:18 | INFO     | cost_structure | Cost structure analysis complete.
2026-05-30 13:53:18 | INFO     | query_engine                   | DuckDB views registered: financials, financials_latest, company_master, sector_mapping, audit_log
2026-05-30 13:53:18 | INFO     | query_engine                   | SQL:              SELECT c.company_id, c.company_name,                 MAX(CASE WHEN f.financial_item='Revenue from Operations' THEN f.value END) as revenue,                 MAX(CASE WHEN f.financial_item=…
2026-05-30 13:53:18 | INFO     | query_engine                   | SQL: SELECT financial_item, financial_category, year, value, units FROM financials WHERE company_id = 'SUN' AND is_active = TRUE ORDER BY year DESC, financial_item…
2026-05-30 13:53:18 | INFO     | query_engine                   | SQL: SELECT financial_item, year, value, units FROM financials WHERE company_id = 'SUN'   AND financial_category = 'P&L Consolidated'   AND is_active = TRUE…
2026-05-30 13:53:18 | INFO     | cost_structure | Running cost structure analysis …
2026-05-30 13:53:19 | INFO     | cost_structure | Cost structure analysis complete.
2026-05-30 13:53:19 | INFO     | query_engine                   | SQL: SELECT financial_item, financial_category, year, value, units FROM financials WHERE company_id = 'DRL' AND is_active = TRUE ORDER BY year DESC, financial_item…
2026-05-30 13:53:19 | INFO     | query_engine                   | SQL: SELECT financial_item, year, value, units FROM financials WHERE company_id = 'DRL'   AND financial_category = 'P&L Consolidated'   AND is_active = TRUE…
2026-05-30 13:53:19 | WARNING  | reshaper                       | No P&L data for DRL/P&L Consolidated
2026-05-30 13:54:01 | INFO     | query_engine                   | DuckDB views registered: financials, financials_latest, company_master, sector_mapping, audit_log
2026-05-30 13:54:01 | INFO     | query_engine                   | SQL: SELECT financial_item, year, value, units FROM financials WHERE company_id = 'CIPLA'   AND financial_category = 'P&L Consolidated'   AND is_active = TRUE…
2026-05-30 13:54:01 | WARNING  | reshaper                       | No P&L data for CIPLA/P&L Consolidated
2026-05-30 13:54:01 | INFO     | query_engine                   | SQL: SELECT financial_item, year, value, units FROM financials WHERE company_id = 'CIPLA'   AND financial_category = 'P&L'   AND is_active = TRUE…
2026-05-30 13:54:01 | WARNING  | reshaper                       | No P&L data for CIPLA/P&L
2026-05-30 13:54:01 | INFO     | query_engine                   | SQL: SELECT financial_item, year, value, units FROM financials WHERE company_id = 'DRL'   AND financial_category = 'P&L Consolidated'   AND is_active = TRUE…
2026-05-30 13:54:01 | WARNING  | reshaper                       | No P&L data for DRL/P&L Consolidated
2026-05-30 13:54:01 | INFO     | query_engine                   | SQL: SELECT financial_item, year, value, units FROM financials WHERE company_id = 'DRL'   AND financial_category = 'P&L'   AND is_active = TRUE…
2026-05-30 13:54:01 | INFO     | cost_structure | Running cost structure analysis …
2026-05-30 13:54:02 | INFO     | cost_structure | Cost structure analysis complete.
2026-05-30 13:54:02 | INFO     | query_engine                   | SQL: SELECT financial_item, year, value, units FROM financials WHERE company_id = 'LUPIN'   AND financial_category = 'P&L Consolidated'   AND is_active = TRUE…
2026-05-30 13:54:02 | WARNING  | reshaper                       | No P&L data for LUPIN/P&L Consolidated
2026-05-30 13:54:02 | INFO     | query_engine                   | SQL: SELECT financial_item, year, value, units FROM financials WHERE company_id = 'LUPIN'   AND financial_category = 'P&L'   AND is_active = TRUE…
2026-05-30 13:54:02 | WARNING  | reshaper                       | No P&L data for LUPIN/P&L
2026-05-30 13:54:02 | INFO     | query_engine                   | SQL: SELECT financial_item, year, value, units FROM financials WHERE company_id = 'SUN'   AND financial_category = 'P&L Consolidated'   AND is_active = TRUE…
2026-05-30 13:54:02 | INFO     | cost_structure | Running cost structure analysis …
2026-05-30 13:54:02 | INFO     | cost_structure | Cost structure analysis complete.
2026-05-30 13:54:02 | INFO     | query_engine                   | DuckDB views registered: financials, financials_latest, company_master, sector_mapping, audit_log
2026-05-30 13:54:02 | INFO     | query_engine                   | SQL: SELECT financial_item, financial_category, year, value, units FROM financials WHERE company_id = 'CIPLA' AND is_active = TRUE ORDER BY year DESC, financial_item…
2026-05-30 13:54:02 | INFO     | query_engine                   | SQL: SELECT financial_item, financial_category, year, value, units FROM financials WHERE company_id = 'DRL' AND is_active = TRUE ORDER BY year DESC, financial_item…
2026-05-30 13:54:02 | INFO     | query_engine                   | SQL: SELECT financial_item, year, value, units FROM financials WHERE company_id = 'DRL'   AND financial_category = 'P&L Consolidated'   AND is_active = TRUE…
2026-05-30 13:54:02 | WARNING  | reshaper                       | No P&L data for DRL/P&L Consolidated
2026-05-30 13:54:02 | INFO     | query_engine                   | SQL: SELECT financial_item, financial_category, year, value, units FROM financials WHERE company_id = 'LUPIN' AND is_active = TRUE ORDER BY year DESC, financial_item…
2026-05-30 13:54:02 | INFO     | query_engine                   | SQL: SELECT financial_item, financial_category, year, value, units FROM financials WHERE company_id = 'SUN' AND is_active = TRUE ORDER BY year DESC, financial_item…
2026-05-30 13:54:03 | INFO     | query_engine                   | SQL: SELECT financial_item, year, value, units FROM financials WHERE company_id = 'SUN'   AND financial_category = 'P&L Consolidated'   AND is_active = TRUE…
2026-05-30 13:54:03 | INFO     | cost_structure | Running cost structure analysis …
2026-05-30 13:54:03 | INFO     | cost_structure | Cost structure analysis complete.
2026-05-30 13:54:03 | INFO     | query_engine                   | DuckDB views registered: financials, financials_latest, company_master, sector_mapping, audit_log
2026-05-30 13:54:03 | INFO     | query_engine                   | SQL:              SELECT c.company_id, c.company_name,                 MAX(CASE WHEN f.financial_item='Revenue from Operations' THEN f.value END) as revenue,                 MAX(CASE WHEN f.financial_item=…
2026-05-30 13:54:03 | INFO     | query_engine                   | SQL: SELECT financial_item, financial_category, year, value, units FROM financials WHERE company_id = 'SUN' AND is_active = TRUE ORDER BY year DESC, financial_item…
2026-05-30 13:54:03 | INFO     | query_engine                   | SQL: SELECT financial_item, year, value, units FROM financials WHERE company_id = 'SUN'   AND financial_category = 'P&L Consolidated'   AND is_active = TRUE…
2026-05-30 13:54:03 | INFO     | cost_structure | Running cost structure analysis …
2026-05-30 13:54:04 | INFO     | cost_structure | Cost structure analysis complete.
2026-05-30 13:54:04 | INFO     | query_engine                   | SQL: SELECT financial_item, financial_category, year, value, units FROM financials WHERE company_id = 'DRL' AND is_active = TRUE ORDER BY year DESC, financial_item…
2026-05-30 13:54:04 | INFO     | query_engine                   | SQL: SELECT financial_item, year, value, units FROM financials WHERE company_id = 'DRL'   AND financial_category = 'P&L Consolidated'   AND is_active = TRUE…
2026-05-30 13:54:04 | WARNING  | reshaper                       | No P&L data for DRL/P&L Consolidated
2026-05-30 13:55:42 | INFO     | query_engine                   | DuckDB views registered: financials, financials_latest, company_master, sector_mapping, audit_log
2026-05-30 13:55:42 | INFO     | query_engine                   | SQL: SELECT financial_item, year, value, units FROM financials WHERE company_id = 'CIPLA'   AND financial_category = 'P&L Consolidated'   AND is_active = TRUE…
2026-05-30 13:55:42 | WARNING  | reshaper                       | No P&L data for CIPLA/P&L Consolidated
2026-05-30 13:55:42 | INFO     | query_engine                   | SQL: SELECT financial_item, year, value, units FROM financials WHERE company_id = 'CIPLA'   AND financial_category = 'P&L'   AND is_active = TRUE…
2026-05-30 13:55:42 | WARNING  | reshaper                       | No P&L data for CIPLA/P&L
2026-05-30 13:55:42 | INFO     | query_engine                   | SQL: SELECT financial_item, year, value, units FROM financials WHERE company_id = 'DRL'   AND financial_category = 'P&L Consolidated'   AND is_active = TRUE…
2026-05-30 13:55:42 | WARNING  | reshaper                       | No P&L data for DRL/P&L Consolidated
2026-05-30 13:55:42 | INFO     | query_engine                   | SQL: SELECT financial_item, year, value, units FROM financials WHERE company_id = 'DRL'   AND financial_category = 'P&L'   AND is_active = TRUE…
2026-05-30 13:55:42 | INFO     | cost_structure | Running cost structure analysis …
2026-05-30 13:55:43 | INFO     | cost_structure | Cost structure analysis complete.
2026-05-30 13:55:43 | INFO     | query_engine                   | SQL: SELECT financial_item, year, value, units FROM financials WHERE company_id = 'LUPIN'   AND financial_category = 'P&L Consolidated'   AND is_active = TRUE…
2026-05-30 13:55:43 | WARNING  | reshaper                       | No P&L data for LUPIN/P&L Consolidated
2026-05-30 13:55:43 | INFO     | query_engine                   | SQL: SELECT financial_item, year, value, units FROM financials WHERE company_id = 'LUPIN'   AND financial_category = 'P&L'   AND is_active = TRUE…
2026-05-30 13:55:43 | WARNING  | reshaper                       | No P&L data for LUPIN/P&L
2026-05-30 13:55:43 | INFO     | query_engine                   | SQL: SELECT financial_item, year, value, units FROM financials WHERE company_id = 'SUN'   AND financial_category = 'P&L Consolidated'   AND is_active = TRUE…
2026-05-30 13:55:43 | INFO     | cost_structure | Running cost structure analysis …
2026-05-30 13:55:43 | INFO     | cost_structure | Cost structure analysis complete.
2026-05-30 13:55:43 | INFO     | query_engine                   | DuckDB views registered: financials, financials_latest, company_master, sector_mapping, audit_log
2026-05-30 13:55:43 | INFO     | query_engine                   | SQL: SELECT financial_item, financial_category, year, value, units FROM financials WHERE company_id = 'CIPLA' AND is_active = TRUE ORDER BY year DESC, financial_item…
2026-05-30 13:55:43 | INFO     | query_engine                   | SQL: SELECT financial_item, financial_category, year, value, units FROM financials WHERE company_id = 'DRL' AND is_active = TRUE ORDER BY year DESC, financial_item…
2026-05-30 13:55:44 | INFO     | query_engine                   | SQL: SELECT financial_item, year, value, units FROM financials WHERE company_id = 'DRL'   AND financial_category = 'P&L Consolidated'   AND is_active = TRUE…
2026-05-30 13:55:44 | WARNING  | reshaper                       | No P&L data for DRL/P&L Consolidated
2026-05-30 13:55:44 | INFO     | query_engine                   | SQL: SELECT financial_item, financial_category, year, value, units FROM financials WHERE company_id = 'LUPIN' AND is_active = TRUE ORDER BY year DESC, financial_item…
2026-05-30 13:55:44 | INFO     | query_engine                   | SQL: SELECT financial_item, financial_category, year, value, units FROM financials WHERE company_id = 'SUN' AND is_active = TRUE ORDER BY year DESC, financial_item…
2026-05-30 13:55:44 | INFO     | query_engine                   | SQL: SELECT financial_item, year, value, units FROM financials WHERE company_id = 'SUN'   AND financial_category = 'P&L Consolidated'   AND is_active = TRUE…
2026-05-30 13:55:44 | INFO     | cost_structure | Running cost structure analysis …
2026-05-30 13:55:44 | INFO     | cost_structure | Cost structure analysis complete.
2026-05-30 13:55:44 | INFO     | query_engine                   | DuckDB views registered: financials, financials_latest, company_master, sector_mapping, audit_log
2026-05-30 13:55:44 | INFO     | query_engine                   | SQL:              SELECT c.company_id, c.company_name,                 MAX(CASE WHEN f.financial_item='Revenue from Operations' THEN f.value END) as revenue,                 MAX(CASE WHEN f.financial_item=…
2026-05-30 13:55:44 | INFO     | query_engine                   | SQL: SELECT financial_item, financial_category, year, value, units FROM financials WHERE company_id = 'SUN' AND is_active = TRUE ORDER BY year DESC, financial_item…
2026-05-30 13:55:45 | INFO     | query_engine                   | SQL: SELECT financial_item, year, value, units FROM financials WHERE company_id = 'SUN'   AND financial_category = 'P&L Consolidated'   AND is_active = TRUE…
2026-05-30 13:55:45 | INFO     | cost_structure | Running cost structure analysis …
2026-05-30 13:55:45 | INFO     | cost_structure | Cost structure analysis complete.
2026-05-30 13:55:45 | INFO     | query_engine                   | SQL: SELECT financial_item, financial_category, year, value, units FROM financials WHERE company_id = 'DRL' AND is_active = TRUE ORDER BY year DESC, financial_item…
2026-05-30 13:55:45 | INFO     | query_engine                   | SQL: SELECT financial_item, year, value, units FROM financials WHERE company_id = 'DRL'   AND financial_category = 'P&L Consolidated'   AND is_active = TRUE…
2026-05-30 13:55:45 | WARNING  | reshaper                       | No P&L data for DRL/P&L Consolidated
2026-05-30 13:55:46 | INFO     | query_engine                   | DuckDB views registered: financials, financials_latest, company_master, sector_mapping, audit_log
2026-05-30 13:55:46 | INFO     | query_engine                   | SQL: SELECT financial_item, year, value, units FROM financials WHERE company_id = 'CIPLA'   AND financial_category = 'P&L Consolidated'   AND is_active = TRUE…
2026-05-30 13:55:46 | WARNING  | reshaper                       | No P&L data for CIPLA/P&L Consolidated
2026-05-30 13:55:46 | INFO     | query_engine                   | SQL: SELECT financial_item, year, value, units FROM financials WHERE company_id = 'CIPLA'   AND financial_category = 'P&L'   AND is_active = TRUE…
2026-05-30 13:55:46 | WARNING  | reshaper                       | No P&L data for CIPLA/P&L
2026-05-30 13:55:46 | INFO     | query_engine                   | SQL: SELECT financial_item, year, value, units FROM financials WHERE company_id = 'DRL'   AND financial_category = 'P&L Consolidated'   AND is_active = TRUE…
2026-05-30 13:55:46 | WARNING  | reshaper                       | No P&L data for DRL/P&L Consolidated
2026-05-30 13:55:46 | INFO     | query_engine                   | SQL: SELECT financial_item, year, value, units FROM financials WHERE company_id = 'DRL'   AND financial_category = 'P&L'   AND is_active = TRUE…
2026-05-30 13:55:46 | INFO     | cost_structure | Running cost structure analysis …
2026-05-30 13:55:47 | INFO     | cost_structure | Cost structure analysis complete.
2026-05-30 13:55:47 | INFO     | query_engine                   | SQL: SELECT financial_item, year, value, units FROM financials WHERE company_id = 'LUPIN'   AND financial_category = 'P&L Consolidated'   AND is_active = TRUE…
2026-05-30 13:55:47 | WARNING  | reshaper                       | No P&L data for LUPIN/P&L Consolidated
2026-05-30 13:55:47 | INFO     | query_engine                   | SQL: SELECT financial_item, year, value, units FROM financials WHERE company_id = 'LUPIN'   AND financial_category = 'P&L'   AND is_active = TRUE…
2026-05-30 13:55:47 | WARNING  | reshaper                       | No P&L data for LUPIN/P&L
2026-05-30 13:55:47 | INFO     | query_engine                   | SQL: SELECT financial_item, year, value, units FROM financials WHERE company_id = 'SUN'   AND financial_category = 'P&L Consolidated'   AND is_active = TRUE…
2026-05-30 13:55:47 | INFO     | cost_structure | Running cost structure analysis …
2026-05-30 13:55:48 | INFO     | cost_structure | Cost structure analysis complete.
2026-05-30 13:55:48 | INFO     | query_engine                   | DuckDB views registered: financials, financials_latest, company_master, sector_mapping, audit_log
2026-05-30 13:55:48 | INFO     | query_engine                   | SQL: SELECT financial_item, financial_category, year, value, units FROM financials WHERE company_id = 'CIPLA' AND is_active = TRUE ORDER BY year DESC, financial_item…
2026-05-30 13:55:48 | INFO     | query_engine                   | SQL: SELECT financial_item, financial_category, year, value, units FROM financials WHERE company_id = 'DRL' AND is_active = TRUE ORDER BY year DESC, financial_item…
2026-05-30 13:55:48 | INFO     | query_engine                   | SQL: SELECT financial_item, year, value, units FROM financials WHERE company_id = 'DRL'   AND financial_category = 'P&L Consolidated'   AND is_active = TRUE…
2026-05-30 13:55:48 | WARNING  | reshaper                       | No P&L data for DRL/P&L Consolidated
2026-05-30 13:55:48 | INFO     | query_engine                   | SQL: SELECT financial_item, financial_category, year, value, units FROM financials WHERE company_id = 'LUPIN' AND is_active = TRUE ORDER BY year DESC, financial_item…
2026-05-30 13:55:48 | INFO     | query_engine                   | SQL: SELECT financial_item, financial_category, year, value, units FROM financials WHERE company_id = 'SUN' AND is_active = TRUE ORDER BY year DESC, financial_item…
2026-05-30 13:55:48 | INFO     | query_engine                   | SQL: SELECT financial_item, year, value, units FROM financials WHERE company_id = 'SUN'   AND financial_category = 'P&L Consolidated'   AND is_active = TRUE…
2026-05-30 13:55:48 | INFO     | cost_structure | Running cost structure analysis …
2026-05-30 13:55:49 | INFO     | cost_structure | Cost structure analysis complete.
2026-05-30 13:55:49 | INFO     | query_engine                   | DuckDB views registered: financials, financials_latest, company_master, sector_mapping, audit_log
2026-05-30 13:55:49 | INFO     | query_engine                   | SQL:              SELECT c.company_id, c.company_name,                 MAX(CASE WHEN f.financial_item='Revenue from Operations' THEN f.value END) as revenue,                 MAX(CASE WHEN f.financial_item=…
2026-05-30 13:55:49 | INFO     | query_engine                   | SQL: SELECT financial_item, financial_category, year, value, units FROM financials WHERE company_id = 'SUN' AND is_active = TRUE ORDER BY year DESC, financial_item…
2026-05-30 13:55:49 | INFO     | query_engine                   | SQL: SELECT financial_item, year, value, units FROM financials WHERE company_id = 'SUN'   AND financial_category = 'P&L Consolidated'   AND is_active = TRUE…
2026-05-30 13:55:49 | INFO     | cost_structure | Running cost structure analysis …
2026-05-30 13:55:49 | INFO     | cost_structure | Cost structure analysis complete.
2026-05-30 13:55:49 | INFO     | query_engine                   | SQL: SELECT financial_item, financial_category, year, value, units FROM financials WHERE company_id = 'DRL' AND is_active = TRUE ORDER BY year DESC, financial_item…
2026-05-30 13:55:50 | INFO     | query_engine                   | SQL: SELECT financial_item, year, value, units FROM financials WHERE company_id = 'DRL'   AND financial_category = 'P&L Consolidated'   AND is_active = TRUE…
2026-05-30 13:55:50 | WARNING  | reshaper                       | No P&L data for DRL/P&L Consolidated
2026-05-30 13:56:24 | INFO     | query_engine                   | DuckDB views registered: financials, financials_latest, company_master, sector_mapping, audit_log
2026-05-30 13:56:24 | INFO     | query_engine                   | SQL: SELECT financial_item, financial_category, year, value, units FROM financials WHERE company_id = 'SUN' AND is_active = TRUE ORDER BY year DESC, financial_item…
2026-05-30 13:56:25 | INFO     | query_engine                   | SQL: SELECT financial_item, year, value, units FROM financials WHERE company_id = 'SUN'   AND financial_category = 'P&L Consolidated'   AND is_active = TRUE…
2026-05-30 13:56:25 | INFO     | cost_structure | Running cost structure analysis …
2026-05-30 13:56:25 | INFO     | cost_structure | Cost structure analysis complete.
2026-05-30 13:56:26 | INFO     | query_engine                   | DuckDB views registered: financials, financials_latest, company_master, sector_mapping, audit_log
2026-05-30 13:56:26 | INFO     | query_engine                   | SQL: SELECT financial_item, financial_category, year, value, units FROM financials WHERE company_id = 'SUN' AND is_active = TRUE ORDER BY year DESC, financial_item…
2026-05-30 14:03:32 | INFO     | query_engine                   | DuckDB views registered: financials, financials_latest, company_master, sector_mapping, audit_log
2026-05-30 14:03:32 | INFO     | query_engine                   | SQL: SELECT financial_item, year, value, units FROM financials WHERE company_id = 'CIPLA'   AND financial_category = 'P&L Consolidated'   AND is_active = TRUE…
2026-05-30 14:03:32 | WARNING  | reshaper                       | No P&L data for CIPLA/P&L Consolidated
2026-05-30 14:03:32 | INFO     | query_engine                   | SQL: SELECT financial_item, year, value, units FROM financials WHERE company_id = 'CIPLA'   AND financial_category = 'P&L'   AND is_active = TRUE…
2026-05-30 14:03:32 | WARNING  | reshaper                       | No P&L data for CIPLA/P&L
2026-05-30 14:03:32 | INFO     | query_engine                   | SQL: SELECT financial_item, year, value, units FROM financials WHERE company_id = 'DRL'   AND financial_category = 'P&L Consolidated'   AND is_active = TRUE…
2026-05-30 14:03:32 | WARNING  | reshaper                       | No P&L data for DRL/P&L Consolidated
2026-05-30 14:03:32 | INFO     | query_engine                   | SQL: SELECT financial_item, year, value, units FROM financials WHERE company_id = 'DRL'   AND financial_category = 'P&L'   AND is_active = TRUE…
2026-05-30 14:03:32 | INFO     | cost_structure | Running cost structure analysis …
2026-05-30 14:03:33 | INFO     | cost_structure | Cost structure analysis complete.
2026-05-30 14:03:33 | INFO     | query_engine                   | SQL: SELECT financial_item, year, value, units FROM financials WHERE company_id = 'LUPIN'   AND financial_category = 'P&L Consolidated'   AND is_active = TRUE…
2026-05-30 14:03:33 | WARNING  | reshaper                       | No P&L data for LUPIN/P&L Consolidated
2026-05-30 14:03:33 | INFO     | query_engine                   | SQL: SELECT financial_item, year, value, units FROM financials WHERE company_id = 'LUPIN'   AND financial_category = 'P&L'   AND is_active = TRUE…
2026-05-30 14:03:33 | WARNING  | reshaper                       | No P&L data for LUPIN/P&L
2026-05-30 14:03:33 | INFO     | query_engine                   | SQL: SELECT financial_item, year, value, units FROM financials WHERE company_id = 'SUN'   AND financial_category = 'P&L Consolidated'   AND is_active = TRUE…
2026-05-30 14:03:33 | INFO     | cost_structure | Running cost structure analysis …
2026-05-30 14:03:33 | INFO     | cost_structure | Cost structure analysis complete.
2026-05-30 14:03:33 | INFO     | query_engine                   | DuckDB views registered: financials, financials_latest, company_master, sector_mapping, audit_log
2026-05-30 14:03:33 | INFO     | query_engine                   | SQL: SELECT financial_item, financial_category, year, value, units FROM financials WHERE company_id = 'CIPLA' AND is_active = TRUE ORDER BY year DESC, financial_item…
2026-05-30 14:03:33 | INFO     | query_engine                   | SQL: SELECT financial_item, financial_category, year, value, units FROM financials WHERE company_id = 'DRL' AND is_active = TRUE ORDER BY year DESC, financial_item…
2026-05-30 14:03:34 | INFO     | query_engine                   | SQL: SELECT financial_item, year, value, units FROM financials WHERE company_id = 'DRL'   AND financial_category = 'P&L Consolidated'   AND is_active = TRUE…
2026-05-30 14:03:34 | WARNING  | reshaper                       | No P&L data for DRL/P&L Consolidated
2026-05-30 14:03:34 | INFO     | query_engine                   | SQL: SELECT financial_item, financial_category, year, value, units FROM financials WHERE company_id = 'LUPIN' AND is_active = TRUE ORDER BY year DESC, financial_item…
2026-05-30 14:03:34 | INFO     | query_engine                   | SQL: SELECT financial_item, financial_category, year, value, units FROM financials WHERE company_id = 'SUN' AND is_active = TRUE ORDER BY year DESC, financial_item…
2026-05-30 14:03:34 | INFO     | query_engine                   | SQL: SELECT financial_item, year, value, units FROM financials WHERE company_id = 'SUN'   AND financial_category = 'P&L Consolidated'   AND is_active = TRUE…
2026-05-30 14:03:34 | INFO     | cost_structure | Running cost structure analysis …
2026-05-30 14:03:34 | INFO     | cost_structure | Cost structure analysis complete.
2026-05-30 14:03:35 | INFO     | query_engine                   | DuckDB views registered: financials, financials_latest, company_master, sector_mapping, audit_log
2026-05-30 14:03:35 | INFO     | query_engine                   | SQL:              SELECT c.company_id, c.company_name,                 MAX(CASE WHEN f.financial_item='Revenue from Operations' THEN f.value END) as revenue,                 MAX(CASE WHEN f.financial_item=…
2026-05-30 14:03:35 | INFO     | query_engine                   | SQL: SELECT financial_item, financial_category, year, value, units FROM financials WHERE company_id = 'SUN' AND is_active = TRUE ORDER BY year DESC, financial_item…
2026-05-30 14:03:35 | INFO     | query_engine                   | SQL: SELECT financial_item, year, value, units FROM financials WHERE company_id = 'SUN'   AND financial_category = 'P&L Consolidated'   AND is_active = TRUE…
2026-05-30 14:03:35 | INFO     | cost_structure | Running cost structure analysis …
2026-05-30 14:03:35 | INFO     | cost_structure | Cost structure analysis complete.
2026-05-30 14:03:36 | INFO     | query_engine                   | SQL: SELECT financial_item, financial_category, year, value, units FROM financials WHERE company_id = 'DRL' AND is_active = TRUE ORDER BY year DESC, financial_item…
2026-05-30 14:03:36 | INFO     | query_engine                   | SQL: SELECT financial_item, year, value, units FROM financials WHERE company_id = 'DRL'   AND financial_category = 'P&L Consolidated'   AND is_active = TRUE…
2026-05-30 14:03:36 | WARNING  | reshaper                       | No P&L data for DRL/P&L Consolidated
2026-05-30 14:04:10 | INFO     | query_engine                   | DuckDB views registered: financials, financials_latest, company_master, sector_mapping, audit_log
2026-05-30 14:04:10 | INFO     | query_engine                   | SQL: SELECT financial_item, financial_category, year, value, units FROM financials WHERE company_id = 'SUN' AND is_active = TRUE ORDER BY year DESC, financial_item…
2026-05-30 14:04:10 | INFO     | query_engine                   | SQL: SELECT financial_item, year, value, units FROM financials WHERE company_id = 'SUN'   AND financial_category = 'P&L Consolidated'   AND is_active = TRUE…
2026-05-30 14:04:10 | INFO     | cost_structure | Running cost structure analysis …
2026-05-30 14:04:11 | INFO     | cost_structure | Cost structure analysis complete.
2026-05-30 14:04:15 | INFO     | query_engine                   | DuckDB views registered: financials, financials_latest, company_master, sector_mapping, audit_log
2026-05-30 14:04:15 | INFO     | query_engine                   | SQL: SELECT financial_item, financial_category, year, value, units FROM financials WHERE company_id = 'SUN' AND is_active = TRUE ORDER BY year DESC, financial_item…
2026-05-30 14:04:18 | INFO     | query_engine                   | DuckDB views registered: financials, financials_latest, company_master, sector_mapping, audit_log
2026-05-30 14:04:18 | INFO     | query_engine                   | SQL: SELECT financial_item, financial_category, year, value, units FROM financials WHERE company_id = 'SUN' AND is_active = TRUE ORDER BY year DESC, financial_item…
2026-05-30 14:04:18 | INFO     | query_engine                   | DuckDB views registered: financials, financials_latest, company_master, sector_mapping, audit_log
2026-05-30 14:04:18 | INFO     | query_engine                   | SQL: SELECT financial_item, financial_category, year, value, units FROM financials WHERE company_id = 'SUN' AND is_active = TRUE ORDER BY year DESC, financial_item…
2026-05-30 14:04:18 | INFO     | query_engine                   | SQL: SELECT financial_item, year, value, units FROM financials WHERE company_id = 'SUN'   AND financial_category = 'P&L Consolidated'   AND is_active = TRUE…
2026-05-30 14:04:18 | INFO     | cost_structure | Running cost structure analysis …
2026-05-30 14:04:19 | INFO     | cost_structure | Cost structure analysis complete.
2026-05-30 14:04:31 | INFO     | query_engine                   | DuckDB views registered: financials, financials_latest, company_master, sector_mapping, audit_log
2026-05-30 14:04:31 | INFO     | query_engine                   | SQL: SELECT financial_item, year, value, units FROM financials WHERE company_id = 'CIPLA'   AND financial_category = 'P&L Consolidated'   AND is_active = TRUE…
2026-05-30 14:04:31 | WARNING  | reshaper                       | No P&L data for CIPLA/P&L Consolidated
2026-05-30 14:04:31 | INFO     | query_engine                   | SQL: SELECT financial_item, year, value, units FROM financials WHERE company_id = 'CIPLA'   AND financial_category = 'P&L'   AND is_active = TRUE…
2026-05-30 14:04:31 | WARNING  | reshaper                       | No P&L data for CIPLA/P&L
2026-05-30 14:04:31 | INFO     | query_engine                   | SQL: SELECT financial_item, year, value, units FROM financials WHERE company_id = 'DRL'   AND financial_category = 'P&L Consolidated'   AND is_active = TRUE…
2026-05-30 14:04:31 | WARNING  | reshaper                       | No P&L data for DRL/P&L Consolidated
2026-05-30 14:04:31 | INFO     | query_engine                   | SQL: SELECT financial_item, year, value, units FROM financials WHERE company_id = 'DRL'   AND financial_category = 'P&L'   AND is_active = TRUE…
2026-05-30 14:04:31 | INFO     | cost_structure | Running cost structure analysis …
2026-05-30 14:04:31 | INFO     | cost_structure | Cost structure analysis complete.
2026-05-30 14:04:31 | INFO     | query_engine                   | SQL: SELECT financial_item, year, value, units FROM financials WHERE company_id = 'LUPIN'   AND financial_category = 'P&L Consolidated'   AND is_active = TRUE…
2026-05-30 14:04:31 | WARNING  | reshaper                       | No P&L data for LUPIN/P&L Consolidated
2026-05-30 14:04:31 | INFO     | query_engine                   | SQL: SELECT financial_item, year, value, units FROM financials WHERE company_id = 'LUPIN'   AND financial_category = 'P&L'   AND is_active = TRUE…
2026-05-30 14:04:31 | WARNING  | reshaper                       | No P&L data for LUPIN/P&L
2026-05-30 14:04:31 | INFO     | query_engine                   | SQL: SELECT financial_item, year, value, units FROM financials WHERE company_id = 'SUN'   AND financial_category = 'P&L Consolidated'   AND is_active = TRUE…
2026-05-30 14:04:31 | INFO     | cost_structure | Running cost structure analysis …
2026-05-30 14:04:32 | INFO     | cost_structure | Cost structure analysis complete.
2026-05-30 14:04:32 | INFO     | query_engine                   | DuckDB views registered: financials, financials_latest, company_master, sector_mapping, audit_log
2026-05-30 14:04:32 | INFO     | query_engine                   | SQL: SELECT financial_item, financial_category, year, value, units FROM financials WHERE company_id = 'CIPLA' AND is_active = TRUE ORDER BY year DESC, financial_item…
2026-05-30 14:04:32 | INFO     | query_engine                   | SQL: SELECT financial_item, financial_category, year, value, units FROM financials WHERE company_id = 'DRL' AND is_active = TRUE ORDER BY year DESC, financial_item…
2026-05-30 14:04:32 | INFO     | query_engine                   | SQL: SELECT financial_item, year, value, units FROM financials WHERE company_id = 'DRL'   AND financial_category = 'P&L Consolidated'   AND is_active = TRUE…
2026-05-30 14:04:32 | WARNING  | reshaper                       | No P&L data for DRL/P&L Consolidated
2026-05-30 14:04:32 | INFO     | query_engine                   | SQL: SELECT financial_item, financial_category, year, value, units FROM financials WHERE company_id = 'LUPIN' AND is_active = TRUE ORDER BY year DESC, financial_item…
2026-05-30 14:04:32 | INFO     | query_engine                   | SQL: SELECT financial_item, financial_category, year, value, units FROM financials WHERE company_id = 'SUN' AND is_active = TRUE ORDER BY year DESC, financial_item…
2026-05-30 14:04:32 | INFO     | query_engine                   | SQL: SELECT financial_item, year, value, units FROM financials WHERE company_id = 'SUN'   AND financial_category = 'P&L Consolidated'   AND is_active = TRUE…
2026-05-30 14:04:32 | INFO     | cost_structure | Running cost structure analysis …
2026-05-30 14:04:33 | INFO     | cost_structure | Cost structure analysis complete.
2026-05-30 14:04:33 | INFO     | query_engine                   | DuckDB views registered: financials, financials_latest, company_master, sector_mapping, audit_log
2026-05-30 14:04:33 | INFO     | query_engine                   | SQL:              SELECT c.company_id, c.company_name,                 MAX(CASE WHEN f.financial_item='Revenue from Operations' THEN f.value END) as revenue,                 MAX(CASE WHEN f.financial_item=…
2026-05-30 14:04:33 | INFO     | query_engine                   | SQL: SELECT financial_item, financial_category, year, value, units FROM financials WHERE company_id = 'SUN' AND is_active = TRUE ORDER BY year DESC, financial_item…
2026-05-30 14:04:33 | INFO     | query_engine                   | SQL: SELECT financial_item, year, value, units FROM financials WHERE company_id = 'SUN'   AND financial_category = 'P&L Consolidated'   AND is_active = TRUE…
2026-05-30 14:04:33 | INFO     | cost_structure | Running cost structure analysis …
2026-05-30 14:04:34 | INFO     | cost_structure | Cost structure analysis complete.
2026-05-30 14:04:34 | INFO     | query_engine                   | SQL: SELECT financial_item, financial_category, year, value, units FROM financials WHERE company_id = 'DRL' AND is_active = TRUE ORDER BY year DESC, financial_item…
2026-05-30 14:04:34 | INFO     | query_engine                   | SQL: SELECT financial_item, year, value, units FROM financials WHERE company_id = 'DRL'   AND financial_category = 'P&L Consolidated'   AND is_active = TRUE…
2026-05-30 14:04:34 | WARNING  | reshaper                       | No P&L data for DRL/P&L Consolidated
2026-05-30 14:08:12 | INFO     | query_engine                   | DuckDB views registered: financials, financials_latest, company_master, sector_mapping, audit_log
2026-05-30 14:08:12 | INFO     | query_engine                   | SQL: SELECT financial_item, financial_category, year, value, units FROM financials WHERE company_id = 'SUN' AND is_active = TRUE ORDER BY year DESC, financial_item…
2026-05-30 14:08:12 | INFO     | query_engine                   | SQL: SELECT financial_item, year, value, units FROM financials WHERE company_id = 'SUN'   AND financial_category = 'P&L Consolidated'   AND is_active = TRUE…
2026-05-30 14:08:12 | INFO     | cost_structure | Running cost structure analysis …
2026-05-30 14:08:12 | INFO     | cost_structure | Cost structure analysis complete.
2026-05-30 14:08:13 | INFO     | query_engine                   | DuckDB views registered: financials, financials_latest, company_master, sector_mapping, audit_log
2026-05-30 14:08:13 | INFO     | query_engine                   | SQL: SELECT financial_item, financial_category, year, value, units FROM financials WHERE company_id = 'SUN' AND is_active = TRUE ORDER BY year DESC, financial_item…
2026-05-30 14:52:09 | INFO     | query_engine                   | DuckDB views registered: financials, financials_latest, company_master, sector_mapping, audit_log
2026-05-30 14:52:09 | INFO     | query_engine                   | SQL: SELECT financial_item, financial_category, year, value, units FROM financials WHERE company_id = 'CIPLA' AND is_active = TRUE ORDER BY year DESC, financial_item…
2026-05-30 14:52:19 | INFO     | query_engine                   | DuckDB views registered: financials, financials_latest, company_master, sector_mapping, audit_log
2026-05-30 14:52:19 | INFO     | query_engine                   | SQL: SELECT financial_item, financial_category, year, value, units FROM financials WHERE company_id = 'SUN' AND is_active = TRUE ORDER BY year DESC, financial_item…
2026-05-30 14:52:27 | INFO     | query_engine                   | DuckDB views registered: financials, financials_latest, company_master, sector_mapping, audit_log
2026-05-30 14:52:28 | INFO     | warehouse                      | Ingested batch: {'ingestion_id': '8762ea59-3b87-4d29-8b77-54385ad979c1', 'rows_loaded': 43, 'rows_revised': 43, 'rows_new': 0}
2026-05-30 14:52:28 | INFO     | query_engine                   | DuckDB views registered: financials, financials_latest, company_master, sector_mapping, audit_log
2026-05-30 14:52:28 | INFO     | query_engine                   | DuckDB views registered: financials, financials_latest, company_master, sector_mapping, audit_log
2026-05-30 14:52:28 | INFO     | query_engine                   | SQL: SELECT financial_item, year, value, units FROM financials WHERE company_id = 'SUN'   AND financial_category = 'P&L Consolidated'   AND is_active = TRUE…
2026-05-30 14:52:28 | INFO     | query_engine                   | SQL: SELECT financial_item, year, value, units FROM financials WHERE company_id = 'SUN'   AND financial_category = 'P&L Standalone'   AND is_active = TRUE…
2026-05-30 14:52:28 | INFO     | query_engine                   | SQL: SELECT financial_item, year, value, units FROM financials WHERE company_id = 'SUN'   AND financial_category = 'Altman Z'   AND financial_item IN ('Revenue from Operations','EBITDA','PAT','Total Assets…
2026-05-30 14:52:29 | INFO     | cost_structure | Running cost structure analysis …
2026-05-30 14:52:29 | INFO     | cost_structure | Cost structure analysis complete.
2026-05-30 14:52:29 | INFO     | bankruptcy | Running bankruptcy/Altman Z analysis …
2026-05-30 14:52:32 | INFO     | query_engine                   | DuckDB views registered: financials, financials_latest, company_master, sector_mapping, audit_log
2026-05-30 14:52:32 | INFO     | query_engine                   | SQL: SELECT financial_item, financial_category, year, value, units FROM financials WHERE company_id = 'SUN' AND is_active = TRUE ORDER BY year DESC, financial_item…
2026-05-30 14:52:32 | INFO     | query_engine                   | SQL: SELECT financial_item, year, value, units FROM financials WHERE company_id = 'SUN'   AND financial_category = 'P&L Consolidated'   AND is_active = TRUE…
2026-05-30 14:52:32 | INFO     | cost_structure | Running cost structure analysis …
2026-05-30 14:52:33 | INFO     | cost_structure | Cost structure analysis complete.
2026-05-30 14:52:33 | INFO     | query_engine                   | DuckDB views registered: financials, financials_latest, company_master, sector_mapping, audit_log
2026-05-30 14:52:33 | INFO     | query_engine                   | SQL: SELECT financial_item, financial_category, year, value, units FROM financials WHERE company_id = 'SUN' AND is_active = TRUE ORDER BY year DESC, financial_item…
2026-05-30 14:52:54 | INFO     | query_engine                   | DuckDB views registered: financials, financials_latest, company_master, sector_mapping, audit_log
2026-05-30 14:52:54 | INFO     | query_engine                   | SQL: SELECT financial_item, year, value, units FROM financials WHERE company_id = 'CIPLA'   AND financial_category = 'P&L Consolidated'   AND is_active = TRUE…
2026-05-30 14:52:54 | WARNING  | reshaper                       | No P&L data for CIPLA/P&L Consolidated
2026-05-30 14:52:54 | INFO     | query_engine                   | SQL: SELECT financial_item, year, value, units FROM financials WHERE company_id = 'CIPLA'   AND financial_category = 'P&L'   AND is_active = TRUE…
2026-05-30 14:52:54 | WARNING  | reshaper                       | No P&L data for CIPLA/P&L
2026-05-30 14:52:54 | INFO     | query_engine                   | SQL: SELECT financial_item, year, value, units FROM financials WHERE company_id = 'DRL'   AND financial_category = 'P&L Consolidated'   AND is_active = TRUE…
2026-05-30 14:52:54 | WARNING  | reshaper                       | No P&L data for DRL/P&L Consolidated
2026-05-30 14:52:54 | INFO     | query_engine                   | SQL: SELECT financial_item, year, value, units FROM financials WHERE company_id = 'DRL'   AND financial_category = 'P&L'   AND is_active = TRUE…
2026-05-30 14:52:54 | INFO     | cost_structure | Running cost structure analysis …
2026-05-30 14:52:54 | INFO     | cost_structure | Cost structure analysis complete.
2026-05-30 14:52:54 | INFO     | query_engine                   | SQL: SELECT financial_item, year, value, units FROM financials WHERE company_id = 'LUPIN'   AND financial_category = 'P&L Consolidated'   AND is_active = TRUE…
2026-05-30 14:52:54 | WARNING  | reshaper                       | No P&L data for LUPIN/P&L Consolidated
2026-05-30 14:52:54 | INFO     | query_engine                   | SQL: SELECT financial_item, year, value, units FROM financials WHERE company_id = 'LUPIN'   AND financial_category = 'P&L'   AND is_active = TRUE…
2026-05-30 14:52:54 | WARNING  | reshaper                       | No P&L data for LUPIN/P&L
2026-05-30 14:52:54 | INFO     | query_engine                   | SQL: SELECT financial_item, year, value, units FROM financials WHERE company_id = 'SUN'   AND financial_category = 'P&L Consolidated'   AND is_active = TRUE…
2026-05-30 14:52:54 | INFO     | cost_structure | Running cost structure analysis …
2026-05-30 14:52:55 | INFO     | cost_structure | Cost structure analysis complete.
2026-05-30 14:52:55 | INFO     | query_engine                   | DuckDB views registered: financials, financials_latest, company_master, sector_mapping, audit_log
2026-05-30 14:52:55 | INFO     | query_engine                   | SQL: SELECT financial_item, financial_category, year, value, units FROM financials WHERE company_id = 'CIPLA' AND is_active = TRUE ORDER BY year DESC, financial_item…
2026-05-30 14:52:55 | INFO     | query_engine                   | SQL: SELECT financial_item, financial_category, year, value, units FROM financials WHERE company_id = 'DRL' AND is_active = TRUE ORDER BY year DESC, financial_item…
2026-05-30 14:52:55 | INFO     | query_engine                   | SQL: SELECT financial_item, year, value, units FROM financials WHERE company_id = 'DRL'   AND financial_category = 'P&L Consolidated'   AND is_active = TRUE…
2026-05-30 14:52:55 | WARNING  | reshaper                       | No P&L data for DRL/P&L Consolidated
2026-05-30 14:52:55 | INFO     | query_engine                   | SQL: SELECT financial_item, financial_category, year, value, units FROM financials WHERE company_id = 'LUPIN' AND is_active = TRUE ORDER BY year DESC, financial_item…
2026-05-30 14:52:55 | INFO     | query_engine                   | SQL: SELECT financial_item, financial_category, year, value, units FROM financials WHERE company_id = 'SUN' AND is_active = TRUE ORDER BY year DESC, financial_item…
2026-05-30 14:52:55 | INFO     | query_engine                   | SQL: SELECT financial_item, year, value, units FROM financials WHERE company_id = 'SUN'   AND financial_category = 'P&L Consolidated'   AND is_active = TRUE…
2026-05-30 14:52:55 | INFO     | cost_structure | Running cost structure analysis …
2026-05-30 14:52:56 | INFO     | cost_structure | Cost structure analysis complete.
2026-05-30 14:52:56 | INFO     | query_engine                   | DuckDB views registered: financials, financials_latest, company_master, sector_mapping, audit_log
2026-05-30 14:52:56 | INFO     | query_engine                   | SQL:              SELECT c.company_id, c.company_name,                 MAX(CASE WHEN f.financial_item='Revenue from Operations' THEN f.value END) as revenue,                 MAX(CASE WHEN f.financial_item=…
2026-05-30 14:52:56 | INFO     | query_engine                   | SQL: SELECT financial_item, financial_category, year, value, units FROM financials WHERE company_id = 'SUN' AND is_active = TRUE ORDER BY year DESC, financial_item…
2026-05-30 14:52:56 | INFO     | query_engine                   | SQL: SELECT financial_item, year, value, units FROM financials WHERE company_id = 'SUN'   AND financial_category = 'P&L Consolidated'   AND is_active = TRUE…
2026-05-30 14:52:56 | INFO     | cost_structure | Running cost structure analysis …
2026-05-30 14:52:57 | INFO     | cost_structure | Cost structure analysis complete.
2026-05-30 14:52:57 | INFO     | query_engine                   | SQL: SELECT financial_item, financial_category, year, value, units FROM financials WHERE company_id = 'DRL' AND is_active = TRUE ORDER BY year DESC, financial_item…
2026-05-30 14:52:57 | INFO     | query_engine                   | SQL: SELECT financial_item, year, value, units FROM financials WHERE company_id = 'DRL'   AND financial_category = 'P&L Consolidated'   AND is_active = TRUE…
2026-05-30 14:52:57 | WARNING  | reshaper                       | No P&L data for DRL/P&L Consolidated
2026-05-30 14:53:21 | INFO     | query_engine                   | DuckDB views registered: financials, financials_latest, company_master, sector_mapping, audit_log
2026-05-30 14:53:21 | INFO     | query_engine                   | SQL: SELECT financial_item, financial_category, year, value, units FROM financials WHERE company_id = 'SUN' AND is_active = TRUE ORDER BY year DESC, financial_item…
2026-05-30 14:53:21 | INFO     | query_engine                   | SQL: SELECT financial_item, year, value, units FROM financials WHERE company_id = 'SUN'   AND financial_category = 'P&L Consolidated'   AND is_active = TRUE…
2026-05-30 14:53:21 | INFO     | cost_structure | Running cost structure analysis …
2026-05-30 14:53:22 | INFO     | cost_structure | Cost structure analysis complete.
2026-05-30 14:53:26 | INFO     | query_engine                   | DuckDB views registered: financials, financials_latest, company_master, sector_mapping, audit_log
2026-05-30 14:53:26 | INFO     | query_engine                   | SQL: SELECT financial_item, financial_category, year, value, units FROM financials WHERE company_id = 'SUN' AND is_active = TRUE ORDER BY year DESC, financial_item…
2026-05-30 14:53:26 | INFO     | query_engine                   | SQL: SELECT financial_item, year, value, units FROM financials WHERE company_id = 'SUN'   AND financial_category = 'P&L Consolidated'   AND is_active = TRUE…
2026-05-30 14:53:26 | INFO     | cost_structure | Running cost structure analysis …
2026-05-30 14:53:27 | INFO     | cost_structure | Cost structure analysis complete.
2026-05-30 14:53:27 | INFO     | query_engine                   | DuckDB views registered: financials, financials_latest, company_master, sector_mapping, audit_log
2026-05-30 14:53:27 | INFO     | query_engine                   | SQL: SELECT financial_item, financial_category, year, value, units FROM financials WHERE company_id = 'SUN' AND is_active = TRUE ORDER BY year DESC, financial_item…
2026-05-30 14:53:36 | INFO     | query_engine                   | DuckDB views registered: financials, financials_latest, company_master, sector_mapping, audit_log
2026-05-30 14:53:36 | INFO     | query_engine                   | SQL: SELECT financial_item, year, value, units FROM financials WHERE company_id = 'CIPLA'   AND financial_category = 'P&L Consolidated'   AND is_active = TRUE…
2026-05-30 14:53:36 | WARNING  | reshaper                       | No P&L data for CIPLA/P&L Consolidated
2026-05-30 14:53:36 | INFO     | query_engine                   | SQL: SELECT financial_item, year, value, units FROM financials WHERE company_id = 'CIPLA'   AND financial_category = 'P&L'   AND is_active = TRUE…
2026-05-30 14:53:36 | WARNING  | reshaper                       | No P&L data for CIPLA/P&L
2026-05-30 14:53:36 | INFO     | query_engine                   | SQL: SELECT financial_item, year, value, units FROM financials WHERE company_id = 'DRL'   AND financial_category = 'P&L Consolidated'   AND is_active = TRUE…
2026-05-30 14:53:36 | WARNING  | reshaper                       | No P&L data for DRL/P&L Consolidated
2026-05-30 14:53:36 | INFO     | query_engine                   | SQL: SELECT financial_item, year, value, units FROM financials WHERE company_id = 'DRL'   AND financial_category = 'P&L'   AND is_active = TRUE…
2026-05-30 14:53:36 | INFO     | cost_structure | Running cost structure analysis …
2026-05-30 14:53:37 | INFO     | cost_structure | Cost structure analysis complete.
2026-05-30 14:53:37 | INFO     | query_engine                   | SQL: SELECT financial_item, year, value, units FROM financials WHERE company_id = 'LUPIN'   AND financial_category = 'P&L Consolidated'   AND is_active = TRUE…
2026-05-30 14:53:37 | WARNING  | reshaper                       | No P&L data for LUPIN/P&L Consolidated
2026-05-30 14:53:37 | INFO     | query_engine                   | SQL: SELECT financial_item, year, value, units FROM financials WHERE company_id = 'LUPIN'   AND financial_category = 'P&L'   AND is_active = TRUE…
2026-05-30 14:53:37 | WARNING  | reshaper                       | No P&L data for LUPIN/P&L
2026-05-30 14:53:37 | INFO     | query_engine                   | SQL: SELECT financial_item, year, value, units FROM financials WHERE company_id = 'SUN'   AND financial_category = 'P&L Consolidated'   AND is_active = TRUE…
2026-05-30 14:53:37 | INFO     | cost_structure | Running cost structure analysis …
2026-05-30 14:53:37 | INFO     | cost_structure | Cost structure analysis complete.
2026-05-30 14:53:37 | INFO     | query_engine                   | DuckDB views registered: financials, financials_latest, company_master, sector_mapping, audit_log
2026-05-30 14:53:37 | INFO     | query_engine                   | SQL: SELECT financial_item, financial_category, year, value, units FROM financials WHERE company_id = 'CIPLA' AND is_active = TRUE ORDER BY year DESC, financial_item…
2026-05-30 14:53:37 | INFO     | query_engine                   | SQL: SELECT financial_item, financial_category, year, value, units FROM financials WHERE company_id = 'DRL' AND is_active = TRUE ORDER BY year DESC, financial_item…
2026-05-30 14:53:38 | INFO     | query_engine                   | SQL: SELECT financial_item, year, value, units FROM financials WHERE company_id = 'DRL'   AND financial_category = 'P&L Consolidated'   AND is_active = TRUE…
2026-05-30 14:53:38 | WARNING  | reshaper                       | No P&L data for DRL/P&L Consolidated
2026-05-30 14:53:38 | INFO     | query_engine                   | SQL: SELECT financial_item, financial_category, year, value, units FROM financials WHERE company_id = 'LUPIN' AND is_active = TRUE ORDER BY year DESC, financial_item…
2026-05-30 14:53:38 | INFO     | query_engine                   | SQL: SELECT financial_item, financial_category, year, value, units FROM financials WHERE company_id = 'SUN' AND is_active = TRUE ORDER BY year DESC, financial_item…
2026-05-30 14:53:38 | INFO     | query_engine                   | SQL: SELECT financial_item, year, value, units FROM financials WHERE company_id = 'SUN'   AND financial_category = 'P&L Consolidated'   AND is_active = TRUE…
2026-05-30 14:53:38 | INFO     | cost_structure | Running cost structure analysis …
2026-05-30 14:53:38 | INFO     | cost_structure | Cost structure analysis complete.
2026-05-30 14:53:38 | INFO     | query_engine                   | DuckDB views registered: financials, financials_latest, company_master, sector_mapping, audit_log
2026-05-30 14:53:38 | INFO     | query_engine                   | SQL:              SELECT c.company_id, c.company_name,                 MAX(CASE WHEN f.financial_item='Revenue from Operations' THEN f.value END) as revenue,                 MAX(CASE WHEN f.financial_item=…
2026-05-30 14:53:38 | INFO     | query_engine                   | SQL: SELECT financial_item, financial_category, year, value, units FROM financials WHERE company_id = 'SUN' AND is_active = TRUE ORDER BY year DESC, financial_item…
2026-05-30 14:53:39 | INFO     | query_engine                   | SQL: SELECT financial_item, year, value, units FROM financials WHERE company_id = 'SUN'   AND financial_category = 'P&L Consolidated'   AND is_active = TRUE…
2026-05-30 14:53:39 | INFO     | cost_structure | Running cost structure analysis …
2026-05-30 14:53:39 | INFO     | cost_structure | Cost structure analysis complete.
2026-05-30 14:53:39 | INFO     | query_engine                   | SQL: SELECT financial_item, financial_category, year, value, units FROM financials WHERE company_id = 'DRL' AND is_active = TRUE ORDER BY year DESC, financial_item…
2026-05-30 14:53:39 | INFO     | query_engine                   | SQL: SELECT financial_item, year, value, units FROM financials WHERE company_id = 'DRL'   AND financial_category = 'P&L Consolidated'   AND is_active = TRUE…
2026-05-30 14:53:39 | WARNING  | reshaper                       | No P&L data for DRL/P&L Consolidated
2026-05-30 14:53:45 | INFO     | query_engine                   | DuckDB views registered: financials, financials_latest, company_master, sector_mapping, audit_log
2026-05-30 14:53:45 | INFO     | query_engine                   | SQL: SELECT financial_item, financial_category, year, value, units FROM financials WHERE company_id = 'SUN' AND is_active = TRUE ORDER BY year DESC, financial_item…
2026-05-30 14:53:45 | INFO     | query_engine                   | SQL: SELECT financial_item, year, value, units FROM financials WHERE company_id = 'SUN'   AND financial_category = 'P&L Consolidated'   AND is_active = TRUE…
2026-05-30 14:53:45 | INFO     | cost_structure | Running cost structure analysis …
2026-05-30 14:53:46 | INFO     | cost_structure | Cost structure analysis complete.
2026-05-30 14:53:46 | INFO     | query_engine                   | DuckDB views registered: financials, financials_latest, company_master, sector_mapping, audit_log
2026-05-30 14:53:46 | INFO     | query_engine                   | SQL: SELECT financial_item, financial_category, year, value, units FROM financials WHERE company_id = 'SUN' AND is_active = TRUE ORDER BY year DESC, financial_item…
INFO:     Started server process [16056]
INFO:     Waiting for application startup.
INFO:     Application startup complete.
INFO:     Uvicorn running on http://127.0.0.1:8000 (Press CTRL+C to quit)
2026-05-31 12:30:53 | INFO     | query_engine                   | DuckDB views registered: financials, financials_latest, company_master, sector_mapping, audit_log
2026-05-31 12:30:53 | INFO     | normalizer                     | Loaded 27 canonical items, 93 total aliases
2026-05-31 12:30:53 | INFO     | query_engine                   | DuckDB views registered: financials, financials_latest, company_master, sector_mapping, audit_log
2026-05-31 12:30:53 | INFO     | query_engine                   | SQL: SELECT financial_item, financial_category, year, value, units FROM financials WHERE company_id = 'CIPLA' AND is_active = TRUE ORDER BY year DESC, financial_item…
2026-05-31 12:30:57 | INFO     | query_engine                   | DuckDB views registered: financials, financials_latest, company_master, sector_mapping, audit_log
2026-05-31 12:30:57 | INFO     | query_engine                   | SQL: SELECT financial_item, financial_category, year, value, units FROM financials WHERE company_id = 'SUN' AND is_active = TRUE ORDER BY year DESC, financial_item…
2026-05-31 12:31:21 | INFO     | query_engine                   | DuckDB views registered: financials, financials_latest, company_master, sector_mapping, audit_log
2026-05-31 12:31:21 | INFO     | query_engine                   | SQL: SELECT financial_item, year, value, units FROM financials WHERE company_id = 'CIPLA'   AND financial_category = 'P&L Consolidated'   AND is_active = TRUE…
2026-05-31 12:31:21 | WARNING  | reshaper                       | No P&L data for CIPLA/P&L Consolidated
2026-05-31 12:31:21 | INFO     | query_engine                   | SQL: SELECT financial_item, year, value, units FROM financials WHERE company_id = 'CIPLA'   AND financial_category = 'P&L'   AND is_active = TRUE…
2026-05-31 12:31:21 | WARNING  | reshaper                       | No P&L data for CIPLA/P&L
2026-05-31 12:31:21 | INFO     | query_engine                   | SQL: SELECT financial_item, year, value, units FROM financials WHERE company_id = 'DRL'   AND financial_category = 'P&L Consolidated'   AND is_active = TRUE…
2026-05-31 12:31:21 | WARNING  | reshaper                       | No P&L data for DRL/P&L Consolidated
2026-05-31 12:31:21 | INFO     | query_engine                   | SQL: SELECT financial_item, year, value, units FROM financials WHERE company_id = 'DRL'   AND financial_category = 'P&L'   AND is_active = TRUE…
2026-05-31 12:31:21 | INFO     | cost_structure | Running cost structure analysis …
2026-05-31 12:31:21 | INFO     | cost_structure | Cost structure analysis complete.
2026-05-31 12:31:21 | INFO     | query_engine                   | SQL: SELECT financial_item, year, value, units FROM financials WHERE company_id = 'LUPIN'   AND financial_category = 'P&L Consolidated'   AND is_active = TRUE…
2026-05-31 12:31:22 | WARNING  | reshaper                       | No P&L data for LUPIN/P&L Consolidated
2026-05-31 12:31:22 | INFO     | query_engine                   | SQL: SELECT financial_item, year, value, units FROM financials WHERE company_id = 'LUPIN'   AND financial_category = 'P&L'   AND is_active = TRUE…
2026-05-31 12:31:22 | WARNING  | reshaper                       | No P&L data for LUPIN/P&L
2026-05-31 12:31:22 | INFO     | query_engine                   | SQL: SELECT financial_item, year, value, units FROM financials WHERE company_id = 'SUN'   AND financial_category = 'P&L Consolidated'   AND is_active = TRUE…
2026-05-31 12:31:22 | INFO     | cost_structure | Running cost structure analysis …
2026-05-31 12:31:22 | INFO     | cost_structure | Cost structure analysis complete.
2026-05-31 12:31:22 | INFO     | query_engine                   | DuckDB views registered: financials, financials_latest, company_master, sector_mapping, audit_log
2026-05-31 12:31:22 | INFO     | query_engine                   | SQL: SELECT financial_item, financial_category, year, value, units FROM financials WHERE company_id = 'CIPLA' AND is_active = TRUE ORDER BY year DESC, financial_item…
2026-05-31 12:31:22 | INFO     | query_engine                   | SQL: SELECT financial_item, financial_category, year, value, units FROM financials WHERE company_id = 'DRL' AND is_active = TRUE ORDER BY year DESC, financial_item…
2026-05-31 12:31:22 | INFO     | query_engine                   | SQL: SELECT financial_item, year, value, units FROM financials WHERE company_id = 'DRL'   AND financial_category = 'P&L Consolidated'   AND is_active = TRUE…
2026-05-31 12:31:22 | WARNING  | reshaper                       | No P&L data for DRL/P&L Consolidated
2026-05-31 12:31:22 | INFO     | query_engine                   | SQL: SELECT financial_item, financial_category, year, value, units FROM financials WHERE company_id = 'DRL' AND is_active = TRUE ORDER BY year DESC, financial_item…
2026-05-31 12:31:22 | INFO     | query_engine                   | SQL: SELECT financial_item, financial_category, year, value, units FROM financials WHERE company_id = 'LUPIN' AND is_active = TRUE ORDER BY year DESC, financial_item…
2026-05-31 12:31:22 | INFO     | query_engine                   | SQL: SELECT financial_item, financial_category, year, value, units FROM financials WHERE company_id = 'SUN' AND is_active = TRUE ORDER BY year DESC, financial_item…
2026-05-31 12:31:22 | INFO     | query_engine                   | SQL: SELECT financial_item, year, value, units FROM financials WHERE company_id = 'SUN'   AND financial_category = 'P&L Consolidated'   AND is_active = TRUE…
2026-05-31 12:31:22 | INFO     | cost_structure | Running cost structure analysis …
2026-05-31 12:31:23 | INFO     | cost_structure | Cost structure analysis complete.
2026-05-31 12:31:23 | INFO     | query_engine                   | SQL: SELECT financial_item, financial_category, year, value, units FROM financials WHERE company_id = 'SUN' AND is_active = TRUE ORDER BY year DESC, financial_item…
2026-05-31 12:31:23 | INFO     | query_engine                   | DuckDB views registered: financials, financials_latest, company_master, sector_mapping, audit_log
2026-05-31 12:31:23 | INFO     | query_engine                   | SQL:              SELECT c.company_id, c.company_name,                 MAX(CASE WHEN f.financial_item='Revenue from Operations' THEN f.value END) as revenue,                 MAX(CASE WHEN f.financial_item=…
2026-05-31 12:31:23 | INFO     | query_engine                   | SQL: SELECT financial_item, financial_category, year, value, units FROM financials WHERE company_id = 'SUN' AND is_active = TRUE ORDER BY year DESC, financial_item…
2026-05-31 12:31:23 | INFO     | query_engine                   | SQL: SELECT financial_item, year, value, units FROM financials WHERE company_id = 'SUN'   AND financial_category = 'P&L Consolidated'   AND is_active = TRUE…
2026-05-31 12:31:23 | INFO     | cost_structure | Running cost structure analysis …
2026-05-31 12:31:23 | INFO     | cost_structure | Cost structure analysis complete.
2026-05-31 12:31:23 | INFO     | query_engine                   | SQL: SELECT financial_item, financial_category, year, value, units FROM financials WHERE company_id = 'DRL' AND is_active = TRUE ORDER BY year DESC, financial_item…
2026-05-31 12:31:23 | INFO     | query_engine                   | SQL: SELECT financial_item, year, value, units FROM financials WHERE company_id = 'DRL'   AND financial_category = 'P&L Consolidated'   AND is_active = TRUE…
2026-05-31 12:31:23 | WARNING  | reshaper                       | No P&L data for DRL/P&L Consolidated
2026-05-31 12:31:32 | INFO     | query_engine                   | DuckDB views registered: financials, financials_latest, company_master, sector_mapping, audit_log
2026-05-31 12:31:32 | INFO     | query_engine                   | SQL: SELECT financial_item, financial_category, year, value, units FROM financials WHERE company_id = 'CIPLA' AND is_active = TRUE ORDER BY year DESC, financial_item…
2026-05-31 12:31:32 | INFO     | query_engine                   | SQL: SELECT financial_item, financial_category, year, value, units FROM financials WHERE company_id = 'CIPLA' AND is_active = TRUE ORDER BY year DESC, financial_item…
2026-05-31 12:31:32 | INFO     | query_engine                   | SQL: SELECT financial_item, financial_category, year, value, units FROM financials WHERE company_id = 'CIPLA' AND is_active = TRUE ORDER BY year DESC, financial_item…
2026-05-31 12:31:32 | INFO     | query_engine                   | SQL: SELECT financial_item, financial_category, year, value, units FROM financials WHERE company_id = 'CIPLA' AND is_active = TRUE ORDER BY year DESC, financial_item…
2026-05-31 12:31:32 | INFO     | query_engine                   | SQL: SELECT financial_item, financial_category, year, value, units FROM financials WHERE company_id = 'CIPLA' AND is_active = TRUE ORDER BY year DESC, financial_item…
2026-05-31 12:31:32 | INFO     | query_engine                   | SQL: SELECT financial_item, financial_category, year, value, units FROM financials WHERE company_id = 'CIPLA' AND is_active = TRUE ORDER BY year DESC, financial_item…
2026-05-31 12:31:32 | INFO     | query_engine                   | SQL: SELECT financial_item, financial_category, year, value, units FROM financials WHERE company_id = 'DRL' AND is_active = TRUE ORDER BY year DESC, financial_item…
2026-05-31 12:31:32 | INFO     | query_engine                   | SQL: SELECT financial_item, financial_category, year, value, units FROM financials WHERE company_id = 'DRL' AND is_active = TRUE ORDER BY year DESC, financial_item…
2026-05-31 12:31:32 | INFO     | query_engine                   | SQL: SELECT financial_item, financial_category, year, value, units FROM financials WHERE company_id = 'DRL' AND is_active = TRUE ORDER BY year DESC, financial_item…
2026-05-31 12:31:32 | INFO     | query_engine                   | SQL: SELECT financial_item, financial_category, year, value, units FROM financials WHERE company_id = 'DRL' AND is_active = TRUE ORDER BY year DESC, financial_item…
2026-05-31 12:31:32 | INFO     | query_engine                   | SQL: SELECT financial_item, year, value, units FROM financials WHERE company_id = 'DRL'   AND financial_category = 'P&L Consolidated'   AND is_active = TRUE…
2026-05-31 12:31:32 | WARNING  | reshaper                       | No P&L data for DRL/P&L Consolidated
2026-05-31 12:31:32 | INFO     | query_engine                   | SQL: SELECT financial_item, financial_category, year, value, units FROM financials WHERE company_id = 'DRL' AND is_active = TRUE ORDER BY year DESC, financial_item…
2026-05-31 12:31:32 | INFO     | query_engine                   | SQL: SELECT financial_item, year, value, units FROM financials WHERE company_id = 'DRL'   AND financial_category = 'P&L Consolidated'   AND is_active = TRUE…
2026-05-31 12:31:32 | WARNING  | reshaper                       | No P&L data for DRL/P&L Consolidated
2026-05-31 12:31:32 | INFO     | query_engine                   | SQL: SELECT financial_item, financial_category, year, value, units FROM financials WHERE company_id = 'DRL' AND is_active = TRUE ORDER BY year DESC, financial_item…
2026-05-31 12:31:32 | INFO     | query_engine                   | SQL: SELECT financial_item, year, value, units FROM financials WHERE company_id = 'DRL'   AND financial_category = 'P&L Consolidated'   AND is_active = TRUE…
2026-05-31 12:31:32 | WARNING  | reshaper                       | No P&L data for DRL/P&L Consolidated
2026-05-31 12:31:32 | INFO     | query_engine                   | SQL: SELECT financial_item, financial_category, year, value, units FROM financials WHERE company_id = 'LUPIN' AND is_active = TRUE ORDER BY year DESC, financial_item…
2026-05-31 12:31:32 | INFO     | query_engine                   | SQL: SELECT financial_item, financial_category, year, value, units FROM financials WHERE company_id = 'LUPIN' AND is_active = TRUE ORDER BY year DESC, financial_item…
2026-05-31 12:31:32 | INFO     | query_engine                   | SQL: SELECT financial_item, financial_category, year, value, units FROM financials WHERE company_id = 'LUPIN' AND is_active = TRUE ORDER BY year DESC, financial_item…
2026-05-31 12:31:32 | INFO     | query_engine                   | SQL: SELECT financial_item, financial_category, year, value, units FROM financials WHERE company_id = 'LUPIN' AND is_active = TRUE ORDER BY year DESC, financial_item…
2026-05-31 12:31:32 | INFO     | query_engine                   | SQL: SELECT financial_item, financial_category, year, value, units FROM financials WHERE company_id = 'LUPIN' AND is_active = TRUE ORDER BY year DESC, financial_item…
2026-05-31 12:31:32 | INFO     | query_engine                   | SQL: SELECT financial_item, financial_category, year, value, units FROM financials WHERE company_id = 'LUPIN' AND is_active = TRUE ORDER BY year DESC, financial_item…
2026-05-31 12:31:32 | INFO     | query_engine                   | SQL: SELECT financial_item, financial_category, year, value, units FROM financials WHERE company_id = 'SUN' AND is_active = TRUE ORDER BY year DESC, financial_item…
2026-05-31 12:31:32 | INFO     | query_engine                   | SQL: SELECT financial_item, year, value, units FROM financials WHERE company_id = 'SUN'   AND financial_category = 'P&L Consolidated'   AND is_active = TRUE…
2026-05-31 12:31:32 | INFO     | cost_structure | Running cost structure analysis …
2026-05-31 12:31:33 | INFO     | cost_structure | Cost structure analysis complete.
2026-05-31 12:31:33 | INFO     | query_engine                   | SQL: SELECT financial_item, financial_category, year, value, units FROM financials WHERE company_id = 'SUN' AND is_active = TRUE ORDER BY year DESC, financial_item…
2026-05-31 12:31:33 | INFO     | query_engine                   | SQL: SELECT financial_item, year, value, units FROM financials WHERE company_id = 'SUN'   AND financial_category = 'P&L Consolidated'   AND is_active = TRUE…
2026-05-31 12:31:33 | INFO     | cost_structure | Running cost structure analysis …
2026-05-31 12:31:33 | INFO     | cost_structure | Cost structure analysis complete.
2026-05-31 12:31:33 | INFO     | query_engine                   | SQL: SELECT financial_item, financial_category, year, value, units FROM financials WHERE company_id = 'SUN' AND is_active = TRUE ORDER BY year DESC, financial_item…
2026-05-31 12:31:33 | INFO     | query_engine                   | SQL: SELECT financial_item, year, value, units FROM financials WHERE company_id = 'SUN'   AND financial_category = 'P&L Consolidated'   AND is_active = TRUE…
2026-05-31 12:31:33 | INFO     | cost_structure | Running cost structure analysis …
2026-05-31 12:31:34 | INFO     | cost_structure | Cost structure analysis complete.
2026-05-31 12:31:34 | INFO     | query_engine                   | SQL: SELECT financial_item, financial_category, year, value, units FROM financials WHERE company_id = 'SUN' AND is_active = TRUE ORDER BY year DESC, financial_item…
2026-05-31 12:31:34 | INFO     | query_engine                   | SQL: SELECT financial_item, year, value, units FROM financials WHERE company_id = 'SUN'   AND financial_category = 'P&L Consolidated'   AND is_active = TRUE…
2026-05-31 12:31:34 | INFO     | cost_structure | Running cost structure analysis …
2026-05-31 12:31:34 | INFO     | cost_structure | Cost structure analysis complete.
2026-05-31 12:31:34 | INFO     | query_engine                   | SQL: SELECT financial_item, financial_category, year, value, units FROM financials WHERE company_id = 'SUN' AND is_active = TRUE ORDER BY year DESC, financial_item…
2026-05-31 12:31:34 | INFO     | query_engine                   | SQL: SELECT financial_item, year, value, units FROM financials WHERE company_id = 'SUN'   AND financial_category = 'P&L Consolidated'   AND is_active = TRUE…
2026-05-31 12:31:35 | INFO     | cost_structure | Running cost structure analysis …
2026-05-31 12:31:35 | INFO     | cost_structure | Cost structure analysis complete.
2026-05-31 12:31:35 | INFO     | query_engine                   | SQL: SELECT financial_item, financial_category, year, value, units FROM financials WHERE company_id = 'SUN' AND is_active = TRUE ORDER BY year DESC, financial_item…
2026-05-31 12:31:35 | INFO     | query_engine                   | SQL: SELECT financial_item, year, value, units FROM financials WHERE company_id = 'SUN'   AND financial_category = 'P&L Consolidated'   AND is_active = TRUE…
2026-05-31 12:31:35 | INFO     | cost_structure | Running cost structure analysis …
2026-05-31 12:31:35 | INFO     | cost_structure | Cost structure analysis complete.
2026-05-31 12:31:57 | INFO     | query_engine                   | DuckDB views registered: financials, financials_latest, company_master, sector_mapping, audit_log
2026-05-31 12:31:57 | INFO     | query_engine                   | SQL: SELECT financial_item, financial_category, year, value, units FROM financials WHERE company_id = 'CIPLA' AND is_active = TRUE ORDER BY year DESC, financial_item…
2026-05-31 12:31:57 | INFO     | query_engine                   | SQL: SELECT financial_item, financial_category, year, value, units FROM financials WHERE company_id = 'CIPLA' AND is_active = TRUE ORDER BY year DESC, financial_item…
2026-05-31 12:31:57 | INFO     | query_engine                   | SQL: SELECT financial_item, financial_category, year, value, units FROM financials WHERE company_id = 'CIPLA' AND is_active = TRUE ORDER BY year DESC, financial_item…
2026-05-31 12:31:57 | INFO     | query_engine                   | SQL: SELECT financial_item, financial_category, year, value, units FROM financials WHERE company_id = 'CIPLA' AND is_active = TRUE ORDER BY year DESC, financial_item…
2026-05-31 12:31:57 | INFO     | query_engine                   | SQL: SELECT financial_item, financial_category, year, value, units FROM financials WHERE company_id = 'CIPLA' AND is_active = TRUE ORDER BY year DESC, financial_item…
2026-05-31 12:31:57 | INFO     | query_engine                   | SQL: SELECT financial_item, financial_category, year, value, units FROM financials WHERE company_id = 'CIPLA' AND is_active = TRUE ORDER BY year DESC, financial_item…
2026-05-31 12:31:57 | INFO     | query_engine                   | SQL: SELECT financial_item, financial_category, year, value, units FROM financials WHERE company_id = 'DRL' AND is_active = TRUE ORDER BY year DESC, financial_item…
2026-05-31 12:31:57 | INFO     | query_engine                   | SQL: SELECT financial_item, financial_category, year, value, units FROM financials WHERE company_id = 'DRL' AND is_active = TRUE ORDER BY year DESC, financial_item…
2026-05-31 12:31:57 | INFO     | query_engine                   | SQL: SELECT financial_item, financial_category, year, value, units FROM financials WHERE company_id = 'DRL' AND is_active = TRUE ORDER BY year DESC, financial_item…
2026-05-31 12:31:57 | INFO     | query_engine                   | SQL: SELECT financial_item, financial_category, year, value, units FROM financials WHERE company_id = 'DRL' AND is_active = TRUE ORDER BY year DESC, financial_item…
2026-05-31 12:31:57 | INFO     | query_engine                   | SQL: SELECT financial_item, year, value, units FROM financials WHERE company_id = 'DRL'   AND financial_category = 'P&L Consolidated'   AND is_active = TRUE…
2026-05-31 12:31:57 | WARNING  | reshaper                       | No P&L data for DRL/P&L Consolidated
2026-05-31 12:31:57 | INFO     | query_engine                   | SQL: SELECT financial_item, financial_category, year, value, units FROM financials WHERE company_id = 'DRL' AND is_active = TRUE ORDER BY year DESC, financial_item…
2026-05-31 12:31:57 | INFO     | query_engine                   | SQL: SELECT financial_item, year, value, units FROM financials WHERE company_id = 'DRL'   AND financial_category = 'P&L Consolidated'   AND is_active = TRUE…
2026-05-31 12:31:57 | WARNING  | reshaper                       | No P&L data for DRL/P&L Consolidated
2026-05-31 12:31:57 | INFO     | query_engine                   | SQL: SELECT financial_item, financial_category, year, value, units FROM financials WHERE company_id = 'DRL' AND is_active = TRUE ORDER BY year DESC, financial_item…
2026-05-31 12:31:57 | INFO     | query_engine                   | SQL: SELECT financial_item, year, value, units FROM financials WHERE company_id = 'DRL'   AND financial_category = 'P&L Consolidated'   AND is_active = TRUE…
2026-05-31 12:31:57 | WARNING  | reshaper                       | No P&L data for DRL/P&L Consolidated
2026-05-31 12:31:57 | INFO     | query_engine                   | SQL: SELECT financial_item, financial_category, year, value, units FROM financials WHERE company_id = 'LUPIN' AND is_active = TRUE ORDER BY year DESC, financial_item…
2026-05-31 12:31:57 | INFO     | query_engine                   | SQL: SELECT financial_item, financial_category, year, value, units FROM financials WHERE company_id = 'LUPIN' AND is_active = TRUE ORDER BY year DESC, financial_item…
2026-05-31 12:31:57 | INFO     | query_engine                   | SQL: SELECT financial_item, financial_category, year, value, units FROM financials WHERE company_id = 'LUPIN' AND is_active = TRUE ORDER BY year DESC, financial_item…
2026-05-31 12:31:57 | INFO     | query_engine                   | SQL: SELECT financial_item, financial_category, year, value, units FROM financials WHERE company_id = 'LUPIN' AND is_active = TRUE ORDER BY year DESC, financial_item…
2026-05-31 12:31:57 | INFO     | query_engine                   | SQL: SELECT financial_item, financial_category, year, value, units FROM financials WHERE company_id = 'LUPIN' AND is_active = TRUE ORDER BY year DESC, financial_item…
2026-05-31 12:31:57 | INFO     | query_engine                   | SQL: SELECT financial_item, financial_category, year, value, units FROM financials WHERE company_id = 'LUPIN' AND is_active = TRUE ORDER BY year DESC, financial_item…
2026-05-31 12:31:57 | INFO     | query_engine                   | SQL: SELECT financial_item, financial_category, year, value, units FROM financials WHERE company_id = 'SUN' AND is_active = TRUE ORDER BY year DESC, financial_item…
2026-05-31 12:31:57 | INFO     | query_engine                   | SQL: SELECT financial_item, year, value, units FROM financials WHERE company_id = 'SUN'   AND financial_category = 'P&L Consolidated'   AND is_active = TRUE…
2026-05-31 12:31:57 | INFO     | cost_structure | Running cost structure analysis …
2026-05-31 12:31:58 | INFO     | cost_structure | Cost structure analysis complete.
2026-05-31 12:31:58 | INFO     | query_engine                   | SQL: SELECT financial_item, financial_category, year, value, units FROM financials WHERE company_id = 'SUN' AND is_active = TRUE ORDER BY year DESC, financial_item…
2026-05-31 12:31:58 | INFO     | query_engine                   | SQL: SELECT financial_item, year, value, units FROM financials WHERE company_id = 'SUN'   AND financial_category = 'P&L Consolidated'   AND is_active = TRUE…
2026-05-31 12:31:58 | INFO     | cost_structure | Running cost structure analysis …
2026-05-31 12:31:58 | INFO     | cost_structure | Cost structure analysis complete.
2026-05-31 12:31:58 | INFO     | query_engine                   | SQL: SELECT financial_item, financial_category, year, value, units FROM financials WHERE company_id = 'SUN' AND is_active = TRUE ORDER BY year DESC, financial_item…
2026-05-31 12:31:58 | INFO     | query_engine                   | SQL: SELECT financial_item, year, value, units FROM financials WHERE company_id = 'SUN'   AND financial_category = 'P&L Consolidated'   AND is_active = TRUE…
2026-05-31 12:31:58 | INFO     | cost_structure | Running cost structure analysis …
2026-05-31 12:31:59 | INFO     | cost_structure | Cost structure analysis complete.
2026-05-31 12:31:59 | INFO     | query_engine                   | SQL: SELECT financial_item, financial_category, year, value, units FROM financials WHERE company_id = 'SUN' AND is_active = TRUE ORDER BY year DESC, financial_item…
2026-05-31 12:31:59 | INFO     | query_engine                   | SQL: SELECT financial_item, year, value, units FROM financials WHERE company_id = 'SUN'   AND financial_category = 'P&L Consolidated'   AND is_active = TRUE…
2026-05-31 12:31:59 | INFO     | cost_structure | Running cost structure analysis …
2026-05-31 12:31:59 | INFO     | cost_structure | Cost structure analysis complete.
2026-05-31 12:31:59 | INFO     | query_engine                   | SQL: SELECT financial_item, financial_category, year, value, units FROM financials WHERE company_id = 'SUN' AND is_active = TRUE ORDER BY year DESC, financial_item…
2026-05-31 12:31:59 | INFO     | query_engine                   | SQL: SELECT financial_item, year, value, units FROM financials WHERE company_id = 'SUN'   AND financial_category = 'P&L Consolidated'   AND is_active = TRUE…
2026-05-31 12:31:59 | INFO     | cost_structure | Running cost structure analysis …
2026-05-31 12:32:00 | INFO     | cost_structure | Cost structure analysis complete.
2026-05-31 12:32:00 | INFO     | query_engine                   | SQL: SELECT financial_item, financial_category, year, value, units FROM financials WHERE company_id = 'SUN' AND is_active = TRUE ORDER BY year DESC, financial_item…
2026-05-31 12:32:00 | INFO     | query_engine                   | SQL: SELECT financial_item, year, value, units FROM financials WHERE company_id = 'SUN'   AND financial_category = 'P&L Consolidated'   AND is_active = TRUE…
2026-05-31 12:32:00 | INFO     | cost_structure | Running cost structure analysis …
2026-05-31 12:32:00 | INFO     | cost_structure | Cost structure analysis complete.
2026-05-31 12:32:48 | INFO     | query_engine                   | DuckDB views registered: financials, financials_latest, company_master, sector_mapping, audit_log
2026-05-31 12:32:48 | INFO     | query_engine                   | SQL: SELECT financial_item, year, value, units FROM financials WHERE company_id = 'CIPLA'   AND financial_category = 'P&L Consolidated'   AND is_active = TRUE…
2026-05-31 12:32:48 | WARNING  | reshaper                       | No P&L data for CIPLA/P&L Consolidated
2026-05-31 12:32:48 | INFO     | query_engine                   | SQL: SELECT financial_item, year, value, units FROM financials WHERE company_id = 'CIPLA'   AND financial_category = 'P&L'   AND is_active = TRUE…
2026-05-31 12:32:48 | WARNING  | reshaper                       | No P&L data for CIPLA/P&L
2026-05-31 12:32:48 | INFO     | query_engine                   | SQL: SELECT financial_item, year, value, units FROM financials WHERE company_id = 'DRL'   AND financial_category = 'P&L Consolidated'   AND is_active = TRUE…
2026-05-31 12:32:48 | WARNING  | reshaper                       | No P&L data for DRL/P&L Consolidated
2026-05-31 12:32:48 | INFO     | query_engine                   | SQL: SELECT financial_item, year, value, units FROM financials WHERE company_id = 'DRL'   AND financial_category = 'P&L'   AND is_active = TRUE…
2026-05-31 12:32:48 | INFO     | cost_structure | Running cost structure analysis …
2026-05-31 12:32:48 | INFO     | cost_structure | Cost structure analysis complete.
2026-05-31 12:32:48 | INFO     | query_engine                   | SQL: SELECT financial_item, year, value, units FROM financials WHERE company_id = 'LUPIN'   AND financial_category = 'P&L Consolidated'   AND is_active = TRUE…
2026-05-31 12:32:48 | WARNING  | reshaper                       | No P&L data for LUPIN/P&L Consolidated
2026-05-31 12:32:48 | INFO     | query_engine                   | SQL: SELECT financial_item, year, value, units FROM financials WHERE company_id = 'LUPIN'   AND financial_category = 'P&L'   AND is_active = TRUE…
2026-05-31 12:32:48 | WARNING  | reshaper                       | No P&L data for LUPIN/P&L
2026-05-31 12:32:48 | INFO     | query_engine                   | SQL: SELECT financial_item, year, value, units FROM financials WHERE company_id = 'SUN'   AND financial_category = 'P&L Consolidated'   AND is_active = TRUE…
2026-05-31 12:32:48 | INFO     | cost_structure | Running cost structure analysis …
2026-05-31 12:32:48 | INFO     | cost_structure | Cost structure analysis complete.
2026-05-31 12:32:48 | INFO     | query_engine                   | DuckDB views registered: financials, financials_latest, company_master, sector_mapping, audit_log
2026-05-31 12:32:48 | INFO     | query_engine                   | SQL: SELECT financial_item, financial_category, year, value, units FROM financials WHERE company_id = 'CIPLA' AND is_active = TRUE ORDER BY year DESC, financial_item…
2026-05-31 12:32:48 | INFO     | query_engine                   | SQL: SELECT financial_item, financial_category, year, value, units FROM financials WHERE company_id = 'DRL' AND is_active = TRUE ORDER BY year DESC, financial_item…
2026-05-31 12:32:48 | INFO     | query_engine                   | SQL: SELECT financial_item, year, value, units FROM financials WHERE company_id = 'DRL'   AND financial_category = 'P&L Consolidated'   AND is_active = TRUE…
2026-05-31 12:32:48 | WARNING  | reshaper                       | No P&L data for DRL/P&L Consolidated
2026-05-31 12:32:48 | INFO     | query_engine                   | SQL: SELECT financial_item, financial_category, year, value, units FROM financials WHERE company_id = 'DRL' AND is_active = TRUE ORDER BY year DESC, financial_item…
2026-05-31 12:32:48 | INFO     | query_engine                   | SQL: SELECT financial_item, financial_category, year, value, units FROM financials WHERE company_id = 'LUPIN' AND is_active = TRUE ORDER BY year DESC, financial_item…
2026-05-31 12:32:48 | INFO     | query_engine                   | SQL: SELECT financial_item, financial_category, year, value, units FROM financials WHERE company_id = 'SUN' AND is_active = TRUE ORDER BY year DESC, financial_item…
2026-05-31 12:32:49 | INFO     | query_engine                   | SQL: SELECT financial_item, year, value, units FROM financials WHERE company_id = 'SUN'   AND financial_category = 'P&L Consolidated'   AND is_active = TRUE…
2026-05-31 12:32:49 | INFO     | cost_structure | Running cost structure analysis …
2026-05-31 12:32:49 | INFO     | cost_structure | Cost structure analysis complete.
2026-05-31 12:32:49 | INFO     | query_engine                   | SQL: SELECT financial_item, financial_category, year, value, units FROM financials WHERE company_id = 'SUN' AND is_active = TRUE ORDER BY year DESC, financial_item…
2026-05-31 12:32:49 | INFO     | query_engine                   | DuckDB views registered: financials, financials_latest, company_master, sector_mapping, audit_log
2026-05-31 12:32:49 | INFO     | query_engine                   | SQL:              SELECT c.company_id, c.company_name,                 MAX(CASE WHEN f.financial_item='Revenue from Operations' THEN f.value END) as revenue,                 MAX(CASE WHEN f.financial_item=…
2026-05-31 12:32:49 | INFO     | query_engine                   | SQL: SELECT financial_item, financial_category, year, value, units FROM financials WHERE company_id = 'SUN' AND is_active = TRUE ORDER BY year DESC, financial_item…
2026-05-31 12:32:49 | INFO     | query_engine                   | SQL: SELECT financial_item, year, value, units FROM financials WHERE company_id = 'SUN'   AND financial_category = 'P&L Consolidated'   AND is_active = TRUE…
2026-05-31 12:32:49 | INFO     | cost_structure | Running cost structure analysis …
2026-05-31 12:32:50 | INFO     | cost_structure | Cost structure analysis complete.
2026-05-31 12:32:50 | INFO     | query_engine                   | SQL: SELECT financial_item, financial_category, year, value, units FROM financials WHERE company_id = 'DRL' AND is_active = TRUE ORDER BY year DESC, financial_item…
2026-05-31 12:32:50 | INFO     | query_engine                   | SQL: SELECT financial_item, year, value, units FROM financials WHERE company_id = 'DRL'   AND financial_category = 'P&L Consolidated'   AND is_active = TRUE…
2026-05-31 12:32:50 | WARNING  | reshaper                       | No P&L data for DRL/P&L Consolidated
2026-05-31 12:33:45 | INFO     | query_engine                   | DuckDB views registered: financials, financials_latest, company_master, sector_mapping, audit_log
2026-05-31 12:33:45 | INFO     | query_engine                   | SQL: SELECT financial_item, financial_category, year, value, units FROM financials WHERE company_id = 'SUN' AND is_active = TRUE ORDER BY year DESC, financial_item…
2026-05-31 12:33:45 | INFO     | query_engine                   | SQL: SELECT financial_item, year, value, units FROM financials WHERE company_id = 'SUN'   AND financial_category = 'P&L Consolidated'   AND is_active = TRUE…
2026-05-31 12:33:45 | INFO     | cost_structure | Running cost structure analysis …
2026-05-31 12:33:46 | INFO     | cost_structure | Cost structure analysis complete.
2026-05-31 12:34:05 | INFO     | query_engine                   | DuckDB views registered: financials, financials_latest, company_master, sector_mapping, audit_log
2026-05-31 12:34:05 | INFO     | query_engine                   | SQL: SELECT financial_item, financial_category, year, value, units FROM financials WHERE company_id = 'SUN' AND is_active = TRUE ORDER BY year DESC, financial_item…
2026-05-31 12:34:05 | INFO     | query_engine                   | SQL: SELECT financial_item, year, value, units FROM financials WHERE company_id = 'SUN'   AND financial_category = 'P&L Consolidated'   AND is_active = TRUE…
2026-05-31 12:34:05 | INFO     | cost_structure | Running cost structure analysis …
2026-05-31 12:34:05 | INFO     | cost_structure | Cost structure analysis complete.
2026-05-31 12:36:21 | INFO     | query_engine                   | DuckDB views registered: financials, financials_latest, company_master, sector_mapping, audit_log
2026-05-31 12:36:21 | INFO     | query_engine                   | SQL: SELECT financial_item, financial_category, year, value, units FROM financials WHERE company_id = 'SUN' AND is_active = TRUE ORDER BY year DESC, financial_item…
2026-05-31 12:37:14 | INFO     | query_engine                   | DuckDB views registered: financials, financials_latest, company_master, sector_mapping, audit_log
2026-05-31 12:37:14 | INFO     | query_engine                   | SQL: SELECT financial_item, financial_category, year, value, units FROM financials WHERE company_id = 'CIPLA' AND is_active = TRUE ORDER BY year DESC, financial_item…
2026-05-31 12:37:14 | INFO     | query_engine                   | SQL: SELECT financial_item, financial_category, year, value, units FROM financials WHERE company_id = 'CIPLA' AND is_active = TRUE ORDER BY year DESC, financial_item…
2026-05-31 12:37:14 | INFO     | query_engine                   | SQL: SELECT financial_item, financial_category, year, value, units FROM financials WHERE company_id = 'CIPLA' AND is_active = TRUE ORDER BY year DESC, financial_item…
2026-05-31 12:37:14 | INFO     | query_engine                   | SQL: SELECT financial_item, financial_category, year, value, units FROM financials WHERE company_id = 'CIPLA' AND is_active = TRUE ORDER BY year DESC, financial_item…
2026-05-31 12:37:14 | INFO     | query_engine                   | SQL: SELECT financial_item, financial_category, year, value, units FROM financials WHERE company_id = 'CIPLA' AND is_active = TRUE ORDER BY year DESC, financial_item…
2026-05-31 12:37:14 | INFO     | query_engine                   | SQL: SELECT financial_item, financial_category, year, value, units FROM financials WHERE company_id = 'CIPLA' AND is_active = TRUE ORDER BY year DESC, financial_item…
2026-05-31 12:37:14 | INFO     | query_engine                   | SQL: SELECT financial_item, financial_category, year, value, units FROM financials WHERE company_id = 'DRL' AND is_active = TRUE ORDER BY year DESC, financial_item…
2026-05-31 12:37:14 | INFO     | query_engine                   | SQL: SELECT financial_item, financial_category, year, value, units FROM financials WHERE company_id = 'DRL' AND is_active = TRUE ORDER BY year DESC, financial_item…
2026-05-31 12:37:14 | INFO     | query_engine                   | SQL: SELECT financial_item, financial_category, year, value, units FROM financials WHERE company_id = 'DRL' AND is_active = TRUE ORDER BY year DESC, financial_item…
2026-05-31 12:37:14 | INFO     | query_engine                   | SQL: SELECT financial_item, financial_category, year, value, units FROM financials WHERE company_id = 'DRL' AND is_active = TRUE ORDER BY year DESC, financial_item…
2026-05-31 12:37:14 | INFO     | query_engine                   | SQL: SELECT financial_item, year, value, units FROM financials WHERE company_id = 'DRL'   AND financial_category = 'P&L Consolidated'   AND is_active = TRUE…
2026-05-31 12:37:14 | WARNING  | reshaper                       | No P&L data for DRL/P&L Consolidated
2026-05-31 12:37:14 | INFO     | query_engine                   | SQL: SELECT financial_item, financial_category, year, value, units FROM financials WHERE company_id = 'DRL' AND is_active = TRUE ORDER BY year DESC, financial_item…
2026-05-31 12:37:14 | INFO     | query_engine                   | SQL: SELECT financial_item, year, value, units FROM financials WHERE company_id = 'DRL'   AND financial_category = 'P&L Consolidated'   AND is_active = TRUE…
2026-05-31 12:37:15 | WARNING  | reshaper                       | No P&L data for DRL/P&L Consolidated
2026-05-31 12:37:15 | INFO     | query_engine                   | SQL: SELECT financial_item, financial_category, year, value, units FROM financials WHERE company_id = 'DRL' AND is_active = TRUE ORDER BY year DESC, financial_item…
2026-05-31 12:37:15 | INFO     | query_engine                   | SQL: SELECT financial_item, year, value, units FROM financials WHERE company_id = 'DRL'   AND financial_category = 'P&L Consolidated'   AND is_active = TRUE…
2026-05-31 12:37:15 | WARNING  | reshaper                       | No P&L data for DRL/P&L Consolidated
2026-05-31 12:37:15 | INFO     | query_engine                   | SQL: SELECT financial_item, financial_category, year, value, units FROM financials WHERE company_id = 'LUPIN' AND is_active = TRUE ORDER BY year DESC, financial_item…
2026-05-31 12:37:15 | INFO     | query_engine                   | SQL: SELECT financial_item, financial_category, year, value, units FROM financials WHERE company_id = 'LUPIN' AND is_active = TRUE ORDER BY year DESC, financial_item…
2026-05-31 12:37:15 | INFO     | query_engine                   | SQL: SELECT financial_item, financial_category, year, value, units FROM financials WHERE company_id = 'LUPIN' AND is_active = TRUE ORDER BY year DESC, financial_item…
2026-05-31 12:37:15 | INFO     | query_engine                   | SQL: SELECT financial_item, financial_category, year, value, units FROM financials WHERE company_id = 'LUPIN' AND is_active = TRUE ORDER BY year DESC, financial_item…
2026-05-31 12:37:15 | INFO     | query_engine                   | SQL: SELECT financial_item, financial_category, year, value, units FROM financials WHERE company_id = 'LUPIN' AND is_active = TRUE ORDER BY year DESC, financial_item…
2026-05-31 12:37:15 | INFO     | query_engine                   | SQL: SELECT financial_item, financial_category, year, value, units FROM financials WHERE company_id = 'LUPIN' AND is_active = TRUE ORDER BY year DESC, financial_item…
2026-05-31 12:37:15 | INFO     | query_engine                   | SQL: SELECT financial_item, financial_category, year, value, units FROM financials WHERE company_id = 'SUN' AND is_active = TRUE ORDER BY year DESC, financial_item…
2026-05-31 12:37:15 | INFO     | query_engine                   | SQL: SELECT financial_item, year, value, units FROM financials WHERE company_id = 'SUN'   AND financial_category = 'P&L Consolidated'   AND is_active = TRUE…
2026-05-31 12:37:15 | INFO     | cost_structure | Running cost structure analysis …
2026-05-31 12:37:15 | INFO     | cost_structure | Cost structure analysis complete.
2026-05-31 12:37:15 | INFO     | query_engine                   | SQL: SELECT financial_item, financial_category, year, value, units FROM financials WHERE company_id = 'SUN' AND is_active = TRUE ORDER BY year DESC, financial_item…
2026-05-31 12:37:16 | INFO     | query_engine                   | SQL: SELECT financial_item, year, value, units FROM financials WHERE company_id = 'SUN'   AND financial_category = 'P&L Consolidated'   AND is_active = TRUE…
2026-05-31 12:37:16 | INFO     | cost_structure | Running cost structure analysis …
2026-05-31 12:37:16 | INFO     | cost_structure | Cost structure analysis complete.
2026-05-31 12:37:16 | INFO     | query_engine                   | SQL: SELECT financial_item, financial_category, year, value, units FROM financials WHERE company_id = 'SUN' AND is_active = TRUE ORDER BY year DESC, financial_item…
2026-05-31 12:37:16 | INFO     | query_engine                   | SQL: SELECT financial_item, year, value, units FROM financials WHERE company_id = 'SUN'   AND financial_category = 'P&L Consolidated'   AND is_active = TRUE…
2026-05-31 12:37:16 | INFO     | cost_structure | Running cost structure analysis …
2026-05-31 12:37:17 | INFO     | cost_structure | Cost structure analysis complete.
2026-05-31 12:37:17 | INFO     | query_engine                   | SQL: SELECT financial_item, financial_category, year, value, units FROM financials WHERE company_id = 'SUN' AND is_active = TRUE ORDER BY year DESC, financial_item…
2026-05-31 12:37:17 | INFO     | query_engine                   | SQL: SELECT financial_item, year, value, units FROM financials WHERE company_id = 'SUN'   AND financial_category = 'P&L Consolidated'   AND is_active = TRUE…
2026-05-31 12:37:17 | INFO     | cost_structure | Running cost structure analysis …
2026-05-31 12:37:17 | INFO     | cost_structure | Cost structure analysis complete.
2026-05-31 12:37:17 | INFO     | query_engine                   | SQL: SELECT financial_item, financial_category, year, value, units FROM financials WHERE company_id = 'SUN' AND is_active = TRUE ORDER BY year DESC, financial_item…
2026-05-31 12:37:17 | INFO     | query_engine                   | SQL: SELECT financial_item, year, value, units FROM financials WHERE company_id = 'SUN'   AND financial_category = 'P&L Consolidated'   AND is_active = TRUE…
2026-05-31 12:37:17 | INFO     | cost_structure | Running cost structure analysis …
2026-05-31 12:37:18 | INFO     | cost_structure | Cost structure analysis complete.
2026-05-31 12:37:18 | INFO     | query_engine                   | SQL: SELECT financial_item, financial_category, year, value, units FROM financials WHERE company_id = 'SUN' AND is_active = TRUE ORDER BY year DESC, financial_item…
2026-05-31 12:37:18 | INFO     | query_engine                   | SQL: SELECT financial_item, year, value, units FROM financials WHERE company_id = 'SUN'   AND financial_category = 'P&L Consolidated'   AND is_active = TRUE…
2026-05-31 12:37:18 | INFO     | cost_structure | Running cost structure analysis …
2026-05-31 12:37:18 | INFO     | cost_structure | Cost structure analysis complete.
2026-05-31 12:37:31 | INFO     | query_engine                   | DuckDB views registered: financials, financials_latest, company_master, sector_mapping, audit_log
2026-05-31 12:37:31 | INFO     | query_engine                   | SQL: SELECT financial_item, year, value, units FROM financials WHERE company_id = 'CIPLA'   AND financial_category = 'P&L Consolidated'   AND is_active = TRUE…
2026-05-31 12:37:31 | WARNING  | reshaper                       | No P&L data for CIPLA/P&L Consolidated
2026-05-31 12:37:31 | INFO     | query_engine                   | SQL: SELECT financial_item, year, value, units FROM financials WHERE company_id = 'CIPLA'   AND financial_category = 'P&L'   AND is_active = TRUE…
2026-05-31 12:37:31 | WARNING  | reshaper                       | No P&L data for CIPLA/P&L
2026-05-31 12:37:31 | INFO     | query_engine                   | SQL: SELECT financial_item, year, value, units FROM financials WHERE company_id = 'DRL'   AND financial_category = 'P&L Consolidated'   AND is_active = TRUE…
2026-05-31 12:37:31 | WARNING  | reshaper                       | No P&L data for DRL/P&L Consolidated
2026-05-31 12:37:31 | INFO     | query_engine                   | SQL: SELECT financial_item, year, value, units FROM financials WHERE company_id = 'DRL'   AND financial_category = 'P&L'   AND is_active = TRUE…
2026-05-31 12:37:31 | INFO     | cost_structure | Running cost structure analysis …
2026-05-31 12:37:32 | INFO     | cost_structure | Cost structure analysis complete.
2026-05-31 12:37:32 | INFO     | query_engine                   | SQL: SELECT financial_item, year, value, units FROM financials WHERE company_id = 'LUPIN'   AND financial_category = 'P&L Consolidated'   AND is_active = TRUE…
2026-05-31 12:37:32 | WARNING  | reshaper                       | No P&L data for LUPIN/P&L Consolidated
2026-05-31 12:37:32 | INFO     | query_engine                   | SQL: SELECT financial_item, year, value, units FROM financials WHERE company_id = 'LUPIN'   AND financial_category = 'P&L'   AND is_active = TRUE…
2026-05-31 12:37:32 | WARNING  | reshaper                       | No P&L data for LUPIN/P&L
2026-05-31 12:37:32 | INFO     | query_engine                   | SQL: SELECT financial_item, year, value, units FROM financials WHERE company_id = 'SUN'   AND financial_category = 'P&L Consolidated'   AND is_active = TRUE…
2026-05-31 12:37:32 | INFO     | cost_structure | Running cost structure analysis …
2026-05-31 12:37:33 | INFO     | cost_structure | Cost structure analysis complete.
2026-05-31 12:37:33 | INFO     | query_engine                   | DuckDB views registered: financials, financials_latest, company_master, sector_mapping, audit_log
2026-05-31 12:37:33 | INFO     | query_engine                   | SQL: SELECT financial_item, financial_category, year, value, units FROM financials WHERE company_id = 'CIPLA' AND is_active = TRUE ORDER BY year DESC, financial_item…
2026-05-31 12:37:33 | INFO     | query_engine                   | SQL: SELECT financial_item, financial_category, year, value, units FROM financials WHERE company_id = 'DRL' AND is_active = TRUE ORDER BY year DESC, financial_item…
2026-05-31 12:37:33 | INFO     | query_engine                   | SQL: SELECT financial_item, year, value, units FROM financials WHERE company_id = 'DRL'   AND financial_category = 'P&L Consolidated'   AND is_active = TRUE…
2026-05-31 12:37:33 | WARNING  | reshaper                       | No P&L data for DRL/P&L Consolidated
2026-05-31 12:37:33 | INFO     | query_engine                   | SQL: SELECT financial_item, financial_category, year, value, units FROM financials WHERE company_id = 'LUPIN' AND is_active = TRUE ORDER BY year DESC, financial_item…
2026-05-31 12:37:33 | INFO     | query_engine                   | SQL: SELECT financial_item, financial_category, year, value, units FROM financials WHERE company_id = 'SUN' AND is_active = TRUE ORDER BY year DESC, financial_item…
2026-05-31 12:37:33 | INFO     | query_engine                   | SQL: SELECT financial_item, year, value, units FROM financials WHERE company_id = 'SUN'   AND financial_category = 'P&L Consolidated'   AND is_active = TRUE…
2026-05-31 12:37:33 | INFO     | cost_structure | Running cost structure analysis …
2026-05-31 12:37:34 | INFO     | cost_structure | Cost structure analysis complete.
2026-05-31 12:37:34 | INFO     | query_engine                   | DuckDB views registered: financials, financials_latest, company_master, sector_mapping, audit_log
2026-05-31 12:37:34 | INFO     | query_engine                   | SQL:              SELECT c.company_id, c.company_name,                 MAX(CASE WHEN f.financial_item='Revenue from Operations' THEN f.value END) as revenue,                 MAX(CASE WHEN f.financial_item=…
2026-05-31 12:37:34 | INFO     | query_engine                   | SQL: SELECT financial_item, financial_category, year, value, units FROM financials WHERE company_id = 'SUN' AND is_active = TRUE ORDER BY year DESC, financial_item…
2026-05-31 12:37:34 | INFO     | query_engine                   | SQL: SELECT financial_item, year, value, units FROM financials WHERE company_id = 'SUN'   AND financial_category = 'P&L Consolidated'   AND is_active = TRUE…
2026-05-31 12:37:34 | INFO     | cost_structure | Running cost structure analysis …
2026-05-31 12:37:35 | INFO     | cost_structure | Cost structure analysis complete.
2026-05-31 12:37:35 | INFO     | query_engine                   | SQL: SELECT financial_item, financial_category, year, value, units FROM financials WHERE company_id = 'DRL' AND is_active = TRUE ORDER BY year DESC, financial_item…
2026-05-31 12:37:35 | INFO     | query_engine                   | SQL: SELECT financial_item, year, value, units FROM financials WHERE company_id = 'DRL'   AND financial_category = 'P&L Consolidated'   AND is_active = TRUE…
2026-05-31 12:37:35 | WARNING  | reshaper                       | No P&L data for DRL/P&L Consolidated
2026-05-31 12:37:52 | INFO     | query_engine                   | DuckDB views registered: financials, financials_latest, company_master, sector_mapping, audit_log
2026-05-31 12:37:52 | INFO     | query_engine                   | SQL: SELECT financial_item, financial_category, year, value, units FROM financials WHERE company_id = 'SUN' AND is_active = TRUE ORDER BY year DESC, financial_item…
INFO:     Started server process [20644]
INFO:     Waiting for application startup.
INFO:     Application startup complete.
INFO:     Uvicorn running on http://127.0.0.1:8000 (Press CTRL+C to quit)
2026-05-31 19:17:00 | INFO     | query_engine                   | DuckDB views registered: financials, financials_latest, company_master, sector_mapping, audit_log
2026-05-31 19:17:00 | INFO     | normalizer                     | Loaded 27 canonical items, 93 total aliases
2026-05-31 19:17:00 | INFO     | query_engine                   | DuckDB views registered: financials, financials_latest, company_master, sector_mapping, audit_log
2026-05-31 19:17:00 | INFO     | query_engine                   | SQL: SELECT financial_item, financial_category, year, value, units FROM financials WHERE company_id = 'CIPLA' AND is_active = TRUE ORDER BY year DESC, financial_item…
2026-05-31 19:17:04 | INFO     | query_engine                   | DuckDB views registered: financials, financials_latest, company_master, sector_mapping, audit_log
2026-05-31 19:17:04 | INFO     | query_engine                   | SQL: SELECT financial_item, financial_category, year, value, units FROM financials WHERE company_id = 'SUN' AND is_active = TRUE ORDER BY year DESC, financial_item…
2026-05-31 20:30:24 | INFO     | query_engine                   | DuckDB views registered: financials, financials_latest, company_master, sector_mapping, audit_log
2026-05-31 20:30:24 | INFO     | query_engine                   | SQL: SELECT financial_item, financial_category, year, value, units FROM financials WHERE company_id = 'DRL' AND is_active = TRUE ORDER BY year DESC, financial_item…
2026-05-31 20:39:56 | INFO     | query_engine                   | DuckDB views registered: financials, financials_latest, company_master, sector_mapping, audit_log
2026-05-31 20:39:58 | INFO     | warehouse                      | Ingested batch: {'ingestion_id': '2d04f7cb-089b-40fa-8ffd-7ce1ef0442ff', 'rows_loaded': 43, 'rows_revised': 0, 'rows_new': 43}
2026-05-31 20:39:58 | INFO     | query_engine                   | DuckDB views registered: financials, financials_latest, company_master, sector_mapping, audit_log
2026-05-31 20:39:58 | INFO     | query_engine                   | DuckDB views registered: financials, financials_latest, company_master, sector_mapping, audit_log
2026-05-31 20:39:58 | INFO     | query_engine                   | SQL: SELECT financial_item, year, value, units FROM financials WHERE company_id = 'DRL'   AND financial_category = 'P&L Consolidated'   AND is_active = TRUE…
2026-05-31 20:39:58 | INFO     | query_engine                   | SQL: SELECT financial_item, year, value, units FROM financials WHERE company_id = 'DRL'   AND financial_category = 'P&L Standalone'   AND is_active = TRUE…
2026-05-31 20:39:58 | INFO     | query_engine                   | SQL: SELECT financial_item, year, value, units FROM financials WHERE company_id = 'DRL'   AND financial_category = 'Altman Z'   AND financial_item IN ('Revenue from Operations','EBITDA','PAT','Total Assets…
2026-05-31 20:39:58 | INFO     | cost_structure | Running cost structure analysis …
2026-05-31 20:39:58 | INFO     | cost_structure | Cost structure analysis complete.
2026-05-31 20:39:58 | INFO     | bankruptcy | Running bankruptcy/Altman Z analysis …
2026-05-31 20:40:01 | INFO     | query_engine                   | DuckDB views registered: financials, financials_latest, company_master, sector_mapping, audit_log
2026-05-31 20:40:01 | INFO     | query_engine                   | SQL: SELECT financial_item, financial_category, year, value, units FROM financials WHERE company_id = 'DRL' AND is_active = TRUE ORDER BY year DESC, financial_item…
2026-05-31 20:40:01 | INFO     | query_engine                   | SQL: SELECT financial_item, year, value, units FROM financials WHERE company_id = 'DRL'   AND financial_category = 'P&L Consolidated'   AND is_active = TRUE…
2026-05-31 20:40:01 | INFO     | cost_structure | Running cost structure analysis …
2026-05-31 20:40:01 | INFO     | cost_structure | Cost structure analysis complete.
2026-05-31 20:40:01 | INFO     | query_engine                   | DuckDB views registered: financials, financials_latest, company_master, sector_mapping, audit_log
2026-05-31 20:40:01 | INFO     | query_engine                   | SQL: SELECT financial_item, financial_category, year, value, units FROM financials WHERE company_id = 'DRL' AND is_active = TRUE ORDER BY year DESC, financial_item…
2026-05-31 20:40:28 | INFO     | query_engine                   | DuckDB views registered: financials, financials_latest, company_master, sector_mapping, audit_log
2026-05-31 20:40:28 | INFO     | query_engine                   | SQL: SELECT financial_item, financial_category, year, value, units FROM financials WHERE company_id = 'DRL' AND is_active = TRUE ORDER BY year DESC, financial_item…
2026-05-31 20:40:28 | INFO     | query_engine                   | SQL: SELECT financial_item, year, value, units FROM financials WHERE company_id = 'DRL'   AND financial_category = 'P&L Consolidated'   AND is_active = TRUE…
2026-05-31 20:40:28 | INFO     | cost_structure | Running cost structure analysis …
2026-05-31 20:40:28 | INFO     | cost_structure | Cost structure analysis complete.
2026-05-31 20:40:28 | INFO     | query_engine                   | DuckDB views registered: financials, financials_latest, company_master, sector_mapping, audit_log
2026-05-31 20:40:28 | INFO     | query_engine                   | SQL: SELECT financial_item, financial_category, year, value, units FROM financials WHERE company_id = 'DRL' AND is_active = TRUE ORDER BY year DESC, financial_item…
2026-05-31 20:40:43 | INFO     | query_engine                   | DuckDB views registered: financials, financials_latest, company_master, sector_mapping, audit_log
2026-05-31 20:40:43 | INFO     | query_engine                   | SQL: SELECT financial_item, financial_category, year, value, units FROM financials WHERE company_id = 'DRL' AND is_active = TRUE ORDER BY year DESC, financial_item…
2026-05-31 20:40:43 | INFO     | query_engine                   | SQL: SELECT financial_item, year, value, units FROM financials WHERE company_id = 'DRL'   AND financial_category = 'P&L Consolidated'   AND is_active = TRUE…
2026-05-31 20:40:43 | INFO     | cost_structure | Running cost structure analysis …
2026-05-31 20:40:44 | INFO     | cost_structure | Cost structure analysis complete.
2026-05-31 20:40:44 | INFO     | query_engine                   | DuckDB views registered: financials, financials_latest, company_master, sector_mapping, audit_log
2026-05-31 20:40:44 | INFO     | query_engine                   | SQL: SELECT financial_item, financial_category, year, value, units FROM financials WHERE company_id = 'DRL' AND is_active = TRUE ORDER BY year DESC, financial_item…
2026-05-31 20:41:00 | INFO     | query_engine                   | DuckDB views registered: financials, financials_latest, company_master, sector_mapping, audit_log
2026-05-31 20:41:00 | INFO     | query_engine                   | SQL: SELECT financial_item, financial_category, year, value, units FROM financials WHERE company_id = 'DRL' AND is_active = TRUE ORDER BY year DESC, financial_item…
2026-05-31 20:41:46 | INFO     | query_engine                   | DuckDB views registered: financials, financials_latest, company_master, sector_mapping, audit_log
2026-05-31 20:41:46 | INFO     | query_engine                   | SQL: SELECT financial_item, financial_category, year, value, units FROM financials WHERE company_id = 'DRL' AND is_active = TRUE ORDER BY year DESC, financial_item…
2026-05-31 20:41:46 | INFO     | query_engine                   | SQL: SELECT financial_item, year, value, units FROM financials WHERE company_id = 'DRL'   AND financial_category = 'P&L Consolidated'   AND is_active = TRUE…
2026-05-31 20:41:46 | INFO     | cost_structure | Running cost structure analysis …
2026-05-31 20:41:47 | INFO     | cost_structure | Cost structure analysis complete.
2026-05-31 20:41:47 | INFO     | query_engine                   | DuckDB views registered: financials, financials_latest, company_master, sector_mapping, audit_log
2026-05-31 20:41:47 | INFO     | query_engine                   | SQL: SELECT financial_item, financial_category, year, value, units FROM financials WHERE company_id = 'DRL' AND is_active = TRUE ORDER BY year DESC, financial_item…
2026-05-31 20:41:58 | INFO     | query_engine                   | DuckDB views registered: financials, financials_latest, company_master, sector_mapping, audit_log
2026-05-31 20:41:58 | INFO     | query_engine                   | SQL: SELECT financial_item, financial_category, year, value, units FROM financials WHERE company_id = 'LUPIN' AND is_active = TRUE ORDER BY year DESC, financial_item…
2026-05-31 20:41:58 | INFO     | query_engine                   | DuckDB views registered: financials, financials_latest, company_master, sector_mapping, audit_log
2026-05-31 20:41:58 | INFO     | query_engine                   | SQL: SELECT financial_item, financial_category, year, value, units FROM financials WHERE company_id = 'LUPIN' AND is_active = TRUE ORDER BY year DESC, financial_item…
2026-05-31 20:42:00 | INFO     | query_engine                   | DuckDB views registered: financials, financials_latest, company_master, sector_mapping, audit_log
2026-05-31 20:42:00 | INFO     | query_engine                   | SQL: SELECT financial_item, financial_category, year, value, units FROM financials WHERE company_id = 'CIPLA' AND is_active = TRUE ORDER BY year DESC, financial_item…
2026-05-31 20:42:00 | INFO     | query_engine                   | DuckDB views registered: financials, financials_latest, company_master, sector_mapping, audit_log
2026-05-31 20:42:00 | INFO     | query_engine                   | SQL: SELECT financial_item, financial_category, year, value, units FROM financials WHERE company_id = 'CIPLA' AND is_active = TRUE ORDER BY year DESC, financial_item…
2026-05-31 20:42:02 | INFO     | query_engine                   | DuckDB views registered: financials, financials_latest, company_master, sector_mapping, audit_log
2026-05-31 20:42:02 | INFO     | query_engine                   | SQL: SELECT financial_item, financial_category, year, value, units FROM financials WHERE company_id = 'CIPLA' AND is_active = TRUE ORDER BY year DESC, financial_item…
2026-05-31 20:52:50 | INFO     | query_engine                   | DuckDB views registered: financials, financials_latest, company_master, sector_mapping, audit_log
2026-05-31 20:52:50 | INFO     | query_engine                   | DuckDB views registered: financials, financials_latest, company_master, sector_mapping, audit_log
2026-05-31 20:52:59 | INFO     | query_engine                   | DuckDB views registered: financials, financials_latest, company_master, sector_mapping, audit_log
2026-05-31 20:52:59 | INFO     | warehouse                      | Ingested batch: {'ingestion_id': '1ab4a1fe-1f53-4ecf-a867-d136a7e96a57', 'rows_loaded': 43, 'rows_revised': 0, 'rows_new': 43}
2026-05-31 20:52:59 | INFO     | query_engine                   | DuckDB views registered: financials, financials_latest, company_master, sector_mapping, audit_log
2026-05-31 20:52:59 | INFO     | query_engine                   | DuckDB views registered: financials, financials_latest, company_master, sector_mapping, audit_log
2026-05-31 20:52:59 | INFO     | query_engine                   | SQL: SELECT financial_item, year, value, units FROM financials WHERE company_id = 'CIPLA'   AND financial_category = 'P&L Consolidated'   AND is_active = TRUE…
2026-05-31 20:53:00 | INFO     | query_engine                   | SQL: SELECT financial_item, year, value, units FROM financials WHERE company_id = 'CIPLA'   AND financial_category = 'P&L Standalone'   AND is_active = TRUE…
2026-05-31 20:53:00 | INFO     | query_engine                   | SQL: SELECT financial_item, year, value, units FROM financials WHERE company_id = 'CIPLA'   AND financial_category = 'Altman Z'   AND financial_item IN ('Revenue from Operations','EBITDA','PAT','Total Asse…
2026-05-31 20:53:00 | INFO     | cost_structure | Running cost structure analysis …
2026-05-31 20:53:00 | INFO     | cost_structure | Cost structure analysis complete.
2026-05-31 20:53:00 | INFO     | bankruptcy | Running bankruptcy/Altman Z analysis …
2026-05-31 20:53:02 | INFO     | query_engine                   | DuckDB views registered: financials, financials_latest, company_master, sector_mapping, audit_log
2026-05-31 20:53:02 | INFO     | query_engine                   | SQL: SELECT financial_item, financial_category, year, value, units FROM financials WHERE company_id = 'CIPLA' AND is_active = TRUE ORDER BY year DESC, financial_item…
2026-05-31 20:53:02 | INFO     | query_engine                   | SQL: SELECT financial_item, year, value, units FROM financials WHERE company_id = 'CIPLA'   AND financial_category = 'P&L Consolidated'   AND is_active = TRUE…
2026-05-31 20:53:02 | INFO     | cost_structure | Running cost structure analysis …
2026-05-31 20:53:03 | INFO     | cost_structure | Cost structure analysis complete.
2026-05-31 20:53:03 | INFO     | query_engine                   | DuckDB views registered: financials, financials_latest, company_master, sector_mapping, audit_log
2026-05-31 20:53:03 | INFO     | query_engine                   | SQL: SELECT financial_item, financial_category, year, value, units FROM financials WHERE company_id = 'CIPLA' AND is_active = TRUE ORDER BY year DESC, financial_item…
2026-05-31 20:53:10 | INFO     | query_engine                   | DuckDB views registered: financials, financials_latest, company_master, sector_mapping, audit_log
2026-05-31 20:53:10 | INFO     | query_engine                   | SQL: SELECT financial_item, financial_category, year, value, units FROM financials WHERE company_id = 'CIPLA' AND is_active = TRUE ORDER BY year DESC, financial_item…
2026-05-31 20:53:10 | INFO     | query_engine                   | DuckDB views registered: financials, financials_latest, company_master, sector_mapping, audit_log
2026-05-31 20:53:10 | INFO     | query_engine                   | SQL: SELECT financial_item, financial_category, year, value, units FROM financials WHERE company_id = 'CIPLA' AND is_active = TRUE ORDER BY year DESC, financial_item…
2026-05-31 20:53:13 | INFO     | query_engine                   | DuckDB views registered: financials, financials_latest, company_master, sector_mapping, audit_log
2026-05-31 20:53:13 | INFO     | query_engine                   | SQL: SELECT financial_item, financial_category, year, value, units FROM financials WHERE company_id = 'CIPLA' AND is_active = TRUE ORDER BY year DESC, financial_item…
2026-05-31 20:53:21 | INFO     | query_engine                   | DuckDB views registered: financials, financials_latest, company_master, sector_mapping, audit_log
2026-05-31 20:53:21 | INFO     | warehouse                      | Ingested batch: {'ingestion_id': 'ecf16cca-7fca-4ef7-9a9b-535fd6fc24d7', 'rows_loaded': 43, 'rows_revised': 0, 'rows_new': 43}
2026-05-31 20:53:21 | INFO     | query_engine                   | DuckDB views registered: financials, financials_latest, company_master, sector_mapping, audit_log
2026-05-31 20:53:21 | INFO     | query_engine                   | DuckDB views registered: financials, financials_latest, company_master, sector_mapping, audit_log
2026-05-31 20:53:21 | INFO     | query_engine                   | SQL: SELECT financial_item, year, value, units FROM financials WHERE company_id = 'CIPLA'   AND financial_category = 'P&L Consolidated'   AND is_active = TRUE…
2026-05-31 20:53:21 | INFO     | query_engine                   | SQL: SELECT financial_item, year, value, units FROM financials WHERE company_id = 'CIPLA'   AND financial_category = 'P&L Standalone'   AND is_active = TRUE…
2026-05-31 20:53:21 | INFO     | query_engine                   | SQL: SELECT financial_item, year, value, units FROM financials WHERE company_id = 'CIPLA'   AND financial_category = 'Altman Z'   AND financial_item IN ('Revenue from Operations','EBITDA','PAT','Total Asse…
2026-05-31 20:53:21 | INFO     | cost_structure | Running cost structure analysis …
2026-05-31 20:53:21 | INFO     | cost_structure | Cost structure analysis complete.
2026-05-31 20:53:21 | INFO     | bankruptcy | Running bankruptcy/Altman Z analysis …
2026-05-31 20:53:24 | INFO     | query_engine                   | DuckDB views registered: financials, financials_latest, company_master, sector_mapping, audit_log
2026-05-31 20:53:24 | INFO     | query_engine                   | SQL: SELECT financial_item, financial_category, year, value, units FROM financials WHERE company_id = 'CIPLA' AND is_active = TRUE ORDER BY year DESC, financial_item…
2026-05-31 20:53:24 | INFO     | query_engine                   | SQL: SELECT financial_item, year, value, units FROM financials WHERE company_id = 'CIPLA'   AND financial_category = 'P&L Consolidated'   AND is_active = TRUE…
2026-05-31 20:53:24 | INFO     | cost_structure | Running cost structure analysis …
2026-05-31 20:53:24 | INFO     | cost_structure | Cost structure analysis complete.
2026-05-31 20:53:24 | INFO     | query_engine                   | DuckDB views registered: financials, financials_latest, company_master, sector_mapping, audit_log
2026-05-31 20:53:24 | INFO     | query_engine                   | SQL: SELECT financial_item, financial_category, year, value, units FROM financials WHERE company_id = 'CIPLA' AND is_active = TRUE ORDER BY year DESC, financial_item…
2026-05-31 20:53:29 | INFO     | query_engine                   | DuckDB views registered: financials, financials_latest, company_master, sector_mapping, audit_log
2026-05-31 20:53:29 | INFO     | query_engine                   | SQL: SELECT financial_item, financial_category, year, value, units FROM financials WHERE company_id = 'CIPLA' AND is_active = TRUE ORDER BY year DESC, financial_item…
2026-05-31 20:53:29 | INFO     | query_engine                   | SQL: SELECT financial_item, year, value, units FROM financials WHERE company_id = 'CIPLA'   AND financial_category = 'P&L Consolidated'   AND is_active = TRUE…
2026-05-31 20:53:29 | INFO     | cost_structure | Running cost structure analysis …
2026-05-31 20:53:29 | INFO     | cost_structure | Cost structure analysis complete.
2026-05-31 20:53:29 | INFO     | query_engine                   | DuckDB views registered: financials, financials_latest, company_master, sector_mapping, audit_log
2026-05-31 20:53:29 | INFO     | query_engine                   | SQL: SELECT financial_item, financial_category, year, value, units FROM financials WHERE company_id = 'CIPLA' AND is_active = TRUE ORDER BY year DESC, financial_item…
2026-05-31 20:53:31 | INFO     | query_engine                   | DuckDB views registered: financials, financials_latest, company_master, sector_mapping, audit_log
2026-05-31 20:53:31 | INFO     | query_engine                   | SQL: SELECT financial_item, financial_category, year, value, units FROM financials WHERE company_id = 'CIPLA' AND is_active = TRUE ORDER BY year DESC, financial_item…
2026-05-31 20:53:31 | INFO     | query_engine                   | DuckDB views registered: financials, financials_latest, company_master, sector_mapping, audit_log
2026-05-31 20:53:31 | INFO     | query_engine                   | SQL: SELECT financial_item, financial_category, year, value, units FROM financials WHERE company_id = 'CIPLA' AND is_active = TRUE ORDER BY year DESC, financial_item…
2026-05-31 20:53:47 | INFO     | query_engine                   | DuckDB views registered: financials, financials_latest, company_master, sector_mapping, audit_log
2026-05-31 20:53:47 | INFO     | query_engine                   | SQL: SELECT financial_item, financial_category, year, value, units FROM financials WHERE company_id = 'CIPLA' AND is_active = TRUE ORDER BY year DESC, financial_item…
2026-05-31 20:53:47 | INFO     | query_engine                   | DuckDB views registered: financials, financials_latest, company_master, sector_mapping, audit_log
2026-05-31 20:53:47 | INFO     | query_engine                   | SQL: SELECT financial_item, financial_category, year, value, units FROM financials WHERE company_id = 'CIPLA' AND is_active = TRUE ORDER BY year DESC, financial_item…
2026-05-31 20:53:50 | INFO     | query_engine                   | DuckDB views registered: financials, financials_latest, company_master, sector_mapping, audit_log
2026-05-31 20:53:50 | INFO     | query_engine                   | SQL: SELECT financial_item, financial_category, year, value, units FROM financials WHERE company_id = 'CIPLA' AND is_active = TRUE ORDER BY year DESC, financial_item…
2026-05-31 20:53:53 | INFO     | query_engine                   | DuckDB views registered: financials, financials_latest, company_master, sector_mapping, audit_log
2026-05-31 20:53:54 | INFO     | warehouse                      | Ingested batch: {'ingestion_id': 'f7d01c24-7130-41fd-b0c8-0203d54f593c', 'rows_loaded': 43, 'rows_revised': 0, 'rows_new': 43}
2026-05-31 20:53:54 | INFO     | query_engine                   | DuckDB views registered: financials, financials_latest, company_master, sector_mapping, audit_log
2026-05-31 20:53:54 | INFO     | query_engine                   | DuckDB views registered: financials, financials_latest, company_master, sector_mapping, audit_log
2026-05-31 20:53:54 | INFO     | query_engine                   | SQL: SELECT financial_item, year, value, units FROM financials WHERE company_id = 'CIPLA'   AND financial_category = 'P&L Consolidated'   AND is_active = TRUE…
2026-05-31 20:53:54 | INFO     | query_engine                   | SQL: SELECT financial_item, year, value, units FROM financials WHERE company_id = 'CIPLA'   AND financial_category = 'P&L Standalone'   AND is_active = TRUE…
2026-05-31 20:53:54 | INFO     | query_engine                   | SQL: SELECT financial_item, year, value, units FROM financials WHERE company_id = 'CIPLA'   AND financial_category = 'Altman Z'   AND financial_item IN ('Revenue from Operations','EBITDA','PAT','Total Asse…
2026-05-31 20:53:54 | INFO     | cost_structure | Running cost structure analysis …
2026-05-31 20:53:55 | INFO     | cost_structure | Cost structure analysis complete.
2026-05-31 20:53:55 | INFO     | bankruptcy | Running bankruptcy/Altman Z analysis …
2026-05-31 20:53:57 | INFO     | query_engine                   | DuckDB views registered: financials, financials_latest, company_master, sector_mapping, audit_log
2026-05-31 20:53:57 | INFO     | query_engine                   | SQL: SELECT financial_item, financial_category, year, value, units FROM financials WHERE company_id = 'CIPLA' AND is_active = TRUE ORDER BY year DESC, financial_item…
2026-05-31 20:53:57 | INFO     | query_engine                   | SQL: SELECT financial_item, year, value, units FROM financials WHERE company_id = 'CIPLA'   AND financial_category = 'P&L Consolidated'   AND is_active = TRUE…
2026-05-31 20:53:57 | INFO     | cost_structure | Running cost structure analysis …
2026-05-31 20:53:58 | INFO     | cost_structure | Cost structure analysis complete.
2026-05-31 20:53:58 | INFO     | query_engine                   | DuckDB views registered: financials, financials_latest, company_master, sector_mapping, audit_log
2026-05-31 20:53:58 | INFO     | query_engine                   | SQL: SELECT financial_item, financial_category, year, value, units FROM financials WHERE company_id = 'CIPLA' AND is_active = TRUE ORDER BY year DESC, financial_item…
2026-05-31 20:54:09 | INFO     | query_engine                   | DuckDB views registered: financials, financials_latest, company_master, sector_mapping, audit_log
2026-05-31 20:54:09 | INFO     | query_engine                   | SQL: SELECT financial_item, year, value, units FROM financials WHERE company_id = 'CIPLA'   AND financial_category = 'P&L Consolidated'   AND is_active = TRUE…
2026-05-31 20:54:09 | INFO     | cost_structure | Running cost structure analysis …
2026-05-31 20:54:10 | INFO     | cost_structure | Cost structure analysis complete.
2026-05-31 20:54:10 | INFO     | query_engine                   | SQL: SELECT financial_item, year, value, units FROM financials WHERE company_id = 'DRL'   AND financial_category = 'P&L Consolidated'   AND is_active = TRUE…
2026-05-31 20:54:10 | INFO     | query_engine                   | SQL: SELECT financial_item, year, value, units FROM financials WHERE company_id = 'DRL'   AND financial_category = 'P&L'   AND is_active = TRUE…
2026-05-31 20:54:10 | INFO     | cost_structure | Running cost structure analysis …
2026-05-31 20:54:10 | INFO     | cost_structure | Cost structure analysis complete.
2026-05-31 20:54:10 | INFO     | query_engine                   | SQL: SELECT financial_item, year, value, units FROM financials WHERE company_id = 'LUPIN'   AND financial_category = 'P&L Consolidated'   AND is_active = TRUE…
2026-05-31 20:54:10 | WARNING  | reshaper                       | No P&L data for LUPIN/P&L Consolidated
2026-05-31 20:54:10 | INFO     | query_engine                   | SQL: SELECT financial_item, year, value, units FROM financials WHERE company_id = 'LUPIN'   AND financial_category = 'P&L'   AND is_active = TRUE…
2026-05-31 20:54:10 | WARNING  | reshaper                       | No P&L data for LUPIN/P&L
2026-05-31 20:54:10 | INFO     | query_engine                   | SQL: SELECT financial_item, year, value, units FROM financials WHERE company_id = 'SUN'   AND financial_category = 'P&L Consolidated'   AND is_active = TRUE…
2026-05-31 20:54:10 | INFO     | cost_structure | Running cost structure analysis …
2026-05-31 20:54:11 | INFO     | cost_structure | Cost structure analysis complete.
2026-05-31 20:54:11 | INFO     | query_engine                   | DuckDB views registered: financials, financials_latest, company_master, sector_mapping, audit_log
2026-05-31 20:54:11 | INFO     | query_engine                   | SQL: SELECT financial_item, financial_category, year, value, units FROM financials WHERE company_id = 'CIPLA' AND is_active = TRUE ORDER BY year DESC, financial_item…
2026-05-31 20:54:11 | INFO     | query_engine                   | SQL: SELECT financial_item, year, value, units FROM financials WHERE company_id = 'CIPLA'   AND financial_category = 'P&L Consolidated'   AND is_active = TRUE…
2026-05-31 20:54:11 | INFO     | cost_structure | Running cost structure analysis …
2026-05-31 20:54:11 | INFO     | cost_structure | Cost structure analysis complete.
2026-05-31 20:54:11 | INFO     | query_engine                   | SQL: SELECT financial_item, financial_category, year, value, units FROM financials WHERE company_id = 'DRL' AND is_active = TRUE ORDER BY year DESC, financial_item…
2026-05-31 20:54:11 | INFO     | query_engine                   | SQL: SELECT financial_item, year, value, units FROM financials WHERE company_id = 'DRL'   AND financial_category = 'P&L Consolidated'   AND is_active = TRUE…
2026-05-31 20:54:11 | INFO     | cost_structure | Running cost structure analysis …
2026-05-31 20:54:12 | INFO     | cost_structure | Cost structure analysis complete.
2026-05-31 20:54:12 | INFO     | query_engine                   | SQL: SELECT financial_item, financial_category, year, value, units FROM financials WHERE company_id = 'LUPIN' AND is_active = TRUE ORDER BY year DESC, financial_item…
2026-05-31 20:54:12 | INFO     | query_engine                   | SQL: SELECT financial_item, financial_category, year, value, units FROM financials WHERE company_id = 'SUN' AND is_active = TRUE ORDER BY year DESC, financial_item…
2026-05-31 20:54:12 | INFO     | query_engine                   | SQL: SELECT financial_item, year, value, units FROM financials WHERE company_id = 'SUN'   AND financial_category = 'P&L Consolidated'   AND is_active = TRUE…
2026-05-31 20:54:12 | INFO     | cost_structure | Running cost structure analysis …
2026-05-31 20:54:12 | INFO     | cost_structure | Cost structure analysis complete.
2026-05-31 20:54:12 | INFO     | query_engine                   | DuckDB views registered: financials, financials_latest, company_master, sector_mapping, audit_log
2026-05-31 20:54:12 | INFO     | query_engine                   | SQL:              SELECT c.company_id, c.company_name,                 MAX(CASE WHEN f.financial_item='Revenue from Operations' THEN f.value END) as revenue,                 MAX(CASE WHEN f.financial_item=…
2026-05-31 20:54:12 | INFO     | query_engine                   | SQL: SELECT financial_item, financial_category, year, value, units FROM financials WHERE company_id = 'SUN' AND is_active = TRUE ORDER BY year DESC, financial_item…
2026-05-31 20:54:13 | INFO     | query_engine                   | SQL: SELECT financial_item, year, value, units FROM financials WHERE company_id = 'SUN'   AND financial_category = 'P&L Consolidated'   AND is_active = TRUE…
2026-05-31 20:54:13 | INFO     | cost_structure | Running cost structure analysis …
2026-05-31 20:54:13 | INFO     | cost_structure | Cost structure analysis complete.
2026-05-31 20:54:13 | INFO     | query_engine                   | SQL: SELECT financial_item, financial_category, year, value, units FROM financials WHERE company_id = 'DRL' AND is_active = TRUE ORDER BY year DESC, financial_item…
2026-05-31 20:54:13 | INFO     | query_engine                   | SQL: SELECT financial_item, year, value, units FROM financials WHERE company_id = 'DRL'   AND financial_category = 'P&L Consolidated'   AND is_active = TRUE…
2026-05-31 20:54:13 | INFO     | cost_structure | Running cost structure analysis …
2026-05-31 20:54:13 | INFO     | cost_structure | Cost structure analysis complete.
2026-05-31 20:54:13 | INFO     | query_engine                   | SQL: SELECT financial_item, financial_category, year, value, units FROM financials WHERE company_id = 'CIPLA' AND is_active = TRUE ORDER BY year DESC, financial_item…
2026-05-31 20:54:14 | INFO     | query_engine                   | SQL: SELECT financial_item, year, value, units FROM financials WHERE company_id = 'CIPLA'   AND financial_category = 'P&L Consolidated'   AND is_active = TRUE…
2026-05-31 20:54:14 | INFO     | cost_structure | Running cost structure analysis …
2026-05-31 20:54:14 | INFO     | cost_structure | Cost structure analysis complete.
2026-05-31 20:54:21 | INFO     | query_engine                   | DuckDB views registered: financials, financials_latest, company_master, sector_mapping, audit_log
2026-05-31 20:54:21 | INFO     | query_engine                   | SQL: SELECT financial_item, financial_category, year, value, units FROM financials WHERE company_id = 'CIPLA' AND is_active = TRUE ORDER BY year DESC, financial_item…
2026-05-31 20:54:21 | INFO     | query_engine                   | SQL: SELECT financial_item, year, value, units FROM financials WHERE company_id = 'CIPLA'   AND financial_category = 'P&L Consolidated'   AND is_active = TRUE…
2026-05-31 20:54:21 | INFO     | cost_structure | Running cost structure analysis …
2026-05-31 20:54:22 | INFO     | cost_structure | Cost structure analysis complete.
2026-05-31 20:54:22 | INFO     | query_engine                   | DuckDB views registered: financials, financials_latest, company_master, sector_mapping, audit_log
2026-05-31 20:54:22 | INFO     | query_engine                   | SQL: SELECT financial_item, financial_category, year, value, units FROM financials WHERE company_id = 'CIPLA' AND is_active = TRUE ORDER BY year DESC, financial_item…
2026-05-31 20:54:24 | INFO     | query_engine                   | DuckDB views registered: financials, financials_latest, company_master, sector_mapping, audit_log
2026-05-31 20:54:24 | INFO     | query_engine                   | SQL: SELECT financial_item, financial_category, year, value, units FROM financials WHERE company_id = 'CIPLA' AND is_active = TRUE ORDER BY year DESC, financial_item…
2026-05-31 20:54:28 | INFO     | query_engine                   | DuckDB views registered: financials, financials_latest, company_master, sector_mapping, audit_log
2026-05-31 20:54:28 | INFO     | query_engine                   | SQL: SELECT financial_item, financial_category, year, value, units FROM financials WHERE company_id = 'DRL' AND is_active = TRUE ORDER BY year DESC, financial_item…
2026-05-31 20:54:31 | INFO     | query_engine                   | DuckDB views registered: financials, financials_latest, company_master, sector_mapping, audit_log
2026-05-31 20:54:31 | INFO     | warehouse                      | Ingested batch: {'ingestion_id': '586bfe02-bdbd-44b0-82c5-7c417348ff04', 'rows_loaded': 43, 'rows_revised': 0, 'rows_new': 43}
2026-05-31 20:54:31 | INFO     | query_engine                   | DuckDB views registered: financials, financials_latest, company_master, sector_mapping, audit_log
2026-05-31 20:54:31 | INFO     | query_engine                   | DuckDB views registered: financials, financials_latest, company_master, sector_mapping, audit_log
2026-05-31 20:54:31 | INFO     | query_engine                   | SQL: SELECT financial_item, year, value, units FROM financials WHERE company_id = 'DRL'   AND financial_category = 'P&L Consolidated'   AND is_active = TRUE…
2026-05-31 20:54:31 | INFO     | query_engine                   | SQL: SELECT financial_item, year, value, units FROM financials WHERE company_id = 'DRL'   AND financial_category = 'P&L Standalone'   AND is_active = TRUE…
2026-05-31 20:54:32 | INFO     | query_engine                   | SQL: SELECT financial_item, year, value, units FROM financials WHERE company_id = 'DRL'   AND financial_category = 'Altman Z'   AND financial_item IN ('Revenue from Operations','EBITDA','PAT','Total Assets…
2026-05-31 20:54:32 | INFO     | cost_structure | Running cost structure analysis …
2026-05-31 20:54:32 | INFO     | cost_structure | Cost structure analysis complete.
2026-05-31 20:54:32 | INFO     | bankruptcy | Running bankruptcy/Altman Z analysis …
2026-05-31 20:54:36 | INFO     | query_engine                   | DuckDB views registered: financials, financials_latest, company_master, sector_mapping, audit_log
2026-05-31 20:54:36 | INFO     | query_engine                   | SQL: SELECT financial_item, year, value, units FROM financials WHERE company_id = 'CIPLA'   AND financial_category = 'P&L Consolidated'   AND is_active = TRUE…
2026-05-31 20:54:36 | INFO     | cost_structure | Running cost structure analysis …
2026-05-31 20:54:36 | INFO     | cost_structure | Cost structure analysis complete.
2026-05-31 20:54:36 | INFO     | query_engine                   | SQL: SELECT financial_item, year, value, units FROM financials WHERE company_id = 'DRL'   AND financial_category = 'P&L Consolidated'   AND is_active = TRUE…
2026-05-31 20:54:36 | INFO     | cost_structure | Running cost structure analysis …
2026-05-31 20:54:37 | INFO     | cost_structure | Cost structure analysis complete.
2026-05-31 20:54:37 | INFO     | query_engine                   | SQL: SELECT financial_item, year, value, units FROM financials WHERE company_id = 'LUPIN'   AND financial_category = 'P&L Consolidated'   AND is_active = TRUE…
2026-05-31 20:54:37 | WARNING  | reshaper                       | No P&L data for LUPIN/P&L Consolidated
2026-05-31 20:54:37 | INFO     | query_engine                   | SQL: SELECT financial_item, year, value, units FROM financials WHERE company_id = 'LUPIN'   AND financial_category = 'P&L'   AND is_active = TRUE…
2026-05-31 20:54:37 | WARNING  | reshaper                       | No P&L data for LUPIN/P&L
2026-05-31 20:54:37 | INFO     | query_engine                   | SQL: SELECT financial_item, year, value, units FROM financials WHERE company_id = 'SUN'   AND financial_category = 'P&L Consolidated'   AND is_active = TRUE…
2026-05-31 20:54:37 | INFO     | cost_structure | Running cost structure analysis …
2026-05-31 20:54:37 | INFO     | cost_structure | Cost structure analysis complete.
2026-05-31 20:54:37 | INFO     | query_engine                   | DuckDB views registered: financials, financials_latest, company_master, sector_mapping, audit_log
2026-05-31 20:54:37 | INFO     | query_engine                   | SQL: SELECT financial_item, financial_category, year, value, units FROM financials WHERE company_id = 'CIPLA' AND is_active = TRUE ORDER BY year DESC, financial_item…
2026-05-31 20:54:37 | INFO     | query_engine                   | SQL: SELECT financial_item, year, value, units FROM financials WHERE company_id = 'CIPLA'   AND financial_category = 'P&L Consolidated'   AND is_active = TRUE…
2026-05-31 20:54:37 | INFO     | cost_structure | Running cost structure analysis …
2026-05-31 20:54:38 | INFO     | cost_structure | Cost structure analysis complete.
2026-05-31 20:54:38 | INFO     | query_engine                   | SQL: SELECT financial_item, financial_category, year, value, units FROM financials WHERE company_id = 'DRL' AND is_active = TRUE ORDER BY year DESC, financial_item…
2026-05-31 20:54:38 | INFO     | query_engine                   | SQL: SELECT financial_item, year, value, units FROM financials WHERE company_id = 'DRL'   AND financial_category = 'P&L Consolidated'   AND is_active = TRUE…
2026-05-31 20:54:38 | INFO     | cost_structure | Running cost structure analysis …
2026-05-31 20:54:38 | INFO     | cost_structure | Cost structure analysis complete.
2026-05-31 20:54:38 | INFO     | query_engine                   | SQL: SELECT financial_item, financial_category, year, value, units FROM financials WHERE company_id = 'LUPIN' AND is_active = TRUE ORDER BY year DESC, financial_item…
2026-05-31 20:54:38 | INFO     | query_engine                   | SQL: SELECT financial_item, financial_category, year, value, units FROM financials WHERE company_id = 'SUN' AND is_active = TRUE ORDER BY year DESC, financial_item…
2026-05-31 20:54:38 | INFO     | query_engine                   | SQL: SELECT financial_item, year, value, units FROM financials WHERE company_id = 'SUN'   AND financial_category = 'P&L Consolidated'   AND is_active = TRUE…
2026-05-31 20:54:38 | INFO     | cost_structure | Running cost structure analysis …
2026-05-31 20:54:39 | INFO     | cost_structure | Cost structure analysis complete.
2026-05-31 20:54:39 | INFO     | query_engine                   | DuckDB views registered: financials, financials_latest, company_master, sector_mapping, audit_log
2026-05-31 20:54:39 | INFO     | query_engine                   | SQL:              SELECT c.company_id, c.company_name,                 MAX(CASE WHEN f.financial_item='Revenue from Operations' THEN f.value END) as revenue,                 MAX(CASE WHEN f.financial_item=…
2026-05-31 20:54:39 | INFO     | query_engine                   | SQL: SELECT financial_item, financial_category, year, value, units FROM financials WHERE company_id = 'SUN' AND is_active = TRUE ORDER BY year DESC, financial_item…
2026-05-31 20:54:39 | INFO     | query_engine                   | SQL: SELECT financial_item, year, value, units FROM financials WHERE company_id = 'SUN'   AND financial_category = 'P&L Consolidated'   AND is_active = TRUE…
2026-05-31 20:54:39 | INFO     | cost_structure | Running cost structure analysis …
2026-05-31 20:54:40 | INFO     | cost_structure | Cost structure analysis complete.
2026-05-31 20:54:40 | INFO     | query_engine                   | SQL: SELECT financial_item, financial_category, year, value, units FROM financials WHERE company_id = 'DRL' AND is_active = TRUE ORDER BY year DESC, financial_item…
2026-05-31 20:54:40 | INFO     | query_engine                   | SQL: SELECT financial_item, year, value, units FROM financials WHERE company_id = 'DRL'   AND financial_category = 'P&L Consolidated'   AND is_active = TRUE…
2026-05-31 20:54:40 | INFO     | cost_structure | Running cost structure analysis …
2026-05-31 20:54:40 | INFO     | cost_structure | Cost structure analysis complete.
2026-05-31 20:54:40 | INFO     | query_engine                   | SQL: SELECT financial_item, financial_category, year, value, units FROM financials WHERE company_id = 'CIPLA' AND is_active = TRUE ORDER BY year DESC, financial_item…
2026-05-31 20:54:40 | INFO     | query_engine                   | SQL: SELECT financial_item, year, value, units FROM financials WHERE company_id = 'CIPLA'   AND financial_category = 'P&L Consolidated'   AND is_active = TRUE…
2026-05-31 20:54:40 | INFO     | cost_structure | Running cost structure analysis …
2026-05-31 20:54:40 | INFO     | cost_structure | Cost structure analysis complete.
2026-05-31 20:55:10 | INFO     | query_engine                   | DuckDB views registered: financials, financials_latest, company_master, sector_mapping, audit_log
2026-05-31 20:55:10 | INFO     | query_engine                   | SQL: SELECT financial_item, financial_category, year, value, units FROM financials WHERE company_id = 'DRL' AND is_active = TRUE ORDER BY year DESC, financial_item…
2026-05-31 20:55:10 | INFO     | query_engine                   | SQL: SELECT financial_item, year, value, units FROM financials WHERE company_id = 'DRL'   AND financial_category = 'P&L Consolidated'   AND is_active = TRUE…
2026-05-31 20:55:10 | INFO     | cost_structure | Running cost structure analysis …
2026-05-31 20:55:10 | INFO     | cost_structure | Cost structure analysis complete.
2026-05-31 20:55:24 | INFO     | query_engine                   | DuckDB views registered: financials, financials_latest, company_master, sector_mapping, audit_log
2026-05-31 20:55:24 | INFO     | query_engine                   | SQL: SELECT financial_item, financial_category, year, value, units FROM financials WHERE company_id = 'LUPIN' AND is_active = TRUE ORDER BY year DESC, financial_item…
2026-05-31 20:55:27 | INFO     | query_engine                   | DuckDB views registered: financials, financials_latest, company_master, sector_mapping, audit_log
2026-05-31 20:55:27 | INFO     | query_engine                   | SQL: SELECT financial_item, financial_category, year, value, units FROM financials WHERE company_id = 'LUPIN' AND is_active = TRUE ORDER BY year DESC, financial_item…
2026-05-31 21:00:08 | INFO     | query_engine                   | DuckDB views registered: financials, financials_latest, company_master, sector_mapping, audit_log
2026-05-31 21:00:08 | INFO     | query_engine                   | DuckDB views registered: financials, financials_latest, company_master, sector_mapping, audit_log
2026-05-31 21:00:09 | INFO     | query_engine                   | DuckDB views registered: financials, financials_latest, company_master, sector_mapping, audit_log
2026-05-31 21:00:10 | INFO     | warehouse                      | Ingested batch: {'ingestion_id': '248c615c-ea7c-4e1c-b057-54660a2fd530', 'rows_loaded': 43, 'rows_revised': 0, 'rows_new': 43}
2026-05-31 21:00:10 | INFO     | query_engine                   | DuckDB views registered: financials, financials_latest, company_master, sector_mapping, audit_log
2026-05-31 21:00:10 | INFO     | query_engine                   | DuckDB views registered: financials, financials_latest, company_master, sector_mapping, audit_log
2026-05-31 21:00:10 | INFO     | query_engine                   | SQL: SELECT financial_item, year, value, units FROM financials WHERE company_id = 'LUPIN'   AND financial_category = 'P&L Consolidated'   AND is_active = TRUE…
2026-05-31 21:00:10 | INFO     | query_engine                   | SQL: SELECT financial_item, year, value, units FROM financials WHERE company_id = 'LUPIN'   AND financial_category = 'P&L Standalone'   AND is_active = TRUE…
2026-05-31 21:00:10 | INFO     | query_engine                   | SQL: SELECT financial_item, year, value, units FROM financials WHERE company_id = 'LUPIN'   AND financial_category = 'Altman Z'   AND financial_item IN ('Revenue from Operations','EBITDA','PAT','Total Asse…
2026-05-31 21:00:10 | INFO     | cost_structure | Running cost structure analysis …
2026-05-31 21:00:10 | INFO     | cost_structure | Cost structure analysis complete.
2026-05-31 21:00:10 | INFO     | bankruptcy | Running bankruptcy/Altman Z analysis …
2026-05-31 21:00:15 | INFO     | query_engine                   | DuckDB views registered: financials, financials_latest, company_master, sector_mapping, audit_log
2026-05-31 21:00:15 | INFO     | query_engine                   | SQL: SELECT financial_item, financial_category, year, value, units FROM financials WHERE company_id = 'LUPIN' AND is_active = TRUE ORDER BY year DESC, financial_item…
2026-05-31 21:00:15 | INFO     | query_engine                   | SQL: SELECT financial_item, year, value, units FROM financials WHERE company_id = 'LUPIN'   AND financial_category = 'P&L Consolidated'   AND is_active = TRUE…
2026-05-31 21:00:15 | INFO     | cost_structure | Running cost structure analysis …
2026-05-31 21:00:15 | INFO     | cost_structure | Cost structure analysis complete.
2026-05-31 21:00:15 | INFO     | query_engine                   | DuckDB views registered: financials, financials_latest, company_master, sector_mapping, audit_log
2026-05-31 21:00:15 | INFO     | query_engine                   | SQL: SELECT financial_item, financial_category, year, value, units FROM financials WHERE company_id = 'LUPIN' AND is_active = TRUE ORDER BY year DESC, financial_item…
2026-05-31 21:00:19 | INFO     | query_engine                   | DuckDB views registered: financials, financials_latest, company_master, sector_mapping, audit_log
2026-05-31 21:00:19 | INFO     | query_engine                   | SQL: SELECT financial_item, financial_category, year, value, units FROM financials WHERE company_id = 'LUPIN' AND is_active = TRUE ORDER BY year DESC, financial_item…
2026-05-31 21:00:19 | INFO     | query_engine                   | DuckDB views registered: financials, financials_latest, company_master, sector_mapping, audit_log
2026-05-31 21:00:19 | INFO     | query_engine                   | SQL: SELECT financial_item, financial_category, year, value, units FROM financials WHERE company_id = 'LUPIN' AND is_active = TRUE ORDER BY year DESC, financial_item…
2026-05-31 21:00:41 | INFO     | query_engine                   | DuckDB views registered: financials, financials_latest, company_master, sector_mapping, audit_log
2026-05-31 21:00:41 | INFO     | query_engine                   | SQL: SELECT financial_item, financial_category, year, value, units FROM financials WHERE company_id = 'LUPIN' AND is_active = TRUE ORDER BY year DESC, financial_item…
2026-05-31 21:00:46 | INFO     | query_engine                   | DuckDB views registered: financials, financials_latest, company_master, sector_mapping, audit_log
2026-05-31 21:00:47 | INFO     | warehouse                      | Ingested batch: {'ingestion_id': '7baefed4-6f9d-4c5f-bcea-336a33eff6e2', 'rows_loaded': 43, 'rows_revised': 1, 'rows_new': 42}
2026-05-31 21:00:47 | INFO     | query_engine                   | DuckDB views registered: financials, financials_latest, company_master, sector_mapping, audit_log
2026-05-31 21:00:47 | INFO     | query_engine                   | DuckDB views registered: financials, financials_latest, company_master, sector_mapping, audit_log
2026-05-31 21:00:47 | INFO     | query_engine                   | SQL: SELECT financial_item, year, value, units FROM financials WHERE company_id = 'LUPIN'   AND financial_category = 'P&L Consolidated'   AND is_active = TRUE…
2026-05-31 21:00:47 | INFO     | query_engine                   | SQL: SELECT financial_item, year, value, units FROM financials WHERE company_id = 'LUPIN'   AND financial_category = 'P&L Standalone'   AND is_active = TRUE…
2026-05-31 21:00:47 | INFO     | query_engine                   | SQL: SELECT financial_item, year, value, units FROM financials WHERE company_id = 'LUPIN'   AND financial_category = 'Altman Z'   AND financial_item IN ('Revenue from Operations','EBITDA','PAT','Total Asse…
2026-05-31 21:00:47 | INFO     | cost_structure | Running cost structure analysis …
2026-05-31 21:00:47 | INFO     | cost_structure | Cost structure analysis complete.
2026-05-31 21:00:47 | INFO     | bankruptcy | Running bankruptcy/Altman Z analysis …
2026-05-31 21:00:52 | INFO     | query_engine                   | DuckDB views registered: financials, financials_latest, company_master, sector_mapping, audit_log
2026-05-31 21:00:52 | INFO     | warehouse                      | Ingested batch: {'ingestion_id': '4d290873-df71-4501-b7fd-e2c8fab9e446', 'rows_loaded': 43, 'rows_revised': 0, 'rows_new': 43}
2026-05-31 21:00:52 | INFO     | query_engine                   | DuckDB views registered: financials, financials_latest, company_master, sector_mapping, audit_log
2026-05-31 21:00:52 | INFO     | query_engine                   | DuckDB views registered: financials, financials_latest, company_master, sector_mapping, audit_log
2026-05-31 21:00:52 | INFO     | query_engine                   | SQL: SELECT financial_item, year, value, units FROM financials WHERE company_id = 'LUPIN'   AND financial_category = 'P&L Consolidated'   AND is_active = TRUE…
2026-05-31 21:00:52 | INFO     | query_engine                   | SQL: SELECT financial_item, year, value, units FROM financials WHERE company_id = 'LUPIN'   AND financial_category = 'P&L Standalone'   AND is_active = TRUE…
2026-05-31 21:00:53 | INFO     | query_engine                   | SQL: SELECT financial_item, year, value, units FROM financials WHERE company_id = 'LUPIN'   AND financial_category = 'Altman Z'   AND financial_item IN ('Revenue from Operations','EBITDA','PAT','Total Asse…
2026-05-31 21:00:53 | INFO     | cost_structure | Running cost structure analysis …
2026-05-31 21:00:53 | INFO     | cost_structure | Cost structure analysis complete.
2026-05-31 21:00:53 | INFO     | bankruptcy | Running bankruptcy/Altman Z analysis …
2026-05-31 21:00:56 | INFO     | query_engine                   | DuckDB views registered: financials, financials_latest, company_master, sector_mapping, audit_log
2026-05-31 21:00:57 | INFO     | warehouse                      | Ingested batch: {'ingestion_id': '8cb1f7ab-92e5-4f69-8ca3-e75942fff4c4', 'rows_loaded': 43, 'rows_revised': 43, 'rows_new': 0}
2026-05-31 21:00:57 | INFO     | query_engine                   | DuckDB views registered: financials, financials_latest, company_master, sector_mapping, audit_log
2026-05-31 21:00:57 | INFO     | query_engine                   | DuckDB views registered: financials, financials_latest, company_master, sector_mapping, audit_log
2026-05-31 21:00:57 | INFO     | query_engine                   | SQL: SELECT financial_item, year, value, units FROM financials WHERE company_id = 'LUPIN'   AND financial_category = 'P&L Consolidated'   AND is_active = TRUE…
2026-05-31 21:00:57 | INFO     | query_engine                   | SQL: SELECT financial_item, year, value, units FROM financials WHERE company_id = 'LUPIN'   AND financial_category = 'P&L Standalone'   AND is_active = TRUE…
2026-05-31 21:00:57 | INFO     | query_engine                   | SQL: SELECT financial_item, year, value, units FROM financials WHERE company_id = 'LUPIN'   AND financial_category = 'Altman Z'   AND financial_item IN ('Revenue from Operations','EBITDA','PAT','Total Asse…
2026-05-31 21:00:57 | INFO     | cost_structure | Running cost structure analysis …
2026-05-31 21:00:57 | INFO     | cost_structure | Cost structure analysis complete.
2026-05-31 21:00:57 | INFO     | bankruptcy | Running bankruptcy/Altman Z analysis …
2026-05-31 21:01:00 | INFO     | query_engine                   | DuckDB views registered: financials, financials_latest, company_master, sector_mapping, audit_log
2026-05-31 21:01:01 | INFO     | warehouse                      | Ingested batch: {'ingestion_id': '6f9a37f0-b9ea-4ffe-b83d-25acd657140a', 'rows_loaded': 43, 'rows_revised': 0, 'rows_new': 43}
2026-05-31 21:01:01 | INFO     | query_engine                   | DuckDB views registered: financials, financials_latest, company_master, sector_mapping, audit_log
2026-05-31 21:01:01 | INFO     | query_engine                   | DuckDB views registered: financials, financials_latest, company_master, sector_mapping, audit_log
2026-05-31 21:01:01 | INFO     | query_engine                   | SQL: SELECT financial_item, year, value, units FROM financials WHERE company_id = 'LUPIN'   AND financial_category = 'P&L Consolidated'   AND is_active = TRUE…
2026-05-31 21:01:01 | INFO     | query_engine                   | SQL: SELECT financial_item, year, value, units FROM financials WHERE company_id = 'LUPIN'   AND financial_category = 'P&L Standalone'   AND is_active = TRUE…
2026-05-31 21:01:01 | INFO     | query_engine                   | SQL: SELECT financial_item, year, value, units FROM financials WHERE company_id = 'LUPIN'   AND financial_category = 'Altman Z'   AND financial_item IN ('Revenue from Operations','EBITDA','PAT','Total Asse…
2026-05-31 21:01:01 | INFO     | cost_structure | Running cost structure analysis …
2026-05-31 21:01:02 | INFO     | cost_structure | Cost structure analysis complete.
2026-05-31 21:01:02 | INFO     | bankruptcy | Running bankruptcy/Altman Z analysis …
2026-05-31 21:01:05 | INFO     | query_engine                   | DuckDB views registered: financials, financials_latest, company_master, sector_mapping, audit_log
2026-05-31 21:01:06 | INFO     | warehouse                      | Ingested batch: {'ingestion_id': '3ab8d2a3-12f0-41fa-b625-1fa110ea21a8', 'rows_loaded': 43, 'rows_revised': 0, 'rows_new': 43}
2026-05-31 21:01:06 | INFO     | query_engine                   | DuckDB views registered: financials, financials_latest, company_master, sector_mapping, audit_log
2026-05-31 21:01:06 | INFO     | query_engine                   | DuckDB views registered: financials, financials_latest, company_master, sector_mapping, audit_log
2026-05-31 21:01:06 | INFO     | query_engine                   | SQL: SELECT financial_item, year, value, units FROM financials WHERE company_id = 'LUPIN'   AND financial_category = 'P&L Consolidated'   AND is_active = TRUE…
2026-05-31 21:01:06 | INFO     | query_engine                   | SQL: SELECT financial_item, year, value, units FROM financials WHERE company_id = 'LUPIN'   AND financial_category = 'P&L Standalone'   AND is_active = TRUE…
2026-05-31 21:01:06 | INFO     | query_engine                   | SQL: SELECT financial_item, year, value, units FROM financials WHERE company_id = 'LUPIN'   AND financial_category = 'Altman Z'   AND financial_item IN ('Revenue from Operations','EBITDA','PAT','Total Asse…
2026-05-31 21:01:06 | INFO     | cost_structure | Running cost structure analysis …
2026-05-31 21:01:06 | INFO     | cost_structure | Cost structure analysis complete.
2026-05-31 21:01:06 | INFO     | bankruptcy | Running bankruptcy/Altman Z analysis …
2026-05-31 21:01:10 | INFO     | query_engine                   | DuckDB views registered: financials, financials_latest, company_master, sector_mapping, audit_log
2026-05-31 21:01:11 | INFO     | warehouse                      | Ingested batch: {'ingestion_id': '96655061-fdd7-4791-aa20-9687b3164426', 'rows_loaded': 43, 'rows_revised': 0, 'rows_new': 43}
2026-05-31 21:01:11 | INFO     | query_engine                   | DuckDB views registered: financials, financials_latest, company_master, sector_mapping, audit_log
2026-05-31 21:01:11 | INFO     | query_engine                   | DuckDB views registered: financials, financials_latest, company_master, sector_mapping, audit_log
2026-05-31 21:01:11 | INFO     | query_engine                   | SQL: SELECT financial_item, year, value, units FROM financials WHERE company_id = 'LUPIN'   AND financial_category = 'P&L Consolidated'   AND is_active = TRUE…
2026-05-31 21:01:11 | INFO     | query_engine                   | SQL: SELECT financial_item, year, value, units FROM financials WHERE company_id = 'LUPIN'   AND financial_category = 'P&L Standalone'   AND is_active = TRUE…
2026-05-31 21:01:11 | INFO     | query_engine                   | SQL: SELECT financial_item, year, value, units FROM financials WHERE company_id = 'LUPIN'   AND financial_category = 'Altman Z'   AND financial_item IN ('Revenue from Operations','EBITDA','PAT','Total Asse…
2026-05-31 21:01:11 | INFO     | cost_structure | Running cost structure analysis …
2026-05-31 21:01:11 | INFO     | cost_structure | Cost structure analysis complete.
2026-05-31 21:01:11 | INFO     | bankruptcy | Running bankruptcy/Altman Z analysis …
2026-05-31 21:01:18 | INFO     | query_engine                   | DuckDB views registered: financials, financials_latest, company_master, sector_mapping, audit_log
2026-05-31 21:01:18 | INFO     | query_engine                   | SQL: SELECT financial_item, financial_category, year, value, units FROM financials WHERE company_id = 'CIPLA' AND is_active = TRUE ORDER BY year DESC, financial_item…
2026-05-31 21:01:22 | INFO     | query_engine                   | DuckDB views registered: financials, financials_latest, company_master, sector_mapping, audit_log
2026-05-31 21:01:22 | INFO     | warehouse                      | Ingested batch: {'ingestion_id': '27f52b59-608e-4736-85c3-079e95d20433', 'rows_loaded': 43, 'rows_revised': 0, 'rows_new': 43}
2026-05-31 21:01:22 | INFO     | query_engine                   | DuckDB views registered: financials, financials_latest, company_master, sector_mapping, audit_log
2026-05-31 21:01:22 | INFO     | query_engine                   | DuckDB views registered: financials, financials_latest, company_master, sector_mapping, audit_log
2026-05-31 21:01:22 | INFO     | query_engine                   | SQL: SELECT financial_item, year, value, units FROM financials WHERE company_id = 'CIPLA'   AND financial_category = 'P&L Consolidated'   AND is_active = TRUE…
2026-05-31 21:01:23 | INFO     | query_engine                   | SQL: SELECT financial_item, year, value, units FROM financials WHERE company_id = 'CIPLA'   AND financial_category = 'P&L Standalone'   AND is_active = TRUE…
2026-05-31 21:01:23 | INFO     | query_engine                   | SQL: SELECT financial_item, year, value, units FROM financials WHERE company_id = 'CIPLA'   AND financial_category = 'Altman Z'   AND financial_item IN ('Revenue from Operations','EBITDA','PAT','Total Asse…
2026-05-31 21:01:23 | INFO     | cost_structure | Running cost structure analysis …
2026-05-31 21:01:23 | INFO     | cost_structure | Cost structure analysis complete.
2026-05-31 21:01:23 | INFO     | bankruptcy | Running bankruptcy/Altman Z analysis …
2026-05-31 21:01:29 | INFO     | query_engine                   | DuckDB views registered: financials, financials_latest, company_master, sector_mapping, audit_log
2026-05-31 21:01:29 | INFO     | warehouse                      | Ingested batch: {'ingestion_id': 'ff0fd608-eb8d-4220-8b93-b20fc781d7f1', 'rows_loaded': 43, 'rows_revised': 0, 'rows_new': 43}
2026-05-31 21:01:30 | INFO     | query_engine                   | DuckDB views registered: financials, financials_latest, company_master, sector_mapping, audit_log
2026-05-31 21:01:30 | INFO     | query_engine                   | DuckDB views registered: financials, financials_latest, company_master, sector_mapping, audit_log
2026-05-31 21:01:30 | INFO     | query_engine                   | SQL: SELECT financial_item, year, value, units FROM financials WHERE company_id = 'CIPLA'   AND financial_category = 'P&L Consolidated'   AND is_active = TRUE…
2026-05-31 21:01:30 | INFO     | query_engine                   | SQL: SELECT financial_item, year, value, units FROM financials WHERE company_id = 'CIPLA'   AND financial_category = 'P&L Standalone'   AND is_active = TRUE…
2026-05-31 21:01:30 | INFO     | query_engine                   | SQL: SELECT financial_item, year, value, units FROM financials WHERE company_id = 'CIPLA'   AND financial_category = 'Altman Z'   AND financial_item IN ('Revenue from Operations','EBITDA','PAT','Total Asse…
2026-05-31 21:01:30 | INFO     | cost_structure | Running cost structure analysis …
2026-05-31 21:01:30 | INFO     | cost_structure | Cost structure analysis complete.
2026-05-31 21:01:30 | INFO     | bankruptcy | Running bankruptcy/Altman Z analysis …
2026-05-31 21:01:34 | INFO     | query_engine                   | DuckDB views registered: financials, financials_latest, company_master, sector_mapping, audit_log
2026-05-31 21:01:34 | INFO     | warehouse                      | Ingested batch: {'ingestion_id': '232a6c80-dea0-4775-a3b1-c0d78f37ddaa', 'rows_loaded': 43, 'rows_revised': 0, 'rows_new': 43}
2026-05-31 21:01:34 | INFO     | query_engine                   | DuckDB views registered: financials, financials_latest, company_master, sector_mapping, audit_log
2026-05-31 21:01:34 | INFO     | query_engine                   | DuckDB views registered: financials, financials_latest, company_master, sector_mapping, audit_log
2026-05-31 21:01:34 | INFO     | query_engine                   | SQL: SELECT financial_item, year, value, units FROM financials WHERE company_id = 'CIPLA'   AND financial_category = 'P&L Consolidated'   AND is_active = TRUE…
2026-05-31 21:01:35 | INFO     | query_engine                   | SQL: SELECT financial_item, year, value, units FROM financials WHERE company_id = 'CIPLA'   AND financial_category = 'P&L Standalone'   AND is_active = TRUE…
2026-05-31 21:01:35 | INFO     | query_engine                   | SQL: SELECT financial_item, year, value, units FROM financials WHERE company_id = 'CIPLA'   AND financial_category = 'Altman Z'   AND financial_item IN ('Revenue from Operations','EBITDA','PAT','Total Asse…
2026-05-31 21:01:35 | INFO     | cost_structure | Running cost structure analysis …
2026-05-31 21:01:35 | INFO     | cost_structure | Cost structure analysis complete.
2026-05-31 21:01:35 | INFO     | bankruptcy | Running bankruptcy/Altman Z analysis …
2026-05-31 21:01:40 | INFO     | query_engine                   | DuckDB views registered: financials, financials_latest, company_master, sector_mapping, audit_log
2026-05-31 21:01:41 | INFO     | warehouse                      | Ingested batch: {'ingestion_id': 'fda459fc-4379-4a53-8516-44b5fe9c4a42', 'rows_loaded': 43, 'rows_revised': 43, 'rows_new': 0}
2026-05-31 21:01:41 | INFO     | query_engine                   | DuckDB views registered: financials, financials_latest, company_master, sector_mapping, audit_log
2026-05-31 21:01:41 | INFO     | query_engine                   | DuckDB views registered: financials, financials_latest, company_master, sector_mapping, audit_log
2026-05-31 21:01:41 | INFO     | query_engine                   | SQL: SELECT financial_item, year, value, units FROM financials WHERE company_id = 'CIPLA'   AND financial_category = 'P&L Consolidated'   AND is_active = TRUE…
2026-05-31 21:01:41 | INFO     | query_engine                   | SQL: SELECT financial_item, year, value, units FROM financials WHERE company_id = 'CIPLA'   AND financial_category = 'P&L Standalone'   AND is_active = TRUE…
2026-05-31 21:01:41 | INFO     | query_engine                   | SQL: SELECT financial_item, year, value, units FROM financials WHERE company_id = 'CIPLA'   AND financial_category = 'Altman Z'   AND financial_item IN ('Revenue from Operations','EBITDA','PAT','Total Asse…
2026-05-31 21:01:41 | INFO     | cost_structure | Running cost structure analysis …
2026-05-31 21:01:41 | INFO     | cost_structure | Cost structure analysis complete.
2026-05-31 21:01:41 | INFO     | bankruptcy | Running bankruptcy/Altman Z analysis …
2026-05-31 21:01:45 | INFO     | query_engine                   | DuckDB views registered: financials, financials_latest, company_master, sector_mapping, audit_log
2026-05-31 21:01:45 | INFO     | warehouse                      | Ingested batch: {'ingestion_id': '2dc43c64-d64f-41f3-9b7c-1483bea5dfa9', 'rows_loaded': 43, 'rows_revised': 43, 'rows_new': 0}
2026-05-31 21:01:45 | INFO     | query_engine                   | DuckDB views registered: financials, financials_latest, company_master, sector_mapping, audit_log
2026-05-31 21:01:45 | INFO     | query_engine                   | DuckDB views registered: financials, financials_latest, company_master, sector_mapping, audit_log
2026-05-31 21:01:45 | INFO     | query_engine                   | SQL: SELECT financial_item, year, value, units FROM financials WHERE company_id = 'CIPLA'   AND financial_category = 'P&L Consolidated'   AND is_active = TRUE…
2026-05-31 21:01:45 | INFO     | query_engine                   | SQL: SELECT financial_item, year, value, units FROM financials WHERE company_id = 'CIPLA'   AND financial_category = 'P&L Standalone'   AND is_active = TRUE…
2026-05-31 21:01:45 | INFO     | query_engine                   | SQL: SELECT financial_item, year, value, units FROM financials WHERE company_id = 'CIPLA'   AND financial_category = 'Altman Z'   AND financial_item IN ('Revenue from Operations','EBITDA','PAT','Total Asse…
2026-05-31 21:01:45 | INFO     | cost_structure | Running cost structure analysis …
2026-05-31 21:01:46 | INFO     | cost_structure | Cost structure analysis complete.
2026-05-31 21:01:46 | INFO     | bankruptcy | Running bankruptcy/Altman Z analysis …
2026-05-31 21:01:49 | INFO     | query_engine                   | DuckDB views registered: financials, financials_latest, company_master, sector_mapping, audit_log
2026-05-31 21:01:50 | INFO     | warehouse                      | Ingested batch: {'ingestion_id': '9f77e4c3-9dba-4fea-95af-dbd16d33a9aa', 'rows_loaded': 43, 'rows_revised': 43, 'rows_new': 0}
2026-05-31 21:01:50 | INFO     | query_engine                   | DuckDB views registered: financials, financials_latest, company_master, sector_mapping, audit_log
2026-05-31 21:01:50 | INFO     | query_engine                   | DuckDB views registered: financials, financials_latest, company_master, sector_mapping, audit_log
2026-05-31 21:01:50 | INFO     | query_engine                   | SQL: SELECT financial_item, year, value, units FROM financials WHERE company_id = 'CIPLA'   AND financial_category = 'P&L Consolidated'   AND is_active = TRUE…
2026-05-31 21:01:50 | INFO     | query_engine                   | SQL: SELECT financial_item, year, value, units FROM financials WHERE company_id = 'CIPLA'   AND financial_category = 'P&L Standalone'   AND is_active = TRUE…
2026-05-31 21:01:50 | INFO     | query_engine                   | SQL: SELECT financial_item, year, value, units FROM financials WHERE company_id = 'CIPLA'   AND financial_category = 'Altman Z'   AND financial_item IN ('Revenue from Operations','EBITDA','PAT','Total Asse…
2026-05-31 21:01:50 | INFO     | cost_structure | Running cost structure analysis …
2026-05-31 21:01:51 | INFO     | cost_structure | Cost structure analysis complete.
2026-05-31 21:01:51 | INFO     | bankruptcy | Running bankruptcy/Altman Z analysis …
2026-05-31 21:04:57 | INFO     | query_engine                   | DuckDB views registered: financials, financials_latest, company_master, sector_mapping, audit_log
2026-05-31 21:04:57 | INFO     | query_engine                   | SQL: SELECT financial_item, financial_category, year, value, units FROM financials WHERE company_id = 'DRL' AND is_active = TRUE ORDER BY year DESC, financial_item…
2026-05-31 21:05:00 | INFO     | query_engine                   | DuckDB views registered: financials, financials_latest, company_master, sector_mapping, audit_log
2026-05-31 21:05:01 | INFO     | warehouse                      | Ingested batch: {'ingestion_id': '731bc32c-a1ca-437b-bc75-54eb12e6c26c', 'rows_loaded': 43, 'rows_revised': 43, 'rows_new': 0}
2026-05-31 21:05:01 | INFO     | query_engine                   | DuckDB views registered: financials, financials_latest, company_master, sector_mapping, audit_log
2026-05-31 21:05:01 | INFO     | query_engine                   | DuckDB views registered: financials, financials_latest, company_master, sector_mapping, audit_log
2026-05-31 21:05:01 | INFO     | query_engine                   | SQL: SELECT financial_item, year, value, units FROM financials WHERE company_id = 'DRL'   AND financial_category = 'P&L Consolidated'   AND is_active = TRUE…
2026-05-31 21:05:01 | INFO     | query_engine                   | SQL: SELECT financial_item, year, value, units FROM financials WHERE company_id = 'DRL'   AND financial_category = 'P&L Standalone'   AND is_active = TRUE…
2026-05-31 21:05:01 | INFO     | query_engine                   | SQL: SELECT financial_item, year, value, units FROM financials WHERE company_id = 'DRL'   AND financial_category = 'Altman Z'   AND financial_item IN ('Revenue from Operations','EBITDA','PAT','Total Assets…
2026-05-31 21:05:01 | INFO     | cost_structure | Running cost structure analysis …
2026-05-31 21:05:01 | INFO     | cost_structure | Cost structure analysis complete.
2026-05-31 21:05:01 | INFO     | bankruptcy | Running bankruptcy/Altman Z analysis …
2026-05-31 21:05:06 | INFO     | query_engine                   | DuckDB views registered: financials, financials_latest, company_master, sector_mapping, audit_log
2026-05-31 21:05:06 | INFO     | warehouse                      | Ingested batch: {'ingestion_id': 'ac1ebd89-b77d-4ddd-a423-7faed03adffa', 'rows_loaded': 43, 'rows_revised': 0, 'rows_new': 43}
2026-05-31 21:05:06 | INFO     | query_engine                   | DuckDB views registered: financials, financials_latest, company_master, sector_mapping, audit_log
2026-05-31 21:05:06 | INFO     | query_engine                   | DuckDB views registered: financials, financials_latest, company_master, sector_mapping, audit_log
2026-05-31 21:05:06 | INFO     | query_engine                   | SQL: SELECT financial_item, year, value, units FROM financials WHERE company_id = 'DRL'   AND financial_category = 'P&L Consolidated'   AND is_active = TRUE…
2026-05-31 21:05:06 | INFO     | query_engine                   | SQL: SELECT financial_item, year, value, units FROM financials WHERE company_id = 'DRL'   AND financial_category = 'P&L Standalone'   AND is_active = TRUE…
2026-05-31 21:05:06 | INFO     | query_engine                   | SQL: SELECT financial_item, year, value, units FROM financials WHERE company_id = 'DRL'   AND financial_category = 'Altman Z'   AND financial_item IN ('Revenue from Operations','EBITDA','PAT','Total Assets…
2026-05-31 21:05:06 | INFO     | cost_structure | Running cost structure analysis …
2026-05-31 21:05:07 | INFO     | cost_structure | Cost structure analysis complete.
2026-05-31 21:05:07 | INFO     | bankruptcy | Running bankruptcy/Altman Z analysis …
2026-05-31 21:05:11 | INFO     | query_engine                   | DuckDB views registered: financials, financials_latest, company_master, sector_mapping, audit_log
2026-05-31 21:05:11 | INFO     | warehouse                      | Ingested batch: {'ingestion_id': '4a57e575-2633-4057-a228-8640c392ca30', 'rows_loaded': 43, 'rows_revised': 43, 'rows_new': 0}
2026-05-31 21:05:11 | INFO     | query_engine                   | DuckDB views registered: financials, financials_latest, company_master, sector_mapping, audit_log
2026-05-31 21:05:11 | INFO     | query_engine                   | DuckDB views registered: financials, financials_latest, company_master, sector_mapping, audit_log
2026-05-31 21:05:11 | INFO     | query_engine                   | SQL: SELECT financial_item, year, value, units FROM financials WHERE company_id = 'DRL'   AND financial_category = 'P&L Consolidated'   AND is_active = TRUE…
2026-05-31 21:05:11 | INFO     | query_engine                   | SQL: SELECT financial_item, year, value, units FROM financials WHERE company_id = 'DRL'   AND financial_category = 'P&L Standalone'   AND is_active = TRUE…
2026-05-31 21:05:11 | INFO     | query_engine                   | SQL: SELECT financial_item, year, value, units FROM financials WHERE company_id = 'DRL'   AND financial_category = 'Altman Z'   AND financial_item IN ('Revenue from Operations','EBITDA','PAT','Total Assets…
2026-05-31 21:05:11 | INFO     | cost_structure | Running cost structure analysis …
2026-05-31 21:05:12 | INFO     | cost_structure | Cost structure analysis complete.
2026-05-31 21:05:12 | INFO     | bankruptcy | Running bankruptcy/Altman Z analysis …
2026-05-31 21:05:15 | INFO     | query_engine                   | DuckDB views registered: financials, financials_latest, company_master, sector_mapping, audit_log
2026-05-31 21:05:16 | INFO     | warehouse                      | Ingested batch: {'ingestion_id': 'd2c2566f-ecc2-4900-95d5-a55807c25d22', 'rows_loaded': 43, 'rows_revised': 0, 'rows_new': 43}
2026-05-31 21:05:16 | INFO     | query_engine                   | DuckDB views registered: financials, financials_latest, company_master, sector_mapping, audit_log
2026-05-31 21:05:16 | INFO     | query_engine                   | DuckDB views registered: financials, financials_latest, company_master, sector_mapping, audit_log
2026-05-31 21:05:16 | INFO     | query_engine                   | SQL: SELECT financial_item, year, value, units FROM financials WHERE company_id = 'DRL'   AND financial_category = 'P&L Consolidated'   AND is_active = TRUE…
2026-05-31 21:05:16 | INFO     | query_engine                   | SQL: SELECT financial_item, year, value, units FROM financials WHERE company_id = 'DRL'   AND financial_category = 'P&L Standalone'   AND is_active = TRUE…
2026-05-31 21:05:16 | INFO     | query_engine                   | SQL: SELECT financial_item, year, value, units FROM financials WHERE company_id = 'DRL'   AND financial_category = 'Altman Z'   AND financial_item IN ('Revenue from Operations','EBITDA','PAT','Total Assets…
2026-05-31 21:05:16 | INFO     | cost_structure | Running cost structure analysis …
2026-05-31 21:05:16 | INFO     | cost_structure | Cost structure analysis complete.
2026-05-31 21:05:16 | INFO     | bankruptcy | Running bankruptcy/Altman Z analysis …
2026-05-31 21:05:21 | INFO     | query_engine                   | DuckDB views registered: financials, financials_latest, company_master, sector_mapping, audit_log
2026-05-31 21:05:22 | INFO     | warehouse                      | Ingested batch: {'ingestion_id': '373efca5-e1df-4583-8a6e-82a51e9a564b', 'rows_loaded': 43, 'rows_revised': 0, 'rows_new': 43}
2026-05-31 21:05:22 | INFO     | query_engine                   | DuckDB views registered: financials, financials_latest, company_master, sector_mapping, audit_log
2026-05-31 21:05:22 | INFO     | query_engine                   | DuckDB views registered: financials, financials_latest, company_master, sector_mapping, audit_log
2026-05-31 21:05:22 | INFO     | query_engine                   | SQL: SELECT financial_item, year, value, units FROM financials WHERE company_id = 'DRL'   AND financial_category = 'P&L Consolidated'   AND is_active = TRUE…
2026-05-31 21:05:22 | INFO     | query_engine                   | SQL: SELECT financial_item, year, value, units FROM financials WHERE company_id = 'DRL'   AND financial_category = 'P&L Standalone'   AND is_active = TRUE…
2026-05-31 21:05:22 | INFO     | query_engine                   | SQL: SELECT financial_item, year, value, units FROM financials WHERE company_id = 'DRL'   AND financial_category = 'Altman Z'   AND financial_item IN ('Revenue from Operations','EBITDA','PAT','Total Assets…
2026-05-31 21:05:22 | INFO     | cost_structure | Running cost structure analysis …
2026-05-31 21:05:23 | INFO     | cost_structure | Cost structure analysis complete.
2026-05-31 21:05:23 | INFO     | bankruptcy | Running bankruptcy/Altman Z analysis …
2026-05-31 21:05:26 | INFO     | query_engine                   | DuckDB views registered: financials, financials_latest, company_master, sector_mapping, audit_log
2026-05-31 21:05:27 | INFO     | warehouse                      | Ingested batch: {'ingestion_id': '52551ed2-1dbb-4268-b53a-576ca49b7970', 'rows_loaded': 43, 'rows_revised': 0, 'rows_new': 43}
2026-05-31 21:05:27 | INFO     | query_engine                   | DuckDB views registered: financials, financials_latest, company_master, sector_mapping, audit_log
2026-05-31 21:05:27 | INFO     | query_engine                   | DuckDB views registered: financials, financials_latest, company_master, sector_mapping, audit_log
2026-05-31 21:05:27 | INFO     | query_engine                   | SQL: SELECT financial_item, year, value, units FROM financials WHERE company_id = 'DRL'   AND financial_category = 'P&L Consolidated'   AND is_active = TRUE…
2026-05-31 21:05:27 | INFO     | query_engine                   | SQL: SELECT financial_item, year, value, units FROM financials WHERE company_id = 'DRL'   AND financial_category = 'P&L Standalone'   AND is_active = TRUE…
2026-05-31 21:05:27 | INFO     | query_engine                   | SQL: SELECT financial_item, year, value, units FROM financials WHERE company_id = 'DRL'   AND financial_category = 'Altman Z'   AND financial_item IN ('Revenue from Operations','EBITDA','PAT','Total Assets…
2026-05-31 21:05:27 | INFO     | cost_structure | Running cost structure analysis …
2026-05-31 21:05:28 | INFO     | cost_structure | Cost structure analysis complete.
2026-05-31 21:05:28 | INFO     | bankruptcy | Running bankruptcy/Altman Z analysis …
2026-05-31 21:05:31 | INFO     | query_engine                   | DuckDB views registered: financials, financials_latest, company_master, sector_mapping, audit_log
2026-05-31 21:05:31 | INFO     | query_engine                   | SQL: SELECT financial_item, financial_category, year, value, units FROM financials WHERE company_id = 'SUN' AND is_active = TRUE ORDER BY year DESC, financial_item…
2026-05-31 21:05:38 | INFO     | query_engine                   | DuckDB views registered: financials, financials_latest, company_master, sector_mapping, audit_log
2026-05-31 21:05:39 | INFO     | warehouse                      | Ingested batch: {'ingestion_id': '4e6f31af-b9ee-4e41-948a-553c34cb0733', 'rows_loaded': 43, 'rows_revised': 43, 'rows_new': 0}
2026-05-31 21:05:39 | INFO     | query_engine                   | DuckDB views registered: financials, financials_latest, company_master, sector_mapping, audit_log
2026-05-31 21:05:39 | INFO     | query_engine                   | DuckDB views registered: financials, financials_latest, company_master, sector_mapping, audit_log
2026-05-31 21:05:39 | INFO     | query_engine                   | SQL: SELECT financial_item, year, value, units FROM financials WHERE company_id = 'SUN'   AND financial_category = 'P&L Consolidated'   AND is_active = TRUE…
2026-05-31 21:05:39 | INFO     | query_engine                   | SQL: SELECT financial_item, year, value, units FROM financials WHERE company_id = 'SUN'   AND financial_category = 'P&L Standalone'   AND is_active = TRUE…
2026-05-31 21:05:39 | INFO     | query_engine                   | SQL: SELECT financial_item, year, value, units FROM financials WHERE company_id = 'SUN'   AND financial_category = 'Altman Z'   AND financial_item IN ('Revenue from Operations','EBITDA','PAT','Total Assets…
2026-05-31 21:05:39 | INFO     | cost_structure | Running cost structure analysis …
2026-05-31 21:05:40 | INFO     | cost_structure | Cost structure analysis complete.
2026-05-31 21:05:40 | INFO     | bankruptcy | Running bankruptcy/Altman Z analysis …
2026-05-31 21:05:42 | INFO     | query_engine                   | DuckDB views registered: financials, financials_latest, company_master, sector_mapping, audit_log
2026-05-31 21:05:42 | INFO     | query_engine                   | SQL: SELECT financial_item, financial_category, year, value, units FROM financials WHERE company_id = 'SUN' AND is_active = TRUE ORDER BY year DESC, financial_item…
2026-05-31 21:05:42 | INFO     | query_engine                   | SQL: SELECT financial_item, year, value, units FROM financials WHERE company_id = 'SUN'   AND financial_category = 'P&L Consolidated'   AND is_active = TRUE…
2026-05-31 21:05:43 | INFO     | cost_structure | Running cost structure analysis …
2026-05-31 21:05:43 | INFO     | cost_structure | Cost structure analysis complete.
2026-05-31 21:05:43 | INFO     | query_engine                   | DuckDB views registered: financials, financials_latest, company_master, sector_mapping, audit_log
2026-05-31 21:05:43 | INFO     | query_engine                   | SQL: SELECT financial_item, financial_category, year, value, units FROM financials WHERE company_id = 'SUN' AND is_active = TRUE ORDER BY year DESC, financial_item…
2026-05-31 21:05:50 | INFO     | query_engine                   | DuckDB views registered: financials, financials_latest, company_master, sector_mapping, audit_log
2026-05-31 21:05:50 | INFO     | query_engine                   | SQL: SELECT financial_item, year, value, units FROM financials WHERE company_id = 'CIPLA'   AND financial_category = 'P&L Consolidated'   AND is_active = TRUE…
2026-05-31 21:05:50 | INFO     | cost_structure | Running cost structure analysis …
2026-05-31 21:05:50 | INFO     | cost_structure | Cost structure analysis complete.
2026-05-31 21:05:50 | INFO     | query_engine                   | SQL: SELECT financial_item, year, value, units FROM financials WHERE company_id = 'DRL'   AND financial_category = 'P&L Consolidated'   AND is_active = TRUE…
2026-05-31 21:05:50 | INFO     | cost_structure | Running cost structure analysis …
2026-05-31 21:05:51 | INFO     | cost_structure | Cost structure analysis complete.
2026-05-31 21:05:51 | INFO     | query_engine                   | SQL: SELECT financial_item, year, value, units FROM financials WHERE company_id = 'LUPIN'   AND financial_category = 'P&L Consolidated'   AND is_active = TRUE…
2026-05-31 21:05:51 | INFO     | cost_structure | Running cost structure analysis …
2026-05-31 21:05:51 | INFO     | cost_structure | Cost structure analysis complete.
2026-05-31 21:05:51 | INFO     | query_engine                   | SQL: SELECT financial_item, year, value, units FROM financials WHERE company_id = 'SUN'   AND financial_category = 'P&L Consolidated'   AND is_active = TRUE…
2026-05-31 21:05:51 | INFO     | cost_structure | Running cost structure analysis …
2026-05-31 21:05:52 | INFO     | cost_structure | Cost structure analysis complete.
2026-05-31 21:05:52 | INFO     | query_engine                   | DuckDB views registered: financials, financials_latest, company_master, sector_mapping, audit_log
2026-05-31 21:05:52 | INFO     | query_engine                   | SQL:              SELECT c.company_id, c.company_name,                 MAX(CASE WHEN f.financial_item='Revenue from Operations' THEN f.value END) as revenue,                 MAX(CASE WHEN f.financial_item=…
2026-05-31 21:05:52 | INFO     | query_engine                   | SQL: SELECT financial_item, financial_category, year, value, units FROM financials WHERE company_id = 'SUN' AND is_active = TRUE ORDER BY year DESC, financial_item…
2026-05-31 21:05:52 | INFO     | query_engine                   | SQL: SELECT financial_item, year, value, units FROM financials WHERE company_id = 'SUN'   AND financial_category = 'P&L Consolidated'   AND is_active = TRUE…
2026-05-31 21:05:52 | INFO     | cost_structure | Running cost structure analysis …
2026-05-31 21:05:52 | INFO     | cost_structure | Cost structure analysis complete.
2026-05-31 21:05:53 | INFO     | query_engine                   | SQL: SELECT financial_item, financial_category, year, value, units FROM financials WHERE company_id = 'DRL' AND is_active = TRUE ORDER BY year DESC, financial_item…
2026-05-31 21:05:53 | INFO     | query_engine                   | SQL: SELECT financial_item, year, value, units FROM financials WHERE company_id = 'DRL'   AND financial_category = 'P&L Consolidated'   AND is_active = TRUE…
2026-05-31 21:05:53 | INFO     | cost_structure | Running cost structure analysis …
2026-05-31 21:05:53 | INFO     | cost_structure | Cost structure analysis complete.
2026-05-31 21:05:53 | INFO     | query_engine                   | SQL: SELECT financial_item, financial_category, year, value, units FROM financials WHERE company_id = 'CIPLA' AND is_active = TRUE ORDER BY year DESC, financial_item…
2026-05-31 21:05:53 | INFO     | query_engine                   | SQL: SELECT financial_item, year, value, units FROM financials WHERE company_id = 'CIPLA'   AND financial_category = 'P&L Consolidated'   AND is_active = TRUE…
2026-05-31 21:05:53 | INFO     | cost_structure | Running cost structure analysis …
2026-05-31 21:05:54 | INFO     | cost_structure | Cost structure analysis complete.
2026-05-31 21:05:54 | INFO     | query_engine                   | SQL: SELECT financial_item, financial_category, year, value, units FROM financials WHERE company_id = 'LUPIN' AND is_active = TRUE ORDER BY year DESC, financial_item…
2026-05-31 21:05:54 | INFO     | query_engine                   | SQL: SELECT financial_item, year, value, units FROM financials WHERE company_id = 'LUPIN'   AND financial_category = 'P&L Consolidated'   AND is_active = TRUE…
2026-05-31 21:05:54 | INFO     | cost_structure | Running cost structure analysis …
2026-05-31 21:05:55 | INFO     | cost_structure | Cost structure analysis complete.
2026-05-31 21:05:55 | INFO     | query_engine                   | DuckDB views registered: financials, financials_latest, company_master, sector_mapping, audit_log
2026-05-31 21:05:55 | INFO     | query_engine                   | SQL: SELECT financial_item, financial_category, year, value, units FROM financials WHERE company_id = 'CIPLA' AND is_active = TRUE ORDER BY year DESC, financial_item…
2026-05-31 21:05:55 | INFO     | query_engine                   | SQL: SELECT financial_item, year, value, units FROM financials WHERE company_id = 'CIPLA'   AND financial_category = 'P&L Consolidated'   AND is_active = TRUE…
2026-05-31 21:05:55 | INFO     | cost_structure | Running cost structure analysis …
2026-05-31 21:05:55 | INFO     | cost_structure | Cost structure analysis complete.
2026-05-31 21:05:55 | INFO     | query_engine                   | SQL: SELECT financial_item, financial_category, year, value, units FROM financials WHERE company_id = 'DRL' AND is_active = TRUE ORDER BY year DESC, financial_item…
2026-05-31 21:05:56 | INFO     | query_engine                   | SQL: SELECT financial_item, year, value, units FROM financials WHERE company_id = 'DRL'   AND financial_category = 'P&L Consolidated'   AND is_active = TRUE…
2026-05-31 21:05:56 | INFO     | cost_structure | Running cost structure analysis …
2026-05-31 21:05:56 | INFO     | cost_structure | Cost structure analysis complete.
2026-05-31 21:05:56 | INFO     | query_engine                   | SQL: SELECT financial_item, financial_category, year, value, units FROM financials WHERE company_id = 'LUPIN' AND is_active = TRUE ORDER BY year DESC, financial_item…
2026-05-31 21:05:56 | INFO     | query_engine                   | SQL: SELECT financial_item, year, value, units FROM financials WHERE company_id = 'LUPIN'   AND financial_category = 'P&L Consolidated'   AND is_active = TRUE…
2026-05-31 21:05:56 | INFO     | cost_structure | Running cost structure analysis …
2026-05-31 21:05:57 | INFO     | cost_structure | Cost structure analysis complete.
2026-05-31 21:05:57 | INFO     | query_engine                   | SQL: SELECT financial_item, financial_category, year, value, units FROM financials WHERE company_id = 'SUN' AND is_active = TRUE ORDER BY year DESC, financial_item…
2026-05-31 21:05:57 | INFO     | query_engine                   | SQL: SELECT financial_item, year, value, units FROM financials WHERE company_id = 'SUN'   AND financial_category = 'P&L Consolidated'   AND is_active = TRUE…
2026-05-31 21:05:57 | INFO     | cost_structure | Running cost structure analysis …
2026-05-31 21:05:57 | INFO     | cost_structure | Cost structure analysis complete.
2026-05-31 21:06:31 | INFO     | query_engine                   | DuckDB views registered: financials, financials_latest, company_master, sector_mapping, audit_log
2026-05-31 21:06:31 | INFO     | query_engine                   | SQL: SELECT financial_item, financial_category, year, value, units FROM financials WHERE company_id = 'CIPLA' AND is_active = TRUE ORDER BY year DESC, financial_item…
2026-05-31 21:06:31 | INFO     | query_engine                   | SQL: SELECT financial_item, year, value, units FROM financials WHERE company_id = 'CIPLA'   AND financial_category = 'P&L Consolidated'   AND is_active = TRUE…
2026-05-31 21:06:31 | INFO     | cost_structure | Running cost structure analysis …
2026-05-31 21:06:32 | INFO     | cost_structure | Cost structure analysis complete.
2026-05-31 21:06:32 | INFO     | query_engine                   | SQL: SELECT financial_item, financial_category, year, value, units FROM financials WHERE company_id = 'CIPLA' AND is_active = TRUE ORDER BY year DESC, financial_item…
2026-05-31 21:06:32 | INFO     | query_engine                   | SQL: SELECT financial_item, year, value, units FROM financials WHERE company_id = 'CIPLA'   AND financial_category = 'P&L Consolidated'   AND is_active = TRUE…
2026-05-31 21:06:32 | INFO     | cost_structure | Running cost structure analysis …
2026-05-31 21:06:33 | INFO     | cost_structure | Cost structure analysis complete.
2026-05-31 21:06:33 | INFO     | query_engine                   | SQL: SELECT financial_item, financial_category, year, value, units FROM financials WHERE company_id = 'CIPLA' AND is_active = TRUE ORDER BY year DESC, financial_item…
2026-05-31 21:06:33 | INFO     | query_engine                   | SQL: SELECT financial_item, year, value, units FROM financials WHERE company_id = 'CIPLA'   AND financial_category = 'P&L Consolidated'   AND is_active = TRUE…
2026-05-31 21:06:33 | INFO     | cost_structure | Running cost structure analysis …
2026-05-31 21:06:33 | INFO     | cost_structure | Cost structure analysis complete.
2026-05-31 21:06:33 | INFO     | query_engine                   | SQL: SELECT financial_item, financial_category, year, value, units FROM financials WHERE company_id = 'CIPLA' AND is_active = TRUE ORDER BY year DESC, financial_item…
2026-05-31 21:06:33 | INFO     | query_engine                   | SQL: SELECT financial_item, year, value, units FROM financials WHERE company_id = 'CIPLA'   AND financial_category = 'P&L Consolidated'   AND is_active = TRUE…
2026-05-31 21:06:33 | INFO     | cost_structure | Running cost structure analysis …
2026-05-31 21:06:34 | INFO     | cost_structure | Cost structure analysis complete.
2026-05-31 21:06:34 | INFO     | query_engine                   | SQL: SELECT financial_item, financial_category, year, value, units FROM financials WHERE company_id = 'CIPLA' AND is_active = TRUE ORDER BY year DESC, financial_item…
2026-05-31 21:06:34 | INFO     | query_engine                   | SQL: SELECT financial_item, year, value, units FROM financials WHERE company_id = 'CIPLA'   AND financial_category = 'P&L Consolidated'   AND is_active = TRUE…
2026-05-31 21:06:34 | INFO     | cost_structure | Running cost structure analysis …
2026-05-31 21:06:35 | INFO     | cost_structure | Cost structure analysis complete.
2026-05-31 21:06:35 | INFO     | query_engine                   | SQL: SELECT financial_item, financial_category, year, value, units FROM financials WHERE company_id = 'CIPLA' AND is_active = TRUE ORDER BY year DESC, financial_item…
2026-05-31 21:06:35 | INFO     | query_engine                   | SQL: SELECT financial_item, year, value, units FROM financials WHERE company_id = 'CIPLA'   AND financial_category = 'P&L Consolidated'   AND is_active = TRUE…
2026-05-31 21:06:35 | INFO     | cost_structure | Running cost structure analysis …
2026-05-31 21:06:35 | INFO     | cost_structure | Cost structure analysis complete.
2026-05-31 21:06:35 | INFO     | query_engine                   | SQL: SELECT financial_item, financial_category, year, value, units FROM financials WHERE company_id = 'DRL' AND is_active = TRUE ORDER BY year DESC, financial_item…
2026-05-31 21:06:35 | INFO     | query_engine                   | SQL: SELECT financial_item, year, value, units FROM financials WHERE company_id = 'DRL'   AND financial_category = 'P&L Consolidated'   AND is_active = TRUE…
2026-05-31 21:06:35 | INFO     | cost_structure | Running cost structure analysis …
2026-05-31 21:06:36 | INFO     | cost_structure | Cost structure analysis complete.
2026-05-31 21:06:36 | INFO     | query_engine                   | SQL: SELECT financial_item, financial_category, year, value, units FROM financials WHERE company_id = 'DRL' AND is_active = TRUE ORDER BY year DESC, financial_item…
2026-05-31 21:06:36 | INFO     | query_engine                   | SQL: SELECT financial_item, year, value, units FROM financials WHERE company_id = 'DRL'   AND financial_category = 'P&L Consolidated'   AND is_active = TRUE…
2026-05-31 21:06:36 | INFO     | cost_structure | Running cost structure analysis …
2026-05-31 21:06:37 | INFO     | cost_structure | Cost structure analysis complete.
2026-05-31 21:06:37 | INFO     | query_engine                   | SQL: SELECT financial_item, financial_category, year, value, units FROM financials WHERE company_id = 'DRL' AND is_active = TRUE ORDER BY year DESC, financial_item…
2026-05-31 21:06:37 | INFO     | query_engine                   | SQL: SELECT financial_item, year, value, units FROM financials WHERE company_id = 'DRL'   AND financial_category = 'P&L Consolidated'   AND is_active = TRUE…
2026-05-31 21:06:37 | INFO     | cost_structure | Running cost structure analysis …
2026-05-31 21:06:37 | INFO     | cost_structure | Cost structure analysis complete.
2026-05-31 21:06:37 | INFO     | query_engine                   | SQL: SELECT financial_item, financial_category, year, value, units FROM financials WHERE company_id = 'DRL' AND is_active = TRUE ORDER BY year DESC, financial_item…
2026-05-31 21:06:37 | INFO     | query_engine                   | SQL: SELECT financial_item, year, value, units FROM financials WHERE company_id = 'DRL'   AND financial_category = 'P&L Consolidated'   AND is_active = TRUE…
2026-05-31 21:06:37 | INFO     | cost_structure | Running cost structure analysis …
2026-05-31 21:06:38 | INFO     | cost_structure | Cost structure analysis complete.
2026-05-31 21:06:38 | INFO     | query_engine                   | SQL: SELECT financial_item, financial_category, year, value, units FROM financials WHERE company_id = 'DRL' AND is_active = TRUE ORDER BY year DESC, financial_item…
2026-05-31 21:06:38 | INFO     | query_engine                   | SQL: SELECT financial_item, year, value, units FROM financials WHERE company_id = 'DRL'   AND financial_category = 'P&L Consolidated'   AND is_active = TRUE…
2026-05-31 21:06:38 | INFO     | cost_structure | Running cost structure analysis …
2026-05-31 21:06:39 | INFO     | cost_structure | Cost structure analysis complete.
2026-05-31 21:06:39 | INFO     | query_engine                   | SQL: SELECT financial_item, financial_category, year, value, units FROM financials WHERE company_id = 'DRL' AND is_active = TRUE ORDER BY year DESC, financial_item…
2026-05-31 21:06:39 | INFO     | query_engine                   | SQL: SELECT financial_item, year, value, units FROM financials WHERE company_id = 'DRL'   AND financial_category = 'P&L Consolidated'   AND is_active = TRUE…
2026-05-31 21:06:39 | INFO     | cost_structure | Running cost structure analysis …
2026-05-31 21:06:39 | INFO     | cost_structure | Cost structure analysis complete.
2026-05-31 21:06:39 | INFO     | query_engine                   | SQL: SELECT financial_item, financial_category, year, value, units FROM financials WHERE company_id = 'LUPIN' AND is_active = TRUE ORDER BY year DESC, financial_item…
2026-05-31 21:06:39 | INFO     | query_engine                   | SQL: SELECT financial_item, year, value, units FROM financials WHERE company_id = 'LUPIN'   AND financial_category = 'P&L Consolidated'   AND is_active = TRUE…
2026-05-31 21:06:39 | INFO     | cost_structure | Running cost structure analysis …
2026-05-31 21:06:40 | INFO     | cost_structure | Cost structure analysis complete.
2026-05-31 21:06:40 | INFO     | query_engine                   | SQL: SELECT financial_item, financial_category, year, value, units FROM financials WHERE company_id = 'LUPIN' AND is_active = TRUE ORDER BY year DESC, financial_item…
2026-05-31 21:06:40 | INFO     | query_engine                   | SQL: SELECT financial_item, year, value, units FROM financials WHERE company_id = 'LUPIN'   AND financial_category = 'P&L Consolidated'   AND is_active = TRUE…
2026-05-31 21:06:40 | INFO     | cost_structure | Running cost structure analysis …
2026-05-31 21:06:41 | INFO     | cost_structure | Cost structure analysis complete.
2026-05-31 21:06:41 | INFO     | query_engine                   | SQL: SELECT financial_item, financial_category, year, value, units FROM financials WHERE company_id = 'LUPIN' AND is_active = TRUE ORDER BY year DESC, financial_item…
2026-05-31 21:06:41 | INFO     | query_engine                   | SQL: SELECT financial_item, year, value, units FROM financials WHERE company_id = 'LUPIN'   AND financial_category = 'P&L Consolidated'   AND is_active = TRUE…
2026-05-31 21:06:41 | INFO     | cost_structure | Running cost structure analysis …
2026-05-31 21:06:41 | INFO     | cost_structure | Cost structure analysis complete.
2026-05-31 21:06:41 | INFO     | query_engine                   | SQL: SELECT financial_item, financial_category, year, value, units FROM financials WHERE company_id = 'LUPIN' AND is_active = TRUE ORDER BY year DESC, financial_item…
2026-05-31 21:06:41 | INFO     | query_engine                   | SQL: SELECT financial_item, year, value, units FROM financials WHERE company_id = 'LUPIN'   AND financial_category = 'P&L Consolidated'   AND is_active = TRUE…
2026-05-31 21:06:41 | INFO     | cost_structure | Running cost structure analysis …
2026-05-31 21:06:42 | INFO     | cost_structure | Cost structure analysis complete.
2026-05-31 21:06:42 | INFO     | query_engine                   | SQL: SELECT financial_item, financial_category, year, value, units FROM financials WHERE company_id = 'LUPIN' AND is_active = TRUE ORDER BY year DESC, financial_item…
2026-05-31 21:06:42 | INFO     | query_engine                   | SQL: SELECT financial_item, year, value, units FROM financials WHERE company_id = 'LUPIN'   AND financial_category = 'P&L Consolidated'   AND is_active = TRUE…
2026-05-31 21:06:42 | INFO     | cost_structure | Running cost structure analysis …
2026-05-31 21:06:43 | INFO     | cost_structure | Cost structure analysis complete.
2026-05-31 21:06:43 | INFO     | query_engine                   | SQL: SELECT financial_item, financial_category, year, value, units FROM financials WHERE company_id = 'LUPIN' AND is_active = TRUE ORDER BY year DESC, financial_item…
2026-05-31 21:06:43 | INFO     | query_engine                   | SQL: SELECT financial_item, year, value, units FROM financials WHERE company_id = 'LUPIN'   AND financial_category = 'P&L Consolidated'   AND is_active = TRUE…
2026-05-31 21:06:43 | INFO     | cost_structure | Running cost structure analysis …
2026-05-31 21:06:43 | INFO     | cost_structure | Cost structure analysis complete.
2026-05-31 21:06:44 | INFO     | query_engine                   | SQL: SELECT financial_item, financial_category, year, value, units FROM financials WHERE company_id = 'SUN' AND is_active = TRUE ORDER BY year DESC, financial_item…
2026-05-31 21:06:44 | INFO     | query_engine                   | SQL: SELECT financial_item, year, value, units FROM financials WHERE company_id = 'SUN'   AND financial_category = 'P&L Consolidated'   AND is_active = TRUE…
2026-05-31 21:06:44 | INFO     | cost_structure | Running cost structure analysis …
2026-05-31 21:06:44 | INFO     | cost_structure | Cost structure analysis complete.
2026-05-31 21:06:44 | INFO     | query_engine                   | SQL: SELECT financial_item, financial_category, year, value, units FROM financials WHERE company_id = 'SUN' AND is_active = TRUE ORDER BY year DESC, financial_item…
2026-05-31 21:06:44 | INFO     | query_engine                   | SQL: SELECT financial_item, year, value, units FROM financials WHERE company_id = 'SUN'   AND financial_category = 'P&L Consolidated'   AND is_active = TRUE…
2026-05-31 21:06:44 | INFO     | cost_structure | Running cost structure analysis …
2026-05-31 21:06:45 | INFO     | cost_structure | Cost structure analysis complete.
2026-05-31 21:06:45 | INFO     | query_engine                   | SQL: SELECT financial_item, financial_category, year, value, units FROM financials WHERE company_id = 'SUN' AND is_active = TRUE ORDER BY year DESC, financial_item…
2026-05-31 21:06:45 | INFO     | query_engine                   | SQL: SELECT financial_item, year, value, units FROM financials WHERE company_id = 'SUN'   AND financial_category = 'P&L Consolidated'   AND is_active = TRUE…
2026-05-31 21:06:45 | INFO     | cost_structure | Running cost structure analysis …
2026-05-31 21:06:46 | INFO     | cost_structure | Cost structure analysis complete.
2026-05-31 21:06:46 | INFO     | query_engine                   | SQL: SELECT financial_item, financial_category, year, value, units FROM financials WHERE company_id = 'SUN' AND is_active = TRUE ORDER BY year DESC, financial_item…
2026-05-31 21:06:46 | INFO     | query_engine                   | SQL: SELECT financial_item, year, value, units FROM financials WHERE company_id = 'SUN'   AND financial_category = 'P&L Consolidated'   AND is_active = TRUE…
2026-05-31 21:06:46 | INFO     | cost_structure | Running cost structure analysis …
2026-05-31 21:06:46 | INFO     | cost_structure | Cost structure analysis complete.
2026-05-31 21:06:46 | INFO     | query_engine                   | SQL: SELECT financial_item, financial_category, year, value, units FROM financials WHERE company_id = 'SUN' AND is_active = TRUE ORDER BY year DESC, financial_item…
2026-05-31 21:06:46 | INFO     | query_engine                   | SQL: SELECT financial_item, year, value, units FROM financials WHERE company_id = 'SUN'   AND financial_category = 'P&L Consolidated'   AND is_active = TRUE…
2026-05-31 21:06:46 | INFO     | cost_structure | Running cost structure analysis …
2026-05-31 21:06:47 | INFO     | cost_structure | Cost structure analysis complete.
2026-05-31 21:06:47 | INFO     | query_engine                   | SQL: SELECT financial_item, financial_category, year, value, units FROM financials WHERE company_id = 'SUN' AND is_active = TRUE ORDER BY year DESC, financial_item…
2026-05-31 21:06:47 | INFO     | query_engine                   | SQL: SELECT financial_item, year, value, units FROM financials WHERE company_id = 'SUN'   AND financial_category = 'P&L Consolidated'   AND is_active = TRUE…
2026-05-31 21:06:47 | INFO     | cost_structure | Running cost structure analysis …
2026-05-31 21:06:48 | INFO     | cost_structure | Cost structure analysis complete.
2026-05-31 21:16:39 | INFO     | query_engine                   | DuckDB views registered: financials, financials_latest, company_master, sector_mapping, audit_log
2026-05-31 21:16:39 | INFO     | query_engine                   | SQL: SELECT financial_item, financial_category, year, value, units FROM financials WHERE company_id = 'SUN' AND is_active = TRUE ORDER BY year DESC, financial_item…
2026-05-31 21:16:43 | INFO     | query_engine                   | DuckDB views registered: financials, financials_latest, company_master, sector_mapping, audit_log
2026-05-31 21:16:43 | INFO     | query_engine                   | SQL: SELECT financial_item, financial_category, year, value, units FROM financials WHERE company_id = 'CIPLA' AND is_active = TRUE ORDER BY year DESC, financial_item…
2026-05-31 21:17:00 | INFO     | query_engine                   | DuckDB views registered: financials, financials_latest, company_master, sector_mapping, audit_log
2026-05-31 21:17:00 | INFO     | query_engine                   | SQL: SELECT financial_item, financial_category, year, value, units FROM financials WHERE company_id = 'DRL' AND is_active = TRUE ORDER BY year DESC, financial_item…
2026-05-31 21:17:12 | INFO     | query_engine                   | DuckDB views registered: financials, financials_latest, company_master, sector_mapping, audit_log
2026-05-31 21:17:12 | INFO     | query_engine                   | SQL: SELECT financial_item, financial_category, year, value, units FROM financials WHERE company_id = 'DRL' AND is_active = TRUE ORDER BY year DESC, financial_item…
2026-05-31 21:17:23 | INFO     | query_engine                   | DuckDB views registered: financials, financials_latest, company_master, sector_mapping, audit_log
2026-05-31 21:17:23 | INFO     | query_engine                   | SQL: SELECT financial_item, financial_category, year, value, units FROM financials WHERE company_id = 'CIPLA' AND is_active = TRUE ORDER BY year DESC, financial_item…
2026-05-31 21:17:30 | INFO     | query_engine                   | DuckDB views registered: financials, financials_latest, company_master, sector_mapping, audit_log
2026-05-31 21:17:30 | INFO     | query_engine                   | SQL: SELECT financial_item, financial_category, year, value, units FROM financials WHERE company_id = 'CIPLA' AND is_active = TRUE ORDER BY year DESC, financial_item…
2026-05-31 21:17:30 | INFO     | query_engine                   | SQL: SELECT financial_item, year, value, units FROM financials WHERE company_id = 'CIPLA'   AND financial_category = 'P&L Consolidated'   AND is_active = TRUE…
2026-05-31 21:17:30 | INFO     | cost_structure | Running cost structure analysis …
2026-05-31 21:17:31 | INFO     | cost_structure | Cost structure analysis complete.
2026-05-31 21:17:31 | INFO     | query_engine                   | SQL: SELECT financial_item, financial_category, year, value, units FROM financials WHERE company_id = 'CIPLA' AND is_active = TRUE ORDER BY year DESC, financial_item…
2026-05-31 21:17:31 | INFO     | query_engine                   | SQL: SELECT financial_item, year, value, units FROM financials WHERE company_id = 'CIPLA'   AND financial_category = 'P&L Consolidated'   AND is_active = TRUE…
2026-05-31 21:17:31 | INFO     | cost_structure | Running cost structure analysis …
2026-05-31 21:17:31 | INFO     | cost_structure | Cost structure analysis complete.
2026-05-31 21:17:31 | INFO     | query_engine                   | SQL: SELECT financial_item, financial_category, year, value, units FROM financials WHERE company_id = 'CIPLA' AND is_active = TRUE ORDER BY year DESC, financial_item…
2026-05-31 21:17:31 | INFO     | query_engine                   | SQL: SELECT financial_item, year, value, units FROM financials WHERE company_id = 'CIPLA'   AND financial_category = 'P&L Consolidated'   AND is_active = TRUE…
2026-05-31 21:17:32 | INFO     | cost_structure | Running cost structure analysis …
2026-05-31 21:17:32 | INFO     | cost_structure | Cost structure analysis complete.
2026-05-31 21:17:32 | INFO     | query_engine                   | SQL: SELECT financial_item, financial_category, year, value, units FROM financials WHERE company_id = 'CIPLA' AND is_active = TRUE ORDER BY year DESC, financial_item…
2026-05-31 21:17:32 | INFO     | query_engine                   | SQL: SELECT financial_item, year, value, units FROM financials WHERE company_id = 'CIPLA'   AND financial_category = 'P&L Consolidated'   AND is_active = TRUE…
2026-05-31 21:17:32 | INFO     | cost_structure | Running cost structure analysis …
2026-05-31 21:17:33 | INFO     | cost_structure | Cost structure analysis complete.
2026-05-31 21:17:33 | INFO     | query_engine                   | SQL: SELECT financial_item, financial_category, year, value, units FROM financials WHERE company_id = 'CIPLA' AND is_active = TRUE ORDER BY year DESC, financial_item…
2026-05-31 21:17:33 | INFO     | query_engine                   | SQL: SELECT financial_item, year, value, units FROM financials WHERE company_id = 'CIPLA'   AND financial_category = 'P&L Consolidated'   AND is_active = TRUE…
2026-05-31 21:17:33 | INFO     | cost_structure | Running cost structure analysis …
2026-05-31 21:17:33 | INFO     | cost_structure | Cost structure analysis complete.
2026-05-31 21:17:34 | INFO     | query_engine                   | SQL: SELECT financial_item, financial_category, year, value, units FROM financials WHERE company_id = 'CIPLA' AND is_active = TRUE ORDER BY year DESC, financial_item…
2026-05-31 21:17:34 | INFO     | query_engine                   | SQL: SELECT financial_item, year, value, units FROM financials WHERE company_id = 'CIPLA'   AND financial_category = 'P&L Consolidated'   AND is_active = TRUE…
2026-05-31 21:17:34 | INFO     | cost_structure | Running cost structure analysis …
2026-05-31 21:17:34 | INFO     | cost_structure | Cost structure analysis complete.
2026-05-31 21:17:34 | INFO     | query_engine                   | SQL: SELECT financial_item, financial_category, year, value, units FROM financials WHERE company_id = 'DRL' AND is_active = TRUE ORDER BY year DESC, financial_item…
2026-05-31 21:17:34 | INFO     | query_engine                   | SQL: SELECT financial_item, year, value, units FROM financials WHERE company_id = 'DRL'   AND financial_category = 'P&L Consolidated'   AND is_active = TRUE…
2026-05-31 21:17:34 | INFO     | cost_structure | Running cost structure analysis …
2026-05-31 21:17:35 | INFO     | cost_structure | Cost structure analysis complete.
2026-05-31 21:17:35 | INFO     | query_engine                   | SQL: SELECT financial_item, financial_category, year, value, units FROM financials WHERE company_id = 'DRL' AND is_active = TRUE ORDER BY year DESC, financial_item…
2026-05-31 21:17:35 | INFO     | query_engine                   | SQL: SELECT financial_item, year, value, units FROM financials WHERE company_id = 'DRL'   AND financial_category = 'P&L Consolidated'   AND is_active = TRUE…
2026-05-31 21:17:35 | INFO     | cost_structure | Running cost structure analysis …
2026-05-31 21:17:35 | INFO     | cost_structure | Cost structure analysis complete.
2026-05-31 21:17:36 | INFO     | query_engine                   | SQL: SELECT financial_item, financial_category, year, value, units FROM financials WHERE company_id = 'DRL' AND is_active = TRUE ORDER BY year DESC, financial_item…
2026-05-31 21:17:36 | INFO     | query_engine                   | SQL: SELECT financial_item, year, value, units FROM financials WHERE company_id = 'DRL'   AND financial_category = 'P&L Consolidated'   AND is_active = TRUE…
2026-05-31 21:17:36 | INFO     | cost_structure | Running cost structure analysis …
2026-05-31 21:17:36 | INFO     | cost_structure | Cost structure analysis complete.
2026-05-31 21:17:36 | INFO     | query_engine                   | SQL: SELECT financial_item, financial_category, year, value, units FROM financials WHERE company_id = 'DRL' AND is_active = TRUE ORDER BY year DESC, financial_item…
2026-05-31 21:17:36 | INFO     | query_engine                   | SQL: SELECT financial_item, year, value, units FROM financials WHERE company_id = 'DRL'   AND financial_category = 'P&L Consolidated'   AND is_active = TRUE…
2026-05-31 21:17:36 | INFO     | cost_structure | Running cost structure analysis …
2026-05-31 21:17:37 | INFO     | cost_structure | Cost structure analysis complete.
2026-05-31 21:17:37 | INFO     | query_engine                   | SQL: SELECT financial_item, financial_category, year, value, units FROM financials WHERE company_id = 'DRL' AND is_active = TRUE ORDER BY year DESC, financial_item…
2026-05-31 21:17:37 | INFO     | query_engine                   | SQL: SELECT financial_item, year, value, units FROM financials WHERE company_id = 'DRL'   AND financial_category = 'P&L Consolidated'   AND is_active = TRUE…
2026-05-31 21:17:37 | INFO     | cost_structure | Running cost structure analysis …
2026-05-31 21:17:38 | INFO     | cost_structure | Cost structure analysis complete.
2026-05-31 21:17:38 | INFO     | query_engine                   | SQL: SELECT financial_item, financial_category, year, value, units FROM financials WHERE company_id = 'DRL' AND is_active = TRUE ORDER BY year DESC, financial_item…
2026-05-31 21:17:38 | INFO     | query_engine                   | SQL: SELECT financial_item, year, value, units FROM financials WHERE company_id = 'DRL'   AND financial_category = 'P&L Consolidated'   AND is_active = TRUE…
2026-05-31 21:17:38 | INFO     | cost_structure | Running cost structure analysis …
2026-05-31 21:17:38 | INFO     | cost_structure | Cost structure analysis complete.
2026-05-31 21:17:38 | INFO     | query_engine                   | SQL: SELECT financial_item, financial_category, year, value, units FROM financials WHERE company_id = 'LUPIN' AND is_active = TRUE ORDER BY year DESC, financial_item…
2026-05-31 21:17:38 | INFO     | query_engine                   | SQL: SELECT financial_item, year, value, units FROM financials WHERE company_id = 'LUPIN'   AND financial_category = 'P&L Consolidated'   AND is_active = TRUE…
2026-05-31 21:17:38 | INFO     | cost_structure | Running cost structure analysis …
2026-05-31 21:17:39 | INFO     | cost_structure | Cost structure analysis complete.
2026-05-31 21:17:39 | INFO     | query_engine                   | SQL: SELECT financial_item, financial_category, year, value, units FROM financials WHERE company_id = 'LUPIN' AND is_active = TRUE ORDER BY year DESC, financial_item…
2026-05-31 21:17:39 | INFO     | query_engine                   | SQL: SELECT financial_item, year, value, units FROM financials WHERE company_id = 'LUPIN'   AND financial_category = 'P&L Consolidated'   AND is_active = TRUE…
2026-05-31 21:17:39 | INFO     | cost_structure | Running cost structure analysis …
2026-05-31 21:17:40 | INFO     | cost_structure | Cost structure analysis complete.
2026-05-31 21:17:40 | INFO     | query_engine                   | SQL: SELECT financial_item, financial_category, year, value, units FROM financials WHERE company_id = 'LUPIN' AND is_active = TRUE ORDER BY year DESC, financial_item…
2026-05-31 21:17:40 | INFO     | query_engine                   | SQL: SELECT financial_item, year, value, units FROM financials WHERE company_id = 'LUPIN'   AND financial_category = 'P&L Consolidated'   AND is_active = TRUE…
2026-05-31 21:17:40 | INFO     | cost_structure | Running cost structure analysis …
2026-05-31 21:17:40 | INFO     | cost_structure | Cost structure analysis complete.
2026-05-31 21:17:40 | INFO     | query_engine                   | SQL: SELECT financial_item, financial_category, year, value, units FROM financials WHERE company_id = 'LUPIN' AND is_active = TRUE ORDER BY year DESC, financial_item…
2026-05-31 21:17:40 | INFO     | query_engine                   | SQL: SELECT financial_item, year, value, units FROM financials WHERE company_id = 'LUPIN'   AND financial_category = 'P&L Consolidated'   AND is_active = TRUE…
2026-05-31 21:17:41 | INFO     | cost_structure | Running cost structure analysis …
2026-05-31 21:17:41 | INFO     | cost_structure | Cost structure analysis complete.
2026-05-31 21:17:41 | INFO     | query_engine                   | SQL: SELECT financial_item, financial_category, year, value, units FROM financials WHERE company_id = 'LUPIN' AND is_active = TRUE ORDER BY year DESC, financial_item…
2026-05-31 21:17:41 | INFO     | query_engine                   | SQL: SELECT financial_item, year, value, units FROM financials WHERE company_id = 'LUPIN'   AND financial_category = 'P&L Consolidated'   AND is_active = TRUE…
2026-05-31 21:17:41 | INFO     | cost_structure | Running cost structure analysis …
2026-05-31 21:17:42 | INFO     | cost_structure | Cost structure analysis complete.
2026-05-31 21:17:42 | INFO     | query_engine                   | SQL: SELECT financial_item, financial_category, year, value, units FROM financials WHERE company_id = 'LUPIN' AND is_active = TRUE ORDER BY year DESC, financial_item…
2026-05-31 21:17:42 | INFO     | query_engine                   | SQL: SELECT financial_item, year, value, units FROM financials WHERE company_id = 'LUPIN'   AND financial_category = 'P&L Consolidated'   AND is_active = TRUE…
2026-05-31 21:17:42 | INFO     | cost_structure | Running cost structure analysis …
2026-05-31 21:17:42 | INFO     | cost_structure | Cost structure analysis complete.
2026-05-31 21:17:42 | INFO     | query_engine                   | SQL: SELECT financial_item, financial_category, year, value, units FROM financials WHERE company_id = 'SUN' AND is_active = TRUE ORDER BY year DESC, financial_item…
2026-05-31 21:17:42 | INFO     | query_engine                   | SQL: SELECT financial_item, year, value, units FROM financials WHERE company_id = 'SUN'   AND financial_category = 'P&L Consolidated'   AND is_active = TRUE…
2026-05-31 21:17:43 | INFO     | cost_structure | Running cost structure analysis …
2026-05-31 21:17:43 | INFO     | cost_structure | Cost structure analysis complete.
2026-05-31 21:17:43 | INFO     | query_engine                   | SQL: SELECT financial_item, financial_category, year, value, units FROM financials WHERE company_id = 'SUN' AND is_active = TRUE ORDER BY year DESC, financial_item…
2026-05-31 21:17:43 | INFO     | query_engine                   | SQL: SELECT financial_item, year, value, units FROM financials WHERE company_id = 'SUN'   AND financial_category = 'P&L Consolidated'   AND is_active = TRUE…
2026-05-31 21:17:43 | INFO     | cost_structure | Running cost structure analysis …
2026-05-31 21:17:44 | INFO     | cost_structure | Cost structure analysis complete.
2026-05-31 21:17:44 | INFO     | query_engine                   | SQL: SELECT financial_item, financial_category, year, value, units FROM financials WHERE company_id = 'SUN' AND is_active = TRUE ORDER BY year DESC, financial_item…
2026-05-31 21:17:44 | INFO     | query_engine                   | SQL: SELECT financial_item, year, value, units FROM financials WHERE company_id = 'SUN'   AND financial_category = 'P&L Consolidated'   AND is_active = TRUE…
2026-05-31 21:17:44 | INFO     | cost_structure | Running cost structure analysis …
2026-05-31 21:17:44 | INFO     | cost_structure | Cost structure analysis complete.
2026-05-31 21:17:44 | INFO     | query_engine                   | SQL: SELECT financial_item, financial_category, year, value, units FROM financials WHERE company_id = 'SUN' AND is_active = TRUE ORDER BY year DESC, financial_item…
2026-05-31 21:17:45 | INFO     | query_engine                   | SQL: SELECT financial_item, year, value, units FROM financials WHERE company_id = 'SUN'   AND financial_category = 'P&L Consolidated'   AND is_active = TRUE…
2026-05-31 21:17:45 | INFO     | cost_structure | Running cost structure analysis …
2026-05-31 21:17:45 | INFO     | cost_structure | Cost structure analysis complete.
2026-05-31 21:17:45 | INFO     | query_engine                   | SQL: SELECT financial_item, financial_category, year, value, units FROM financials WHERE company_id = 'SUN' AND is_active = TRUE ORDER BY year DESC, financial_item…
2026-05-31 21:17:45 | INFO     | query_engine                   | SQL: SELECT financial_item, year, value, units FROM financials WHERE company_id = 'SUN'   AND financial_category = 'P&L Consolidated'   AND is_active = TRUE…
2026-05-31 21:17:45 | INFO     | cost_structure | Running cost structure analysis …
2026-05-31 21:17:46 | INFO     | cost_structure | Cost structure analysis complete.
2026-05-31 21:17:46 | INFO     | query_engine                   | SQL: SELECT financial_item, financial_category, year, value, units FROM financials WHERE company_id = 'SUN' AND is_active = TRUE ORDER BY year DESC, financial_item…
2026-05-31 21:17:46 | INFO     | query_engine                   | SQL: SELECT financial_item, year, value, units FROM financials WHERE company_id = 'SUN'   AND financial_category = 'P&L Consolidated'   AND is_active = TRUE…
2026-05-31 21:17:46 | INFO     | cost_structure | Running cost structure analysis …
2026-05-31 21:17:47 | INFO     | cost_structure | Cost structure analysis complete.
2026-05-31 21:18:17 | INFO     | query_engine                   | DuckDB views registered: financials, financials_latest, company_master, sector_mapping, audit_log
2026-05-31 21:18:17 | INFO     | query_engine                   | SQL: SELECT financial_item, year, value, units FROM financials WHERE company_id = 'CIPLA'   AND financial_category = 'P&L Consolidated'   AND is_active = TRUE…
2026-05-31 21:18:17 | INFO     | cost_structure | Running cost structure analysis …
2026-05-31 21:18:17 | INFO     | cost_structure | Cost structure analysis complete.
2026-05-31 21:18:17 | INFO     | query_engine                   | SQL: SELECT financial_item, year, value, units FROM financials WHERE company_id = 'DRL'   AND financial_category = 'P&L Consolidated'   AND is_active = TRUE…
2026-05-31 21:18:17 | INFO     | cost_structure | Running cost structure analysis …
2026-05-31 21:18:18 | INFO     | cost_structure | Cost structure analysis complete.
2026-05-31 21:18:18 | INFO     | query_engine                   | SQL: SELECT financial_item, year, value, units FROM financials WHERE company_id = 'LUPIN'   AND financial_category = 'P&L Consolidated'   AND is_active = TRUE…
2026-05-31 21:18:18 | INFO     | cost_structure | Running cost structure analysis …
2026-05-31 21:18:18 | INFO     | cost_structure | Cost structure analysis complete.
2026-05-31 21:18:18 | INFO     | query_engine                   | SQL: SELECT financial_item, year, value, units FROM financials WHERE company_id = 'SUN'   AND financial_category = 'P&L Consolidated'   AND is_active = TRUE…
2026-05-31 21:18:18 | INFO     | cost_structure | Running cost structure analysis …
2026-05-31 21:18:19 | INFO     | cost_structure | Cost structure analysis complete.
2026-05-31 21:18:19 | INFO     | query_engine                   | DuckDB views registered: financials, financials_latest, company_master, sector_mapping, audit_log
2026-05-31 21:18:19 | INFO     | query_engine                   | SQL: SELECT financial_item, financial_category, year, value, units FROM financials WHERE company_id = 'CIPLA' AND is_active = TRUE ORDER BY year DESC, financial_item…
2026-05-31 21:18:19 | INFO     | query_engine                   | SQL: SELECT financial_item, year, value, units FROM financials WHERE company_id = 'CIPLA'   AND financial_category = 'P&L Consolidated'   AND is_active = TRUE…
2026-05-31 21:18:19 | INFO     | cost_structure | Running cost structure analysis …
2026-05-31 21:18:19 | INFO     | cost_structure | Cost structure analysis complete.
2026-05-31 21:18:20 | INFO     | query_engine                   | SQL: SELECT financial_item, financial_category, year, value, units FROM financials WHERE company_id = 'DRL' AND is_active = TRUE ORDER BY year DESC, financial_item…
2026-05-31 21:18:20 | INFO     | query_engine                   | SQL: SELECT financial_item, year, value, units FROM financials WHERE company_id = 'DRL'   AND financial_category = 'P&L Consolidated'   AND is_active = TRUE…
2026-05-31 21:18:20 | INFO     | cost_structure | Running cost structure analysis …
2026-05-31 21:18:20 | INFO     | cost_structure | Cost structure analysis complete.
2026-05-31 21:18:20 | INFO     | query_engine                   | SQL: SELECT financial_item, financial_category, year, value, units FROM financials WHERE company_id = 'LUPIN' AND is_active = TRUE ORDER BY year DESC, financial_item…
2026-05-31 21:18:20 | INFO     | query_engine                   | SQL: SELECT financial_item, year, value, units FROM financials WHERE company_id = 'LUPIN'   AND financial_category = 'P&L Consolidated'   AND is_active = TRUE…
2026-05-31 21:18:20 | INFO     | cost_structure | Running cost structure analysis …
2026-05-31 21:18:21 | INFO     | cost_structure | Cost structure analysis complete.
2026-05-31 21:18:21 | INFO     | query_engine                   | SQL: SELECT financial_item, financial_category, year, value, units FROM financials WHERE company_id = 'SUN' AND is_active = TRUE ORDER BY year DESC, financial_item…
2026-05-31 21:18:21 | INFO     | query_engine                   | SQL: SELECT financial_item, year, value, units FROM financials WHERE company_id = 'SUN'   AND financial_category = 'P&L Consolidated'   AND is_active = TRUE…
2026-05-31 21:18:21 | INFO     | cost_structure | Running cost structure analysis …
2026-05-31 21:18:21 | INFO     | cost_structure | Cost structure analysis complete.
2026-05-31 21:18:21 | INFO     | query_engine                   | DuckDB views registered: financials, financials_latest, company_master, sector_mapping, audit_log
2026-05-31 21:18:21 | INFO     | query_engine                   | SQL:              SELECT c.company_id, c.company_name,                 MAX(CASE WHEN f.financial_item='Revenue from Operations' THEN f.value END) as revenue,                 MAX(CASE WHEN f.financial_item=…
2026-05-31 21:18:22 | INFO     | query_engine                   | SQL: SELECT financial_item, financial_category, year, value, units FROM financials WHERE company_id = 'SUN' AND is_active = TRUE ORDER BY year DESC, financial_item…
2026-05-31 21:18:22 | INFO     | query_engine                   | SQL: SELECT financial_item, year, value, units FROM financials WHERE company_id = 'SUN'   AND financial_category = 'P&L Consolidated'   AND is_active = TRUE…
2026-05-31 21:18:22 | INFO     | cost_structure | Running cost structure analysis …
2026-05-31 21:18:22 | INFO     | cost_structure | Cost structure analysis complete.
2026-05-31 21:18:22 | INFO     | query_engine                   | SQL: SELECT financial_item, financial_category, year, value, units FROM financials WHERE company_id = 'DRL' AND is_active = TRUE ORDER BY year DESC, financial_item…
2026-05-31 21:18:22 | INFO     | query_engine                   | SQL: SELECT financial_item, year, value, units FROM financials WHERE company_id = 'DRL'   AND financial_category = 'P&L Consolidated'   AND is_active = TRUE…
2026-05-31 21:18:23 | INFO     | cost_structure | Running cost structure analysis …
2026-05-31 21:18:23 | INFO     | cost_structure | Cost structure analysis complete.
2026-05-31 21:18:23 | INFO     | query_engine                   | SQL: SELECT financial_item, financial_category, year, value, units FROM financials WHERE company_id = 'CIPLA' AND is_active = TRUE ORDER BY year DESC, financial_item…
2026-05-31 21:18:23 | INFO     | query_engine                   | SQL: SELECT financial_item, year, value, units FROM financials WHERE company_id = 'CIPLA'   AND financial_category = 'P&L Consolidated'   AND is_active = TRUE…
2026-05-31 21:18:23 | INFO     | cost_structure | Running cost structure analysis …
2026-05-31 21:18:24 | INFO     | cost_structure | Cost structure analysis complete.
2026-05-31 21:18:24 | INFO     | query_engine                   | SQL: SELECT financial_item, financial_category, year, value, units FROM financials WHERE company_id = 'LUPIN' AND is_active = TRUE ORDER BY year DESC, financial_item…
2026-05-31 21:18:24 | INFO     | query_engine                   | SQL: SELECT financial_item, year, value, units FROM financials WHERE company_id = 'LUPIN'   AND financial_category = 'P&L Consolidated'   AND is_active = TRUE…
2026-05-31 21:18:24 | INFO     | cost_structure | Running cost structure analysis …
2026-05-31 21:18:25 | INFO     | cost_structure | Cost structure analysis complete.
2026-05-31 21:21:01 | INFO     | query_engine                   | DuckDB views registered: financials, financials_latest, company_master, sector_mapping, audit_log
2026-05-31 21:21:01 | INFO     | query_engine                   | SQL: SELECT financial_item, financial_category, year, value, units FROM financials WHERE company_id = 'CIPLA' AND is_active = TRUE ORDER BY year DESC, financial_item…
2026-05-31 21:21:01 | INFO     | query_engine                   | SQL: SELECT financial_item, year, value, units FROM financials WHERE company_id = 'CIPLA'   AND financial_category = 'P&L Consolidated'   AND is_active = TRUE…
2026-05-31 21:21:01 | INFO     | cost_structure | Running cost structure analysis …
2026-05-31 21:21:02 | INFO     | cost_structure | Cost structure analysis complete.
2026-05-31 21:21:02 | INFO     | query_engine                   | DuckDB views registered: financials, financials_latest, company_master, sector_mapping, audit_log
2026-05-31 21:21:02 | INFO     | query_engine                   | SQL: SELECT financial_item, financial_category, year, value, units FROM financials WHERE company_id = 'CIPLA' AND is_active = TRUE ORDER BY year DESC, financial_item…
2026-05-31 21:21:06 | INFO     | query_engine                   | DuckDB views registered: financials, financials_latest, company_master, sector_mapping, audit_log
2026-05-31 21:21:06 | INFO     | query_engine                   | SQL: SELECT financial_item, year, value, units FROM financials WHERE company_id = 'CIPLA'   AND financial_category = 'P&L Consolidated'   AND is_active = TRUE…
2026-05-31 21:21:06 | INFO     | cost_structure | Running cost structure analysis …
2026-05-31 21:21:06 | INFO     | cost_structure | Cost structure analysis complete.
2026-05-31 21:21:06 | INFO     | query_engine                   | SQL: SELECT financial_item, year, value, units FROM financials WHERE company_id = 'DRL'   AND financial_category = 'P&L Consolidated'   AND is_active = TRUE…
2026-05-31 21:21:06 | INFO     | cost_structure | Running cost structure analysis …
2026-05-31 21:21:07 | INFO     | cost_structure | Cost structure analysis complete.
2026-05-31 21:21:07 | INFO     | query_engine                   | SQL: SELECT financial_item, year, value, units FROM financials WHERE company_id = 'LUPIN'   AND financial_category = 'P&L Consolidated'   AND is_active = TRUE…
2026-05-31 21:21:07 | INFO     | cost_structure | Running cost structure analysis …
2026-05-31 21:21:07 | INFO     | cost_structure | Cost structure analysis complete.
2026-05-31 21:21:07 | INFO     | query_engine                   | SQL: SELECT financial_item, year, value, units FROM financials WHERE company_id = 'SUN'   AND financial_category = 'P&L Consolidated'   AND is_active = TRUE…
2026-05-31 21:21:07 | INFO     | cost_structure | Running cost structure analysis …
2026-05-31 21:21:08 | INFO     | cost_structure | Cost structure analysis complete.
2026-05-31 21:21:08 | INFO     | query_engine                   | DuckDB views registered: financials, financials_latest, company_master, sector_mapping, audit_log
2026-05-31 21:21:08 | INFO     | query_engine                   | SQL: SELECT financial_item, financial_category, year, value, units FROM financials WHERE company_id = 'CIPLA' AND is_active = TRUE ORDER BY year DESC, financial_item…
2026-05-31 21:21:08 | INFO     | query_engine                   | SQL: SELECT financial_item, year, value, units FROM financials WHERE company_id = 'CIPLA'   AND financial_category = 'P&L Consolidated'   AND is_active = TRUE…
2026-05-31 21:21:08 | INFO     | cost_structure | Running cost structure analysis …
2026-05-31 21:21:09 | INFO     | cost_structure | Cost structure analysis complete.
2026-05-31 21:21:09 | INFO     | query_engine                   | SQL: SELECT financial_item, financial_category, year, value, units FROM financials WHERE company_id = 'DRL' AND is_active = TRUE ORDER BY year DESC, financial_item…
2026-05-31 21:21:09 | INFO     | query_engine                   | SQL: SELECT financial_item, year, value, units FROM financials WHERE company_id = 'DRL'   AND financial_category = 'P&L Consolidated'   AND is_active = TRUE…
2026-05-31 21:21:09 | INFO     | cost_structure | Running cost structure analysis …
2026-05-31 21:21:09 | INFO     | cost_structure | Cost structure analysis complete.
2026-05-31 21:21:09 | INFO     | query_engine                   | SQL: SELECT financial_item, financial_category, year, value, units FROM financials WHERE company_id = 'LUPIN' AND is_active = TRUE ORDER BY year DESC, financial_item…
2026-05-31 21:21:09 | INFO     | query_engine                   | SQL: SELECT financial_item, year, value, units FROM financials WHERE company_id = 'LUPIN'   AND financial_category = 'P&L Consolidated'   AND is_active = TRUE…
2026-05-31 21:21:10 | INFO     | cost_structure | Running cost structure analysis …
2026-05-31 21:21:10 | INFO     | cost_structure | Cost structure analysis complete.
2026-05-31 21:21:10 | INFO     | query_engine                   | SQL: SELECT financial_item, financial_category, year, value, units FROM financials WHERE company_id = 'SUN' AND is_active = TRUE ORDER BY year DESC, financial_item…
2026-05-31 21:21:10 | INFO     | query_engine                   | SQL: SELECT financial_item, year, value, units FROM financials WHERE company_id = 'SUN'   AND financial_category = 'P&L Consolidated'   AND is_active = TRUE…
2026-05-31 21:21:10 | INFO     | cost_structure | Running cost structure analysis …
2026-05-31 21:21:11 | INFO     | cost_structure | Cost structure analysis complete.
2026-05-31 21:21:11 | INFO     | query_engine                   | DuckDB views registered: financials, financials_latest, company_master, sector_mapping, audit_log
2026-05-31 21:21:11 | INFO     | query_engine                   | SQL:              SELECT c.company_id, c.company_name,                 MAX(CASE WHEN f.financial_item='Revenue from Operations' THEN f.value END) as revenue,                 MAX(CASE WHEN f.financial_item=…
2026-05-31 21:21:11 | INFO     | query_engine                   | SQL: SELECT financial_item, financial_category, year, value, units FROM financials WHERE company_id = 'SUN' AND is_active = TRUE ORDER BY year DESC, financial_item…
2026-05-31 21:21:11 | INFO     | query_engine                   | SQL: SELECT financial_item, year, value, units FROM financials WHERE company_id = 'SUN'   AND financial_category = 'P&L Consolidated'   AND is_active = TRUE…
2026-05-31 21:21:11 | INFO     | cost_structure | Running cost structure analysis …
2026-05-31 21:21:12 | INFO     | cost_structure | Cost structure analysis complete.
2026-05-31 21:21:12 | INFO     | query_engine                   | SQL: SELECT financial_item, financial_category, year, value, units FROM financials WHERE company_id = 'DRL' AND is_active = TRUE ORDER BY year DESC, financial_item…
2026-05-31 21:21:12 | INFO     | query_engine                   | SQL: SELECT financial_item, year, value, units FROM financials WHERE company_id = 'DRL'   AND financial_category = 'P&L Consolidated'   AND is_active = TRUE…
2026-05-31 21:21:12 | INFO     | cost_structure | Running cost structure analysis …
2026-05-31 21:21:13 | INFO     | cost_structure | Cost structure analysis complete.
2026-05-31 21:21:13 | INFO     | query_engine                   | SQL: SELECT financial_item, financial_category, year, value, units FROM financials WHERE company_id = 'CIPLA' AND is_active = TRUE ORDER BY year DESC, financial_item…
2026-05-31 21:21:13 | INFO     | query_engine                   | SQL: SELECT financial_item, year, value, units FROM financials WHERE company_id = 'CIPLA'   AND financial_category = 'P&L Consolidated'   AND is_active = TRUE…
2026-05-31 21:21:13 | INFO     | cost_structure | Running cost structure analysis …
2026-05-31 21:21:13 | INFO     | cost_structure | Cost structure analysis complete.
2026-05-31 21:21:13 | INFO     | query_engine                   | SQL: SELECT financial_item, financial_category, year, value, units FROM financials WHERE company_id = 'LUPIN' AND is_active = TRUE ORDER BY year DESC, financial_item…
2026-05-31 21:21:13 | INFO     | query_engine                   | SQL: SELECT financial_item, year, value, units FROM financials WHERE company_id = 'LUPIN'   AND financial_category = 'P&L Consolidated'   AND is_active = TRUE…
2026-05-31 21:21:13 | INFO     | cost_structure | Running cost structure analysis …
2026-05-31 21:21:14 | INFO     | cost_structure | Cost structure analysis complete.
2026-05-31 21:24:50 | INFO     | query_engine                   | DuckDB views registered: financials, financials_latest, company_master, sector_mapping, audit_log
2026-05-31 21:24:50 | INFO     | query_engine                   | SQL: SELECT financial_item, financial_category, year, value, units FROM financials WHERE company_id = 'CIPLA' AND is_active = TRUE ORDER BY year DESC, financial_item…
2026-05-31 21:24:51 | INFO     | query_engine                   | SQL: SELECT financial_item, year, value, units FROM financials WHERE company_id = 'CIPLA'   AND financial_category = 'P&L Consolidated'   AND is_active = TRUE…
2026-05-31 21:24:51 | INFO     | cost_structure | Running cost structure analysis …
2026-05-31 21:24:51 | INFO     | cost_structure | Cost structure analysis complete.
2026-05-31 23:34:04 | INFO     | query_engine                   | DuckDB views registered: financials, financials_latest, company_master, sector_mapping, audit_log
2026-05-31 23:34:04 | INFO     | query_engine                   | SQL: SELECT financial_item, financial_category, year, value, units FROM financials WHERE company_id = 'CIPLA' AND is_active = TRUE ORDER BY year DESC, financial_item…
2026-05-31 23:34:04 | INFO     | query_engine                   | SQL: SELECT financial_item, year, value, units FROM financials WHERE company_id = 'CIPLA'   AND financial_category = 'P&L Consolidated'   AND is_active = TRUE…
2026-05-31 23:34:04 | INFO     | cost_structure | Running cost structure analysis …
2026-05-31 23:34:04 | INFO     | cost_structure | Cost structure analysis complete.
2026-05-31 23:35:32 | INFO     | query_engine                   | DuckDB views registered: financials, financials_latest, company_master, sector_mapping, audit_log
2026-05-31 23:35:33 | INFO     | query_engine                   | SQL: SELECT financial_item, financial_category, year, value, units FROM financials WHERE company_id = 'CIPLA' AND is_active = TRUE ORDER BY year DESC, financial_item…
2026-05-31 23:35:33 | INFO     | query_engine                   | SQL: SELECT financial_item, year, value, units FROM financials WHERE company_id = 'CIPLA'   AND financial_category = 'P&L Consolidated'   AND is_active = TRUE…
2026-05-31 23:35:33 | INFO     | cost_structure | Running cost structure analysis …
2026-05-31 23:35:34 | INFO     | cost_structure | Cost structure analysis complete.
2026-05-31 23:52:23 | INFO     | query_engine                   | DuckDB views registered: financials, financials_latest, company_master, sector_mapping, audit_log
2026-05-31 23:52:24 | INFO     | query_engine                   | DuckDB views registered: financials, financials_latest, company_master, sector_mapping, audit_log
2026-05-31 23:52:24 | INFO     | query_engine                   | SQL: SELECT financial_item, year, value, units FROM financials WHERE company_id = 'CIPLA'   AND financial_category = 'P&L Consolidated'   AND is_active = TRUE…
2026-05-31 23:52:24 | INFO     | query_engine                   | SQL: SELECT financial_item, year, value, units FROM financials WHERE company_id = 'CIPLA'   AND financial_category = 'P&L Standalone'   AND is_active = TRUE…
2026-05-31 23:52:24 | INFO     | query_engine                   | SQL: SELECT financial_item, year, value, units FROM financials WHERE company_id = 'CIPLA'   AND financial_category = 'Altman Z'   AND financial_item IN ('Revenue from Operations','EBITDA','PAT','Total Asse…
2026-05-31 23:52:24 | INFO     | cost_structure | Running cost structure analysis …
2026-05-31 23:52:24 | INFO     | cost_structure | Cost structure analysis complete.
2026-05-31 23:52:24 | INFO     | cost_structure | Running cost structure analysis …
2026-05-31 23:52:25 | INFO     | cost_structure | Cost structure analysis complete.
2026-05-31 23:52:25 | INFO     | bankruptcy | Running bankruptcy/Altman Z analysis …
2026-05-31 23:52:25 | INFO     | query_engine                   | SQL: SELECT company_name, ticker FROM company_master WHERE company_id='CIPLA'…
2026-05-31 23:52:25 | INFO     | excel_writer | Writing Excel with live formulas …
2026-05-31 23:52:26 | INFO     | excel_writer | Output saved to: D:\Desktop\finintel\backend\output\Output_Analysis_CIPLA.xlsx
2026-05-31 23:58:27 | INFO     | query_engine                   | DuckDB views registered: financials, financials_latest, company_master, sector_mapping, audit_log
2026-05-31 23:58:27 | INFO     | query_engine                   | SQL: SELECT financial_item, year, value, units FROM financials WHERE company_id = 'CIPLA'   AND financial_category = 'P&L Consolidated'   AND is_active = TRUE…
2026-05-31 23:58:27 | INFO     | cost_structure | Running cost structure analysis …
2026-05-31 23:58:28 | INFO     | cost_structure | Cost structure analysis complete.
2026-05-31 23:58:28 | INFO     | query_engine                   | SQL: SELECT financial_item, year, value, units FROM financials WHERE company_id = 'DRL'   AND financial_category = 'P&L Consolidated'   AND is_active = TRUE…
2026-05-31 23:58:28 | INFO     | cost_structure | Running cost structure analysis …
2026-05-31 23:58:29 | INFO     | cost_structure | Cost structure analysis complete.
2026-05-31 23:58:29 | INFO     | query_engine                   | SQL: SELECT financial_item, year, value, units FROM financials WHERE company_id = 'LUPIN'   AND financial_category = 'P&L Consolidated'   AND is_active = TRUE…
2026-05-31 23:58:29 | INFO     | cost_structure | Running cost structure analysis …
2026-05-31 23:58:30 | INFO     | cost_structure | Cost structure analysis complete.
2026-05-31 23:58:30 | INFO     | query_engine                   | SQL: SELECT financial_item, year, value, units FROM financials WHERE company_id = 'SUN'   AND financial_category = 'P&L Consolidated'   AND is_active = TRUE…
2026-05-31 23:58:30 | INFO     | cost_structure | Running cost structure analysis …
2026-05-31 23:58:31 | INFO     | cost_structure | Cost structure analysis complete.
2026-05-31 23:58:31 | INFO     | query_engine                   | DuckDB views registered: financials, financials_latest, company_master, sector_mapping, audit_log
2026-05-31 23:58:31 | INFO     | query_engine                   | SQL: SELECT financial_item, financial_category, year, value, units FROM financials WHERE company_id = 'CIPLA' AND is_active = TRUE ORDER BY year DESC, financial_item…
2026-05-31 23:58:31 | INFO     | query_engine                   | SQL: SELECT financial_item, year, value, units FROM financials WHERE company_id = 'CIPLA'   AND financial_category = 'P&L Consolidated'   AND is_active = TRUE…
2026-05-31 23:58:31 | INFO     | cost_structure | Running cost structure analysis …
2026-05-31 23:58:32 | INFO     | cost_structure | Cost structure analysis complete.
2026-05-31 23:58:32 | INFO     | query_engine                   | SQL: SELECT financial_item, financial_category, year, value, units FROM financials WHERE company_id = 'DRL' AND is_active = TRUE ORDER BY year DESC, financial_item…
2026-05-31 23:58:32 | INFO     | query_engine                   | SQL: SELECT financial_item, year, value, units FROM financials WHERE company_id = 'DRL'   AND financial_category = 'P&L Consolidated'   AND is_active = TRUE…
2026-05-31 23:58:32 | INFO     | cost_structure | Running cost structure analysis …
2026-05-31 23:58:33 | INFO     | cost_structure | Cost structure analysis complete.
2026-05-31 23:58:33 | INFO     | query_engine                   | SQL: SELECT financial_item, financial_category, year, value, units FROM financials WHERE company_id = 'LUPIN' AND is_active = TRUE ORDER BY year DESC, financial_item…
2026-05-31 23:58:33 | INFO     | query_engine                   | SQL: SELECT financial_item, year, value, units FROM financials WHERE company_id = 'LUPIN'   AND financial_category = 'P&L Consolidated'   AND is_active = TRUE…
2026-05-31 23:58:33 | INFO     | cost_structure | Running cost structure analysis …
2026-05-31 23:58:33 | INFO     | cost_structure | Cost structure analysis complete.
2026-05-31 23:58:34 | INFO     | query_engine                   | SQL: SELECT financial_item, financial_category, year, value, units FROM financials WHERE company_id = 'SUN' AND is_active = TRUE ORDER BY year DESC, financial_item…
2026-05-31 23:58:34 | INFO     | query_engine                   | SQL: SELECT financial_item, year, value, units FROM financials WHERE company_id = 'SUN'   AND financial_category = 'P&L Consolidated'   AND is_active = TRUE…
2026-05-31 23:58:34 | INFO     | cost_structure | Running cost structure analysis …
2026-05-31 23:58:34 | INFO     | cost_structure | Cost structure analysis complete.
2026-05-31 23:58:34 | INFO     | query_engine                   | DuckDB views registered: financials, financials_latest, company_master, sector_mapping, audit_log
2026-05-31 23:58:34 | INFO     | query_engine                   | SQL:              SELECT c.company_id, c.company_name,                 MAX(CASE WHEN f.financial_item='Revenue from Operations' THEN f.value END) as revenue,                 MAX(CASE WHEN f.financial_item=…
2026-05-31 23:58:34 | INFO     | query_engine                   | SQL: SELECT financial_item, financial_category, year, value, units FROM financials WHERE company_id = 'SUN' AND is_active = TRUE ORDER BY year DESC, financial_item…
2026-05-31 23:58:35 | INFO     | query_engine                   | SQL: SELECT financial_item, year, value, units FROM financials WHERE company_id = 'SUN'   AND financial_category = 'P&L Consolidated'   AND is_active = TRUE…
2026-05-31 23:58:35 | INFO     | cost_structure | Running cost structure analysis …
2026-05-31 23:58:35 | INFO     | cost_structure | Cost structure analysis complete.
2026-05-31 23:58:35 | INFO     | query_engine                   | SQL: SELECT financial_item, financial_category, year, value, units FROM financials WHERE company_id = 'DRL' AND is_active = TRUE ORDER BY year DESC, financial_item…
2026-05-31 23:58:35 | INFO     | query_engine                   | SQL: SELECT financial_item, year, value, units FROM financials WHERE company_id = 'DRL'   AND financial_category = 'P&L Consolidated'   AND is_active = TRUE…
2026-05-31 23:58:35 | INFO     | cost_structure | Running cost structure analysis …
2026-05-31 23:58:36 | INFO     | cost_structure | Cost structure analysis complete.
2026-05-31 23:58:36 | INFO     | query_engine                   | SQL: SELECT financial_item, financial_category, year, value, units FROM financials WHERE company_id = 'CIPLA' AND is_active = TRUE ORDER BY year DESC, financial_item…
2026-05-31 23:58:36 | INFO     | query_engine                   | SQL: SELECT financial_item, year, value, units FROM financials WHERE company_id = 'CIPLA'   AND financial_category = 'P&L Consolidated'   AND is_active = TRUE…
2026-05-31 23:58:36 | INFO     | cost_structure | Running cost structure analysis …
2026-05-31 23:58:37 | INFO     | cost_structure | Cost structure analysis complete.
2026-05-31 23:58:37 | INFO     | query_engine                   | SQL: SELECT financial_item, financial_category, year, value, units FROM financials WHERE company_id = 'LUPIN' AND is_active = TRUE ORDER BY year DESC, financial_item…
2026-05-31 23:58:37 | INFO     | query_engine                   | SQL: SELECT financial_item, year, value, units FROM financials WHERE company_id = 'LUPIN'   AND financial_category = 'P&L Consolidated'   AND is_active = TRUE…
2026-05-31 23:58:37 | INFO     | cost_structure | Running cost structure analysis …
2026-05-31 23:58:37 | INFO     | cost_structure | Cost structure analysis complete.
2026-05-31 23:58:37 | INFO     | query_engine                   | DuckDB views registered: financials, financials_latest, company_master, sector_mapping, audit_log
2026-05-31 23:58:37 | INFO     | query_engine                   | SQL: SELECT financial_item, financial_category, year, value, units FROM financials WHERE company_id = 'CIPLA' AND is_active = TRUE ORDER BY year DESC, financial_item…
2026-05-31 23:58:37 | INFO     | query_engine                   | SQL: SELECT financial_item, year, value, units FROM financials WHERE company_id = 'CIPLA'   AND financial_category = 'P&L Consolidated'   AND is_active = TRUE…
2026-05-31 23:58:38 | INFO     | cost_structure | Running cost structure analysis …
2026-05-31 23:58:38 | INFO     | cost_structure | Cost structure analysis complete.
2026-05-31 23:58:38 | INFO     | query_engine                   | SQL: SELECT financial_item, financial_category, year, value, units FROM financials WHERE company_id = 'CIPLA' AND is_active = TRUE ORDER BY year DESC, financial_item…
2026-05-31 23:58:38 | INFO     | query_engine                   | SQL: SELECT financial_item, year, value, units FROM financials WHERE company_id = 'CIPLA'   AND financial_category = 'P&L Consolidated'   AND is_active = TRUE…
2026-05-31 23:58:38 | INFO     | cost_structure | Running cost structure analysis …
2026-05-31 23:58:39 | INFO     | cost_structure | Cost structure analysis complete.
2026-05-31 23:58:39 | INFO     | query_engine                   | SQL: SELECT financial_item, financial_category, year, value, units FROM financials WHERE company_id = 'CIPLA' AND is_active = TRUE ORDER BY year DESC, financial_item…
2026-05-31 23:58:39 | INFO     | query_engine                   | SQL: SELECT financial_item, year, value, units FROM financials WHERE company_id = 'CIPLA'   AND financial_category = 'P&L Consolidated'   AND is_active = TRUE…
2026-05-31 23:58:39 | INFO     | cost_structure | Running cost structure analysis …
2026-05-31 23:58:39 | INFO     | cost_structure | Cost structure analysis complete.
2026-05-31 23:58:39 | INFO     | query_engine                   | SQL: SELECT financial_item, financial_category, year, value, units FROM financials WHERE company_id = 'CIPLA' AND is_active = TRUE ORDER BY year DESC, financial_item…
2026-05-31 23:58:40 | INFO     | query_engine                   | SQL: SELECT financial_item, year, value, units FROM financials WHERE company_id = 'CIPLA'   AND financial_category = 'P&L Consolidated'   AND is_active = TRUE…
2026-05-31 23:58:40 | INFO     | cost_structure | Running cost structure analysis …
2026-05-31 23:58:40 | INFO     | cost_structure | Cost structure analysis complete.
2026-05-31 23:58:40 | INFO     | query_engine                   | SQL: SELECT financial_item, financial_category, year, value, units FROM financials WHERE company_id = 'CIPLA' AND is_active = TRUE ORDER BY year DESC, financial_item…
2026-05-31 23:58:40 | INFO     | query_engine                   | SQL: SELECT financial_item, year, value, units FROM financials WHERE company_id = 'CIPLA'   AND financial_category = 'P&L Consolidated'   AND is_active = TRUE…
2026-05-31 23:58:40 | INFO     | cost_structure | Running cost structure analysis …
2026-05-31 23:58:41 | INFO     | cost_structure | Cost structure analysis complete.
2026-05-31 23:58:41 | INFO     | query_engine                   | SQL: SELECT financial_item, financial_category, year, value, units FROM financials WHERE company_id = 'CIPLA' AND is_active = TRUE ORDER BY year DESC, financial_item…
2026-05-31 23:58:41 | INFO     | query_engine                   | SQL: SELECT financial_item, year, value, units FROM financials WHERE company_id = 'CIPLA'   AND financial_category = 'P&L Consolidated'   AND is_active = TRUE…
2026-05-31 23:58:41 | INFO     | cost_structure | Running cost structure analysis …
2026-05-31 23:58:41 | INFO     | cost_structure | Cost structure analysis complete.
2026-05-31 23:58:42 | INFO     | query_engine                   | SQL: SELECT financial_item, financial_category, year, value, units FROM financials WHERE company_id = 'DRL' AND is_active = TRUE ORDER BY year DESC, financial_item…
2026-05-31 23:58:42 | INFO     | query_engine                   | SQL: SELECT financial_item, year, value, units FROM financials WHERE company_id = 'DRL'   AND financial_category = 'P&L Consolidated'   AND is_active = TRUE…
2026-05-31 23:58:42 | INFO     | cost_structure | Running cost structure analysis …
2026-05-31 23:58:42 | INFO     | cost_structure | Cost structure analysis complete.
2026-05-31 23:58:42 | INFO     | query_engine                   | SQL: SELECT financial_item, financial_category, year, value, units FROM financials WHERE company_id = 'DRL' AND is_active = TRUE ORDER BY year DESC, financial_item…
2026-05-31 23:58:43 | INFO     | query_engine                   | SQL: SELECT financial_item, year, value, units FROM financials WHERE company_id = 'DRL'   AND financial_category = 'P&L Consolidated'   AND is_active = TRUE…
2026-05-31 23:58:43 | INFO     | cost_structure | Running cost structure analysis …
2026-05-31 23:58:43 | INFO     | cost_structure | Cost structure analysis complete.
2026-05-31 23:58:43 | INFO     | query_engine                   | SQL: SELECT financial_item, financial_category, year, value, units FROM financials WHERE company_id = 'DRL' AND is_active = TRUE ORDER BY year DESC, financial_item…
2026-05-31 23:58:43 | INFO     | query_engine                   | SQL: SELECT financial_item, year, value, units FROM financials WHERE company_id = 'DRL'   AND financial_category = 'P&L Consolidated'   AND is_active = TRUE…
2026-05-31 23:58:43 | INFO     | cost_structure | Running cost structure analysis …
2026-05-31 23:58:44 | INFO     | cost_structure | Cost structure analysis complete.
2026-05-31 23:58:44 | INFO     | query_engine                   | SQL: SELECT financial_item, financial_category, year, value, units FROM financials WHERE company_id = 'DRL' AND is_active = TRUE ORDER BY year DESC, financial_item…
2026-05-31 23:58:44 | INFO     | query_engine                   | SQL: SELECT financial_item, year, value, units FROM financials WHERE company_id = 'DRL'   AND financial_category = 'P&L Consolidated'   AND is_active = TRUE…
2026-05-31 23:58:44 | INFO     | cost_structure | Running cost structure analysis …
2026-05-31 23:58:44 | INFO     | cost_structure | Cost structure analysis complete.
2026-05-31 23:58:45 | INFO     | query_engine                   | SQL: SELECT financial_item, financial_category, year, value, units FROM financials WHERE company_id = 'DRL' AND is_active = TRUE ORDER BY year DESC, financial_item…
2026-05-31 23:58:45 | INFO     | query_engine                   | SQL: SELECT financial_item, year, value, units FROM financials WHERE company_id = 'DRL'   AND financial_category = 'P&L Consolidated'   AND is_active = TRUE…
2026-05-31 23:58:45 | INFO     | cost_structure | Running cost structure analysis …
2026-05-31 23:58:45 | INFO     | cost_structure | Cost structure analysis complete.
2026-05-31 23:58:45 | INFO     | query_engine                   | SQL: SELECT financial_item, financial_category, year, value, units FROM financials WHERE company_id = 'DRL' AND is_active = TRUE ORDER BY year DESC, financial_item…
2026-05-31 23:58:45 | INFO     | query_engine                   | SQL: SELECT financial_item, year, value, units FROM financials WHERE company_id = 'DRL'   AND financial_category = 'P&L Consolidated'   AND is_active = TRUE…
2026-05-31 23:58:45 | INFO     | cost_structure | Running cost structure analysis …
2026-05-31 23:58:46 | INFO     | cost_structure | Cost structure analysis complete.
2026-05-31 23:58:46 | INFO     | query_engine                   | SQL: SELECT financial_item, financial_category, year, value, units FROM financials WHERE company_id = 'LUPIN' AND is_active = TRUE ORDER BY year DESC, financial_item…
2026-05-31 23:58:46 | INFO     | query_engine                   | SQL: SELECT financial_item, year, value, units FROM financials WHERE company_id = 'LUPIN'   AND financial_category = 'P&L Consolidated'   AND is_active = TRUE…
2026-05-31 23:58:46 | INFO     | cost_structure | Running cost structure analysis …
2026-05-31 23:58:46 | INFO     | cost_structure | Cost structure analysis complete.
2026-05-31 23:58:46 | INFO     | query_engine                   | SQL: SELECT financial_item, financial_category, year, value, units FROM financials WHERE company_id = 'LUPIN' AND is_active = TRUE ORDER BY year DESC, financial_item…
2026-05-31 23:58:47 | INFO     | query_engine                   | SQL: SELECT financial_item, year, value, units FROM financials WHERE company_id = 'LUPIN'   AND financial_category = 'P&L Consolidated'   AND is_active = TRUE…
2026-05-31 23:58:47 | INFO     | cost_structure | Running cost structure analysis …
2026-05-31 23:58:47 | INFO     | cost_structure | Cost structure analysis complete.
2026-05-31 23:58:47 | INFO     | query_engine                   | SQL: SELECT financial_item, financial_category, year, value, units FROM financials WHERE company_id = 'LUPIN' AND is_active = TRUE ORDER BY year DESC, financial_item…
2026-05-31 23:58:47 | INFO     | query_engine                   | SQL: SELECT financial_item, year, value, units FROM financials WHERE company_id = 'LUPIN'   AND financial_category = 'P&L Consolidated'   AND is_active = TRUE…
2026-05-31 23:58:47 | INFO     | cost_structure | Running cost structure analysis …
2026-05-31 23:58:48 | INFO     | cost_structure | Cost structure analysis complete.
2026-05-31 23:58:48 | INFO     | query_engine                   | SQL: SELECT financial_item, financial_category, year, value, units FROM financials WHERE company_id = 'LUPIN' AND is_active = TRUE ORDER BY year DESC, financial_item…
2026-05-31 23:58:48 | INFO     | query_engine                   | SQL: SELECT financial_item, year, value, units FROM financials WHERE company_id = 'LUPIN'   AND financial_category = 'P&L Consolidated'   AND is_active = TRUE…
2026-05-31 23:58:48 | INFO     | cost_structure | Running cost structure analysis …
2026-05-31 23:58:48 | INFO     | cost_structure | Cost structure analysis complete.
2026-05-31 23:58:49 | INFO     | query_engine                   | SQL: SELECT financial_item, financial_category, year, value, units FROM financials WHERE company_id = 'LUPIN' AND is_active = TRUE ORDER BY year DESC, financial_item…
2026-05-31 23:58:49 | INFO     | query_engine                   | SQL: SELECT financial_item, year, value, units FROM financials WHERE company_id = 'LUPIN'   AND financial_category = 'P&L Consolidated'   AND is_active = TRUE…
2026-05-31 23:58:49 | INFO     | cost_structure | Running cost structure analysis …
2026-05-31 23:58:49 | INFO     | cost_structure | Cost structure analysis complete.
2026-05-31 23:58:49 | INFO     | query_engine                   | SQL: SELECT financial_item, financial_category, year, value, units FROM financials WHERE company_id = 'LUPIN' AND is_active = TRUE ORDER BY year DESC, financial_item…
2026-05-31 23:58:49 | INFO     | query_engine                   | SQL: SELECT financial_item, year, value, units FROM financials WHERE company_id = 'LUPIN'   AND financial_category = 'P&L Consolidated'   AND is_active = TRUE…
2026-05-31 23:58:49 | INFO     | cost_structure | Running cost structure analysis …
2026-05-31 23:58:50 | INFO     | cost_structure | Cost structure analysis complete.
2026-05-31 23:58:50 | INFO     | query_engine                   | SQL: SELECT financial_item, financial_category, year, value, units FROM financials WHERE company_id = 'SUN' AND is_active = TRUE ORDER BY year DESC, financial_item…
2026-05-31 23:58:50 | INFO     | query_engine                   | SQL: SELECT financial_item, year, value, units FROM financials WHERE company_id = 'SUN'   AND financial_category = 'P&L Consolidated'   AND is_active = TRUE…
2026-05-31 23:58:50 | INFO     | cost_structure | Running cost structure analysis …
2026-05-31 23:58:50 | INFO     | cost_structure | Cost structure analysis complete.
2026-05-31 23:58:51 | INFO     | query_engine                   | SQL: SELECT financial_item, financial_category, year, value, units FROM financials WHERE company_id = 'SUN' AND is_active = TRUE ORDER BY year DESC, financial_item…
2026-05-31 23:58:51 | INFO     | query_engine                   | SQL: SELECT financial_item, year, value, units FROM financials WHERE company_id = 'SUN'   AND financial_category = 'P&L Consolidated'   AND is_active = TRUE…
2026-05-31 23:58:51 | INFO     | cost_structure | Running cost structure analysis …
2026-05-31 23:58:51 | INFO     | cost_structure | Cost structure analysis complete.
2026-05-31 23:58:51 | INFO     | query_engine                   | SQL: SELECT financial_item, financial_category, year, value, units FROM financials WHERE company_id = 'SUN' AND is_active = TRUE ORDER BY year DESC, financial_item…
2026-05-31 23:58:51 | INFO     | query_engine                   | SQL: SELECT financial_item, year, value, units FROM financials WHERE company_id = 'SUN'   AND financial_category = 'P&L Consolidated'   AND is_active = TRUE…
2026-05-31 23:58:51 | INFO     | cost_structure | Running cost structure analysis …
2026-05-31 23:58:52 | INFO     | cost_structure | Cost structure analysis complete.
2026-05-31 23:58:52 | INFO     | query_engine                   | SQL: SELECT financial_item, financial_category, year, value, units FROM financials WHERE company_id = 'SUN' AND is_active = TRUE ORDER BY year DESC, financial_item…
2026-05-31 23:58:52 | INFO     | query_engine                   | SQL: SELECT financial_item, year, value, units FROM financials WHERE company_id = 'SUN'   AND financial_category = 'P&L Consolidated'   AND is_active = TRUE…
2026-05-31 23:58:52 | INFO     | cost_structure | Running cost structure analysis …
2026-05-31 23:58:53 | INFO     | cost_structure | Cost structure analysis complete.
2026-05-31 23:58:53 | INFO     | query_engine                   | SQL: SELECT financial_item, financial_category, year, value, units FROM financials WHERE company_id = 'SUN' AND is_active = TRUE ORDER BY year DESC, financial_item…
2026-05-31 23:58:53 | INFO     | query_engine                   | SQL: SELECT financial_item, year, value, units FROM financials WHERE company_id = 'SUN'   AND financial_category = 'P&L Consolidated'   AND is_active = TRUE…
2026-05-31 23:58:53 | INFO     | cost_structure | Running cost structure analysis …
2026-05-31 23:58:53 | INFO     | cost_structure | Cost structure analysis complete.
2026-05-31 23:58:54 | INFO     | query_engine                   | SQL: SELECT financial_item, financial_category, year, value, units FROM financials WHERE company_id = 'SUN' AND is_active = TRUE ORDER BY year DESC, financial_item…
2026-05-31 23:58:54 | INFO     | query_engine                   | SQL: SELECT financial_item, year, value, units FROM financials WHERE company_id = 'SUN'   AND financial_category = 'P&L Consolidated'   AND is_active = TRUE…
2026-05-31 23:58:54 | INFO     | cost_structure | Running cost structure analysis …
2026-05-31 23:58:54 | INFO     | cost_structure | Cost structure analysis complete.
2026-05-31 23:59:48 | INFO     | query_engine                   | DuckDB views registered: financials, financials_latest, company_master, sector_mapping, audit_log
2026-05-31 23:59:48 | INFO     | query_engine                   | SQL: SELECT financial_item, year, value, units FROM financials WHERE company_id = 'CIPLA'   AND financial_category = 'P&L Consolidated'   AND is_active = TRUE…
2026-05-31 23:59:49 | INFO     | cost_structure | Running cost structure analysis …
2026-05-31 23:59:49 | INFO     | cost_structure | Cost structure analysis complete.
2026-05-31 23:59:49 | INFO     | query_engine                   | SQL: SELECT financial_item, year, value, units FROM financials WHERE company_id = 'DRL'   AND financial_category = 'P&L Consolidated'   AND is_active = TRUE…
2026-05-31 23:59:49 | INFO     | cost_structure | Running cost structure analysis …
2026-05-31 23:59:50 | INFO     | cost_structure | Cost structure analysis complete.
2026-05-31 23:59:50 | INFO     | query_engine                   | SQL: SELECT financial_item, year, value, units FROM financials WHERE company_id = 'LUPIN'   AND financial_category = 'P&L Consolidated'   AND is_active = TRUE…
2026-05-31 23:59:50 | INFO     | cost_structure | Running cost structure analysis …
2026-05-31 23:59:50 | INFO     | cost_structure | Cost structure analysis complete.
2026-05-31 23:59:50 | INFO     | query_engine                   | SQL: SELECT financial_item, year, value, units FROM financials WHERE company_id = 'SUN'   AND financial_category = 'P&L Consolidated'   AND is_active = TRUE…
2026-05-31 23:59:50 | INFO     | cost_structure | Running cost structure analysis …
2026-05-31 23:59:51 | INFO     | cost_structure | Cost structure analysis complete.
2026-05-31 23:59:51 | INFO     | query_engine                   | DuckDB views registered: financials, financials_latest, company_master, sector_mapping, audit_log
2026-05-31 23:59:51 | INFO     | query_engine                   | SQL: SELECT financial_item, financial_category, year, value, units FROM financials WHERE company_id = 'CIPLA' AND is_active = TRUE ORDER BY year DESC, financial_item…
2026-05-31 23:59:51 | INFO     | query_engine                   | SQL: SELECT financial_item, year, value, units FROM financials WHERE company_id = 'CIPLA'   AND financial_category = 'P&L Consolidated'   AND is_active = TRUE…
2026-05-31 23:59:51 | INFO     | cost_structure | Running cost structure analysis …
2026-05-31 23:59:51 | INFO     | cost_structure | Cost structure analysis complete.
2026-05-31 23:59:51 | INFO     | query_engine                   | SQL: SELECT financial_item, financial_category, year, value, units FROM financials WHERE company_id = 'DRL' AND is_active = TRUE ORDER BY year DESC, financial_item…
2026-05-31 23:59:51 | INFO     | query_engine                   | SQL: SELECT financial_item, year, value, units FROM financials WHERE company_id = 'DRL'   AND financial_category = 'P&L Consolidated'   AND is_active = TRUE…
2026-05-31 23:59:51 | INFO     | cost_structure | Running cost structure analysis …
2026-05-31 23:59:52 | INFO     | cost_structure | Cost structure analysis complete.
2026-05-31 23:59:52 | INFO     | query_engine                   | SQL: SELECT financial_item, financial_category, year, value, units FROM financials WHERE company_id = 'LUPIN' AND is_active = TRUE ORDER BY year DESC, financial_item…
2026-05-31 23:59:52 | INFO     | query_engine                   | SQL: SELECT financial_item, year, value, units FROM financials WHERE company_id = 'LUPIN'   AND financial_category = 'P&L Consolidated'   AND is_active = TRUE…
2026-05-31 23:59:52 | INFO     | cost_structure | Running cost structure analysis …
2026-05-31 23:59:53 | INFO     | cost_structure | Cost structure analysis complete.
2026-05-31 23:59:53 | INFO     | query_engine                   | SQL: SELECT financial_item, financial_category, year, value, units FROM financials WHERE company_id = 'SUN' AND is_active = TRUE ORDER BY year DESC, financial_item…
2026-05-31 23:59:53 | INFO     | query_engine                   | SQL: SELECT financial_item, year, value, units FROM financials WHERE company_id = 'SUN'   AND financial_category = 'P&L Consolidated'   AND is_active = TRUE…
2026-05-31 23:59:53 | INFO     | cost_structure | Running cost structure analysis …
2026-05-31 23:59:53 | INFO     | cost_structure | Cost structure analysis complete.
2026-05-31 23:59:54 | INFO     | query_engine                   | DuckDB views registered: financials, financials_latest, company_master, sector_mapping, audit_log
2026-05-31 23:59:54 | INFO     | query_engine                   | SQL:              SELECT c.company_id, c.company_name,                 MAX(CASE WHEN f.financial_item='Revenue from Operations' THEN f.value END) as revenue,                 MAX(CASE WHEN f.financial_item=…
2026-05-31 23:59:54 | INFO     | query_engine                   | SQL: SELECT financial_item, financial_category, year, value, units FROM financials WHERE company_id = 'SUN' AND is_active = TRUE ORDER BY year DESC, financial_item…
2026-05-31 23:59:54 | INFO     | query_engine                   | SQL: SELECT financial_item, year, value, units FROM financials WHERE company_id = 'SUN'   AND financial_category = 'P&L Consolidated'   AND is_active = TRUE…
2026-05-31 23:59:54 | INFO     | cost_structure | Running cost structure analysis …
2026-05-31 23:59:54 | INFO     | cost_structure | Cost structure analysis complete.
2026-05-31 23:59:54 | INFO     | query_engine                   | SQL: SELECT financial_item, financial_category, year, value, units FROM financials WHERE company_id = 'DRL' AND is_active = TRUE ORDER BY year DESC, financial_item…
2026-05-31 23:59:55 | INFO     | query_engine                   | SQL: SELECT financial_item, year, value, units FROM financials WHERE company_id = 'DRL'   AND financial_category = 'P&L Consolidated'   AND is_active = TRUE…
2026-05-31 23:59:55 | INFO     | cost_structure | Running cost structure analysis …
2026-05-31 23:59:55 | INFO     | cost_structure | Cost structure analysis complete.
2026-05-31 23:59:55 | INFO     | query_engine                   | SQL: SELECT financial_item, financial_category, year, value, units FROM financials WHERE company_id = 'CIPLA' AND is_active = TRUE ORDER BY year DESC, financial_item…
2026-05-31 23:59:55 | INFO     | query_engine                   | SQL: SELECT financial_item, year, value, units FROM financials WHERE company_id = 'CIPLA'   AND financial_category = 'P&L Consolidated'   AND is_active = TRUE…
2026-05-31 23:59:55 | INFO     | cost_structure | Running cost structure analysis …
2026-05-31 23:59:56 | INFO     | cost_structure | Cost structure analysis complete.
2026-05-31 23:59:56 | INFO     | query_engine                   | SQL: SELECT financial_item, financial_category, year, value, units FROM financials WHERE company_id = 'LUPIN' AND is_active = TRUE ORDER BY year DESC, financial_item…
2026-05-31 23:59:56 | INFO     | query_engine                   | SQL: SELECT financial_item, year, value, units FROM financials WHERE company_id = 'LUPIN'   AND financial_category = 'P&L Consolidated'   AND is_active = TRUE…
2026-05-31 23:59:56 | INFO     | cost_structure | Running cost structure analysis …
2026-05-31 23:59:56 | INFO     | cost_structure | Cost structure analysis complete.
2026-06-01 00:00:39 | INFO     | query_engine                   | DuckDB views registered: financials, financials_latest, company_master, sector_mapping, audit_log
2026-06-01 00:00:39 | INFO     | query_engine                   | SQL: SELECT financial_item, financial_category, year, value, units FROM financials WHERE company_id = 'CIPLA' AND is_active = TRUE ORDER BY year DESC, financial_item…
2026-06-01 00:00:39 | INFO     | query_engine                   | SQL: SELECT financial_item, year, value, units FROM financials WHERE company_id = 'CIPLA'   AND financial_category = 'P&L Consolidated'   AND is_active = TRUE…
2026-06-01 00:00:39 | INFO     | cost_structure | Running cost structure analysis …
2026-06-01 00:00:40 | INFO     | cost_structure | Cost structure analysis complete.
2026-06-01 00:01:03 | INFO     | query_engine                   | DuckDB views registered: financials, financials_latest, company_master, sector_mapping, audit_log
2026-06-01 00:01:03 | INFO     | query_engine                   | SQL: SELECT financial_item, financial_category, year, value, units FROM financials WHERE company_id = 'CIPLA' AND is_active = TRUE ORDER BY year DESC, financial_item…
2026-06-01 00:01:03 | INFO     | query_engine                   | SQL: SELECT financial_item, year, value, units FROM financials WHERE company_id = 'CIPLA'   AND financial_category = 'P&L Consolidated'   AND is_active = TRUE…
2026-06-01 00:01:03 | INFO     | cost_structure | Running cost structure analysis …
2026-06-01 00:01:03 | INFO     | cost_structure | Cost structure analysis complete.
2026-06-01 00:01:04 | INFO     | query_engine                   | DuckDB views registered: financials, financials_latest, company_master, sector_mapping, audit_log
2026-06-01 00:01:04 | INFO     | query_engine                   | SQL: SELECT financial_item, financial_category, year, value, units FROM financials WHERE company_id = 'CIPLA' AND is_active = TRUE ORDER BY year DESC, financial_item…
2026-06-01 00:19:05 | INFO     | query_engine                   | DuckDB views registered: financials, financials_latest, company_master, sector_mapping, audit_log
2026-06-01 00:19:05 | INFO     | query_engine                   | SQL: SELECT financial_item, year, value, units FROM financials WHERE company_id = 'CIPLA'   AND financial_category = 'P&L Consolidated'   AND is_active = TRUE…
2026-06-01 00:19:05 | INFO     | cost_structure | Running cost structure analysis …
2026-06-01 00:19:06 | INFO     | cost_structure | Cost structure analysis complete.
2026-06-01 00:19:06 | INFO     | query_engine                   | SQL: SELECT financial_item, year, value, units FROM financials WHERE company_id = 'DRL'   AND financial_category = 'P&L Consolidated'   AND is_active = TRUE…
2026-06-01 00:19:06 | INFO     | cost_structure | Running cost structure analysis …
2026-06-01 00:19:06 | INFO     | cost_structure | Cost structure analysis complete.
2026-06-01 00:19:06 | INFO     | query_engine                   | SQL: SELECT financial_item, year, value, units FROM financials WHERE company_id = 'LUPIN'   AND financial_category = 'P&L Consolidated'   AND is_active = TRUE…
2026-06-01 00:19:06 | INFO     | cost_structure | Running cost structure analysis …
2026-06-01 00:19:07 | INFO     | cost_structure | Cost structure analysis complete.
2026-06-01 00:19:07 | INFO     | query_engine                   | SQL: SELECT financial_item, year, value, units FROM financials WHERE company_id = 'SUN'   AND financial_category = 'P&L Consolidated'   AND is_active = TRUE…
2026-06-01 00:19:07 | INFO     | cost_structure | Running cost structure analysis …
2026-06-01 00:19:07 | INFO     | cost_structure | Cost structure analysis complete.
2026-06-01 00:19:07 | INFO     | query_engine                   | DuckDB views registered: financials, financials_latest, company_master, sector_mapping, audit_log
2026-06-01 00:19:07 | INFO     | query_engine                   | SQL: SELECT financial_item, financial_category, year, value, units FROM financials WHERE company_id = 'CIPLA' AND is_active = TRUE ORDER BY year DESC, financial_item…
2026-06-01 00:19:07 | INFO     | query_engine                   | SQL: SELECT financial_item, year, value, units FROM financials WHERE company_id = 'CIPLA'   AND financial_category = 'P&L Consolidated'   AND is_active = TRUE…
2026-06-01 00:19:07 | INFO     | cost_structure | Running cost structure analysis …
2026-06-01 00:19:08 | INFO     | cost_structure | Cost structure analysis complete.
2026-06-01 00:19:08 | INFO     | query_engine                   | SQL: SELECT financial_item, financial_category, year, value, units FROM financials WHERE company_id = 'DRL' AND is_active = TRUE ORDER BY year DESC, financial_item…
2026-06-01 00:19:08 | INFO     | query_engine                   | SQL: SELECT financial_item, year, value, units FROM financials WHERE company_id = 'DRL'   AND financial_category = 'P&L Consolidated'   AND is_active = TRUE…
2026-06-01 00:19:08 | INFO     | cost_structure | Running cost structure analysis …
2026-06-01 00:19:08 | INFO     | cost_structure | Cost structure analysis complete.
2026-06-01 00:19:08 | INFO     | query_engine                   | SQL: SELECT financial_item, financial_category, year, value, units FROM financials WHERE company_id = 'LUPIN' AND is_active = TRUE ORDER BY year DESC, financial_item…
2026-06-01 00:19:08 | INFO     | query_engine                   | SQL: SELECT financial_item, year, value, units FROM financials WHERE company_id = 'LUPIN'   AND financial_category = 'P&L Consolidated'   AND is_active = TRUE…
2026-06-01 00:19:08 | INFO     | cost_structure | Running cost structure analysis …
2026-06-01 00:19:09 | INFO     | cost_structure | Cost structure analysis complete.
2026-06-01 00:19:09 | INFO     | query_engine                   | SQL: SELECT financial_item, financial_category, year, value, units FROM financials WHERE company_id = 'SUN' AND is_active = TRUE ORDER BY year DESC, financial_item…
2026-06-01 00:19:09 | INFO     | query_engine                   | SQL: SELECT financial_item, year, value, units FROM financials WHERE company_id = 'SUN'   AND financial_category = 'P&L Consolidated'   AND is_active = TRUE…
2026-06-01 00:19:09 | INFO     | cost_structure | Running cost structure analysis …
2026-06-01 00:19:10 | INFO     | cost_structure | Cost structure analysis complete.
2026-06-01 00:19:10 | INFO     | query_engine                   | DuckDB views registered: financials, financials_latest, company_master, sector_mapping, audit_log
2026-06-01 00:19:10 | INFO     | query_engine                   | SQL:              SELECT c.company_id, c.company_name,                 MAX(CASE WHEN f.financial_item='Revenue from Operations' THEN f.value END) as revenue,                 MAX(CASE WHEN f.financial_item=…
2026-06-01 00:19:10 | INFO     | query_engine                   | SQL: SELECT financial_item, financial_category, year, value, units FROM financials WHERE company_id = 'SUN' AND is_active = TRUE ORDER BY year DESC, financial_item…
2026-06-01 00:19:10 | INFO     | query_engine                   | SQL: SELECT financial_item, year, value, units FROM financials WHERE company_id = 'SUN'   AND financial_category = 'P&L Consolidated'   AND is_active = TRUE…
2026-06-01 00:19:10 | INFO     | cost_structure | Running cost structure analysis …
2026-06-01 00:19:11 | INFO     | cost_structure | Cost structure analysis complete.
2026-06-01 00:19:11 | INFO     | query_engine                   | SQL: SELECT financial_item, financial_category, year, value, units FROM financials WHERE company_id = 'DRL' AND is_active = TRUE ORDER BY year DESC, financial_item…
2026-06-01 00:19:11 | INFO     | query_engine                   | SQL: SELECT financial_item, year, value, units FROM financials WHERE company_id = 'DRL'   AND financial_category = 'P&L Consolidated'   AND is_active = TRUE…
2026-06-01 00:19:11 | INFO     | cost_structure | Running cost structure analysis …
2026-06-01 00:19:11 | INFO     | cost_structure | Cost structure analysis complete.
2026-06-01 00:19:11 | INFO     | query_engine                   | SQL: SELECT financial_item, financial_category, year, value, units FROM financials WHERE company_id = 'CIPLA' AND is_active = TRUE ORDER BY year DESC, financial_item…
2026-06-01 00:19:12 | INFO     | query_engine                   | SQL: SELECT financial_item, year, value, units FROM financials WHERE company_id = 'CIPLA'   AND financial_category = 'P&L Consolidated'   AND is_active = TRUE…
2026-06-01 00:19:12 | INFO     | cost_structure | Running cost structure analysis …
2026-06-01 00:19:12 | INFO     | cost_structure | Cost structure analysis complete.
2026-06-01 00:19:12 | INFO     | query_engine                   | SQL: SELECT financial_item, financial_category, year, value, units FROM financials WHERE company_id = 'LUPIN' AND is_active = TRUE ORDER BY year DESC, financial_item…
2026-06-01 00:19:12 | INFO     | query_engine                   | SQL: SELECT financial_item, year, value, units FROM financials WHERE company_id = 'LUPIN'   AND financial_category = 'P&L Consolidated'   AND is_active = TRUE…
2026-06-01 00:19:12 | INFO     | cost_structure | Running cost structure analysis …
2026-06-01 00:19:13 | INFO     | cost_structure | Cost structure analysis complete.
2026-06-01 00:21:00 | INFO     | query_engine                   | DuckDB views registered: financials, financials_latest, company_master, sector_mapping, audit_log
2026-06-01 00:21:00 | INFO     | query_engine                   | SQL: SELECT financial_item, financial_category, year, value, units FROM financials WHERE company_id = 'CIPLA' AND is_active = TRUE ORDER BY year DESC, financial_item…
2026-06-01 00:21:00 | INFO     | query_engine                   | SQL: SELECT financial_item, year, value, units FROM financials WHERE company_id = 'CIPLA'   AND financial_category = 'P&L Consolidated'   AND is_active = TRUE…
2026-06-01 00:21:00 | INFO     | cost_structure | Running cost structure analysis …
2026-06-01 00:21:00 | INFO     | cost_structure | Cost structure analysis complete.
2026-06-01 00:21:03 | INFO     | query_engine                   | DuckDB views registered: financials, financials_latest, company_master, sector_mapping, audit_log
2026-06-01 00:21:03 | INFO     | query_engine                   | SQL: SELECT financial_item, financial_category, year, value, units FROM financials WHERE company_id = 'CIPLA' AND is_active = TRUE ORDER BY year DESC, financial_item…
2026-06-01 00:21:04 | INFO     | query_engine                   | SQL: SELECT financial_item, year, value, units FROM financials WHERE company_id = 'CIPLA'   AND financial_category = 'P&L Consolidated'   AND is_active = TRUE…
2026-06-01 00:21:04 | INFO     | cost_structure | Running cost structure analysis …
2026-06-01 00:21:04 | INFO     | cost_structure | Cost structure analysis complete.
2026-06-01 00:21:04 | INFO     | query_engine                   | DuckDB views registered: financials, financials_latest, company_master, sector_mapping, audit_log
2026-06-01 00:21:04 | INFO     | query_engine                   | SQL: SELECT financial_item, financial_category, year, value, units FROM financials WHERE company_id = 'CIPLA' AND is_active = TRUE ORDER BY year DESC, financial_item…
2026-06-01 00:57:18 | INFO     | query_engine                   | DuckDB views registered: financials, financials_latest, company_master, sector_mapping, audit_log
2026-06-01 00:57:18 | INFO     | query_engine                   | SQL: SELECT financial_item, financial_category, year, value, units FROM financials WHERE company_id = 'CIPLA' AND is_active = TRUE ORDER BY year DESC, financial_item…
2026-06-01 00:57:25 | INFO     | query_engine                   | DuckDB views registered: financials, financials_latest, company_master, sector_mapping, audit_log
2026-06-01 00:57:25 | INFO     | query_engine                   | SQL: SELECT financial_item, financial_category, year, value, units FROM financials WHERE company_id = 'CIPLA' AND is_active = TRUE ORDER BY year DESC, financial_item…
2026-06-01 00:57:25 | INFO     | query_engine                   | SQL: SELECT financial_item, year, value, units FROM financials WHERE company_id = 'CIPLA'   AND financial_category = 'P&L Consolidated'   AND is_active = TRUE…
2026-06-01 00:57:25 | INFO     | cost_structure | Running cost structure analysis …
2026-06-01 00:57:25 | INFO     | cost_structure | Cost structure analysis complete.
2026-06-01 00:57:26 | INFO     | query_engine                   | DuckDB views registered: financials, financials_latest, company_master, sector_mapping, audit_log
2026-06-01 00:57:26 | INFO     | query_engine                   | SQL: SELECT financial_item, financial_category, year, value, units FROM financials WHERE company_id = 'CIPLA' AND is_active = TRUE ORDER BY year DESC, financial_item…
2026-06-01 00:57:26 | INFO     | query_engine                   | SQL: SELECT financial_item, year, value, units FROM financials WHERE company_id = 'CIPLA'   AND financial_category = 'P&L Consolidated'   AND is_active = TRUE…
2026-06-01 00:57:26 | INFO     | cost_structure | Running cost structure analysis …
2026-06-01 00:57:27 | INFO     | cost_structure | Cost structure analysis complete.
2026-06-01 00:57:27 | INFO     | query_engine                   | DuckDB views registered: financials, financials_latest, company_master, sector_mapping, audit_log
2026-06-01 00:57:27 | INFO     | query_engine                   | SQL: SELECT financial_item, financial_category, year, value, units FROM financials WHERE company_id = 'CIPLA' AND is_active = TRUE ORDER BY year DESC, financial_item…
2026-06-01 00:58:03 | INFO     | query_engine                   | DuckDB views registered: financials, financials_latest, company_master, sector_mapping, audit_log
2026-06-01 00:58:03 | INFO     | query_engine                   | SQL: SELECT financial_item, financial_category, year, value, units FROM financials WHERE company_id = 'CIPLA' AND is_active = TRUE ORDER BY year DESC, financial_item…
2026-06-01 00:58:03 | INFO     | query_engine                   | SQL: SELECT financial_item, year, value, units FROM financials WHERE company_id = 'CIPLA'   AND financial_category = 'P&L Standalone'   AND is_active = TRUE…
2026-06-01 00:58:03 | INFO     | cost_structure | Running cost structure analysis …
2026-06-01 00:58:03 | INFO     | cost_structure | Cost structure analysis complete.
2026-06-01 00:58:03 | INFO     | query_engine                   | DuckDB views registered: financials, financials_latest, company_master, sector_mapping, audit_log
2026-06-01 00:58:03 | INFO     | query_engine                   | SQL: SELECT financial_item, financial_category, year, value, units FROM financials WHERE company_id = 'CIPLA' AND is_active = TRUE ORDER BY year DESC, financial_item…
2026-06-01 00:58:11 | INFO     | query_engine                   | DuckDB views registered: financials, financials_latest, company_master, sector_mapping, audit_log
2026-06-01 00:58:11 | INFO     | query_engine                   | SQL: SELECT financial_item, year, value, units FROM financials WHERE company_id = 'CIPLA'   AND financial_category = 'P&L Standalone'   AND is_active = TRUE…
2026-06-01 00:58:11 | INFO     | cost_structure | Running cost structure analysis …
2026-06-01 00:58:12 | INFO     | cost_structure | Cost structure analysis complete.
2026-06-01 00:58:12 | INFO     | query_engine                   | SQL: SELECT financial_item, year, value, units FROM financials WHERE company_id = 'DRL'   AND financial_category = 'P&L Standalone'   AND is_active = TRUE…
2026-06-01 00:58:12 | INFO     | cost_structure | Running cost structure analysis …
2026-06-01 00:58:12 | INFO     | cost_structure | Cost structure analysis complete.
2026-06-01 00:58:12 | INFO     | query_engine                   | SQL: SELECT financial_item, year, value, units FROM financials WHERE company_id = 'LUPIN'   AND financial_category = 'P&L Standalone'   AND is_active = TRUE…
2026-06-01 00:58:12 | INFO     | cost_structure | Running cost structure analysis …
2026-06-01 00:58:13 | INFO     | cost_structure | Cost structure analysis complete.
2026-06-01 00:58:13 | INFO     | query_engine                   | SQL: SELECT financial_item, year, value, units FROM financials WHERE company_id = 'SUN'   AND financial_category = 'P&L Standalone'   AND is_active = TRUE…
2026-06-01 00:58:13 | INFO     | cost_structure | Running cost structure analysis …
2026-06-01 00:58:13 | INFO     | cost_structure | Cost structure analysis complete.
2026-06-01 00:58:13 | INFO     | query_engine                   | DuckDB views registered: financials, financials_latest, company_master, sector_mapping, audit_log
2026-06-01 00:58:13 | INFO     | query_engine                   | SQL: SELECT financial_item, financial_category, year, value, units FROM financials WHERE company_id = 'CIPLA' AND is_active = TRUE ORDER BY year DESC, financial_item…
2026-06-01 00:58:13 | INFO     | query_engine                   | SQL: SELECT financial_item, year, value, units FROM financials WHERE company_id = 'CIPLA'   AND financial_category = 'P&L Standalone'   AND is_active = TRUE…
2026-06-01 00:58:13 | INFO     | cost_structure | Running cost structure analysis …
2026-06-01 00:58:13 | INFO     | cost_structure | Cost structure analysis complete.
2026-06-01 00:58:14 | INFO     | query_engine                   | SQL: SELECT financial_item, financial_category, year, value, units FROM financials WHERE company_id = 'DRL' AND is_active = TRUE ORDER BY year DESC, financial_item…
2026-06-01 00:58:14 | INFO     | query_engine                   | SQL: SELECT financial_item, year, value, units FROM financials WHERE company_id = 'DRL'   AND financial_category = 'P&L Standalone'   AND is_active = TRUE…
2026-06-01 00:58:14 | INFO     | cost_structure | Running cost structure analysis …
2026-06-01 00:58:14 | INFO     | cost_structure | Cost structure analysis complete.
2026-06-01 00:58:14 | INFO     | query_engine                   | SQL: SELECT financial_item, financial_category, year, value, units FROM financials WHERE company_id = 'LUPIN' AND is_active = TRUE ORDER BY year DESC, financial_item…
2026-06-01 00:58:14 | INFO     | query_engine                   | SQL: SELECT financial_item, year, value, units FROM financials WHERE company_id = 'LUPIN'   AND financial_category = 'P&L Standalone'   AND is_active = TRUE…
2026-06-01 00:58:14 | INFO     | cost_structure | Running cost structure analysis …
2026-06-01 00:58:15 | INFO     | cost_structure | Cost structure analysis complete.
2026-06-01 00:58:15 | INFO     | query_engine                   | SQL: SELECT financial_item, financial_category, year, value, units FROM financials WHERE company_id = 'SUN' AND is_active = TRUE ORDER BY year DESC, financial_item…
2026-06-01 00:58:15 | INFO     | query_engine                   | SQL: SELECT financial_item, year, value, units FROM financials WHERE company_id = 'SUN'   AND financial_category = 'P&L Standalone'   AND is_active = TRUE…
2026-06-01 00:58:15 | INFO     | cost_structure | Running cost structure analysis …
2026-06-01 00:58:15 | INFO     | cost_structure | Cost structure analysis complete.
2026-06-01 00:58:15 | INFO     | query_engine                   | DuckDB views registered: financials, financials_latest, company_master, sector_mapping, audit_log
2026-06-01 00:58:15 | INFO     | query_engine                   | SQL:              SELECT c.company_id, c.company_name,                 MAX(CASE WHEN f.financial_item='Revenue from Operations' THEN f.value END) as revenue,                 MAX(CASE WHEN f.financial_item=…
2026-06-01 00:58:15 | INFO     | query_engine                   | SQL: SELECT financial_item, financial_category, year, value, units FROM financials WHERE company_id = 'SUN' AND is_active = TRUE ORDER BY year DESC, financial_item…
2026-06-01 00:58:15 | INFO     | query_engine                   | SQL: SELECT financial_item, year, value, units FROM financials WHERE company_id = 'SUN'   AND financial_category = 'P&L Consolidated'   AND is_active = TRUE…
2026-06-01 00:58:15 | INFO     | cost_structure | Running cost structure analysis …
2026-06-01 00:58:16 | INFO     | cost_structure | Cost structure analysis complete.
2026-06-01 00:58:16 | INFO     | query_engine                   | SQL: SELECT financial_item, financial_category, year, value, units FROM financials WHERE company_id = 'DRL' AND is_active = TRUE ORDER BY year DESC, financial_item…
2026-06-01 00:58:16 | INFO     | query_engine                   | SQL: SELECT financial_item, year, value, units FROM financials WHERE company_id = 'DRL'   AND financial_category = 'P&L Consolidated'   AND is_active = TRUE…
2026-06-01 00:58:16 | INFO     | cost_structure | Running cost structure analysis …
2026-06-01 00:58:16 | INFO     | cost_structure | Cost structure analysis complete.
2026-06-01 00:58:16 | INFO     | query_engine                   | SQL: SELECT financial_item, financial_category, year, value, units FROM financials WHERE company_id = 'CIPLA' AND is_active = TRUE ORDER BY year DESC, financial_item…
2026-06-01 00:58:16 | INFO     | query_engine                   | SQL: SELECT financial_item, year, value, units FROM financials WHERE company_id = 'CIPLA'   AND financial_category = 'P&L Consolidated'   AND is_active = TRUE…
2026-06-01 00:58:16 | INFO     | cost_structure | Running cost structure analysis …
2026-06-01 00:58:17 | INFO     | cost_structure | Cost structure analysis complete.
2026-06-01 00:58:17 | INFO     | query_engine                   | SQL: SELECT financial_item, financial_category, year, value, units FROM financials WHERE company_id = 'LUPIN' AND is_active = TRUE ORDER BY year DESC, financial_item…
2026-06-01 00:58:17 | INFO     | query_engine                   | SQL: SELECT financial_item, year, value, units FROM financials WHERE company_id = 'LUPIN'   AND financial_category = 'P&L Consolidated'   AND is_active = TRUE…
2026-06-01 00:58:17 | INFO     | cost_structure | Running cost structure analysis …
2026-06-01 00:58:18 | INFO     | cost_structure | Cost structure analysis complete.
2026-06-01 00:58:46 | INFO     | query_engine                   | DuckDB views registered: financials, financials_latest, company_master, sector_mapping, audit_log
2026-06-01 00:58:46 | INFO     | query_engine                   | SQL: SELECT financial_item, financial_category, year, value, units FROM financials WHERE company_id = 'CIPLA' AND is_active = TRUE ORDER BY year DESC, financial_item…
2026-06-01 00:58:46 | INFO     | query_engine                   | SQL: SELECT financial_item, year, value, units FROM financials WHERE company_id = 'CIPLA'   AND financial_category = 'P&L Standalone'   AND is_active = TRUE…
2026-06-01 00:58:46 | INFO     | cost_structure | Running cost structure analysis …
2026-06-01 00:58:46 | INFO     | cost_structure | Cost structure analysis complete.
2026-06-01 00:58:46 | INFO     | query_engine                   | SQL: SELECT financial_item, financial_category, year, value, units FROM financials WHERE company_id = 'CIPLA' AND is_active = TRUE ORDER BY year DESC, financial_item…
2026-06-01 00:58:46 | INFO     | query_engine                   | SQL: SELECT financial_item, year, value, units FROM financials WHERE company_id = 'CIPLA'   AND financial_category = 'P&L Standalone'   AND is_active = TRUE…
2026-06-01 00:58:46 | INFO     | cost_structure | Running cost structure analysis …
2026-06-01 00:58:47 | INFO     | cost_structure | Cost structure analysis complete.
2026-06-01 00:58:47 | INFO     | query_engine                   | SQL: SELECT financial_item, financial_category, year, value, units FROM financials WHERE company_id = 'CIPLA' AND is_active = TRUE ORDER BY year DESC, financial_item…
2026-06-01 00:58:47 | INFO     | query_engine                   | SQL: SELECT financial_item, year, value, units FROM financials WHERE company_id = 'CIPLA'   AND financial_category = 'P&L Standalone'   AND is_active = TRUE…
2026-06-01 00:58:47 | INFO     | cost_structure | Running cost structure analysis …
2026-06-01 00:58:47 | INFO     | cost_structure | Cost structure analysis complete.
2026-06-01 00:58:47 | INFO     | query_engine                   | SQL: SELECT financial_item, financial_category, year, value, units FROM financials WHERE company_id = 'CIPLA' AND is_active = TRUE ORDER BY year DESC, financial_item…
2026-06-01 00:58:47 | INFO     | query_engine                   | SQL: SELECT financial_item, year, value, units FROM financials WHERE company_id = 'CIPLA'   AND financial_category = 'P&L Standalone'   AND is_active = TRUE…
2026-06-01 00:58:47 | INFO     | cost_structure | Running cost structure analysis …
2026-06-01 00:58:47 | INFO     | cost_structure | Cost structure analysis complete.
2026-06-01 00:58:47 | INFO     | query_engine                   | SQL: SELECT financial_item, financial_category, year, value, units FROM financials WHERE company_id = 'CIPLA' AND is_active = TRUE ORDER BY year DESC, financial_item…
2026-06-01 00:58:48 | INFO     | query_engine                   | SQL: SELECT financial_item, year, value, units FROM financials WHERE company_id = 'CIPLA'   AND financial_category = 'P&L Standalone'   AND is_active = TRUE…
2026-06-01 00:58:48 | INFO     | cost_structure | Running cost structure analysis …
2026-06-01 00:58:48 | INFO     | cost_structure | Cost structure analysis complete.
2026-06-01 00:58:48 | INFO     | query_engine                   | SQL: SELECT financial_item, financial_category, year, value, units FROM financials WHERE company_id = 'CIPLA' AND is_active = TRUE ORDER BY year DESC, financial_item…
2026-06-01 00:58:48 | INFO     | query_engine                   | SQL: SELECT financial_item, year, value, units FROM financials WHERE company_id = 'CIPLA'   AND financial_category = 'P&L Standalone'   AND is_active = TRUE…
2026-06-01 00:58:48 | INFO     | cost_structure | Running cost structure analysis …
2026-06-01 00:58:48 | INFO     | cost_structure | Cost structure analysis complete.
2026-06-01 00:58:48 | INFO     | query_engine                   | SQL: SELECT financial_item, financial_category, year, value, units FROM financials WHERE company_id = 'DRL' AND is_active = TRUE ORDER BY year DESC, financial_item…
2026-06-01 00:58:48 | INFO     | query_engine                   | SQL: SELECT financial_item, year, value, units FROM financials WHERE company_id = 'DRL'   AND financial_category = 'P&L Standalone'   AND is_active = TRUE…
2026-06-01 00:58:48 | INFO     | cost_structure | Running cost structure analysis …
2026-06-01 00:58:49 | INFO     | cost_structure | Cost structure analysis complete.
2026-06-01 00:58:49 | INFO     | query_engine                   | SQL: SELECT financial_item, financial_category, year, value, units FROM financials WHERE company_id = 'DRL' AND is_active = TRUE ORDER BY year DESC, financial_item…
2026-06-01 00:58:49 | INFO     | query_engine                   | SQL: SELECT financial_item, year, value, units FROM financials WHERE company_id = 'DRL'   AND financial_category = 'P&L Standalone'   AND is_active = TRUE…
2026-06-01 00:58:49 | INFO     | cost_structure | Running cost structure analysis …
2026-06-01 00:58:49 | INFO     | cost_structure | Cost structure analysis complete.
2026-06-01 00:58:49 | INFO     | query_engine                   | SQL: SELECT financial_item, financial_category, year, value, units FROM financials WHERE company_id = 'DRL' AND is_active = TRUE ORDER BY year DESC, financial_item…
2026-06-01 00:58:49 | INFO     | query_engine                   | SQL: SELECT financial_item, year, value, units FROM financials WHERE company_id = 'DRL'   AND financial_category = 'P&L Standalone'   AND is_active = TRUE…
2026-06-01 00:58:49 | INFO     | cost_structure | Running cost structure analysis …
2026-06-01 00:58:50 | INFO     | cost_structure | Cost structure analysis complete.
2026-06-01 00:58:50 | INFO     | query_engine                   | SQL: SELECT financial_item, financial_category, year, value, units FROM financials WHERE company_id = 'DRL' AND is_active = TRUE ORDER BY year DESC, financial_item…
2026-06-01 00:58:50 | INFO     | query_engine                   | SQL: SELECT financial_item, year, value, units FROM financials WHERE company_id = 'DRL'   AND financial_category = 'P&L Standalone'   AND is_active = TRUE…
2026-06-01 00:58:50 | INFO     | cost_structure | Running cost structure analysis …
2026-06-01 00:58:50 | INFO     | cost_structure | Cost structure analysis complete.
2026-06-01 00:58:50 | INFO     | query_engine                   | SQL: SELECT financial_item, financial_category, year, value, units FROM financials WHERE company_id = 'DRL' AND is_active = TRUE ORDER BY year DESC, financial_item…
2026-06-01 00:58:50 | INFO     | query_engine                   | SQL: SELECT financial_item, year, value, units FROM financials WHERE company_id = 'DRL'   AND financial_category = 'P&L Standalone'   AND is_active = TRUE…
2026-06-01 00:58:50 | INFO     | cost_structure | Running cost structure analysis …
2026-06-01 00:58:51 | INFO     | cost_structure | Cost structure analysis complete.
2026-06-01 00:58:51 | INFO     | query_engine                   | SQL: SELECT financial_item, financial_category, year, value, units FROM financials WHERE company_id = 'DRL' AND is_active = TRUE ORDER BY year DESC, financial_item…
2026-06-01 00:58:51 | INFO     | query_engine                   | SQL: SELECT financial_item, year, value, units FROM financials WHERE company_id = 'DRL'   AND financial_category = 'P&L Standalone'   AND is_active = TRUE…
2026-06-01 00:58:51 | INFO     | cost_structure | Running cost structure analysis …
2026-06-01 00:58:51 | INFO     | cost_structure | Cost structure analysis complete.
2026-06-01 00:58:51 | INFO     | query_engine                   | SQL: SELECT financial_item, financial_category, year, value, units FROM financials WHERE company_id = 'LUPIN' AND is_active = TRUE ORDER BY year DESC, financial_item…
2026-06-01 00:58:51 | INFO     | query_engine                   | SQL: SELECT financial_item, year, value, units FROM financials WHERE company_id = 'LUPIN'   AND financial_category = 'P&L Standalone'   AND is_active = TRUE…
2026-06-01 00:58:51 | INFO     | cost_structure | Running cost structure analysis …
2026-06-01 00:58:52 | INFO     | cost_structure | Cost structure analysis complete.
2026-06-01 00:58:52 | INFO     | query_engine                   | SQL: SELECT financial_item, financial_category, year, value, units FROM financials WHERE company_id = 'LUPIN' AND is_active = TRUE ORDER BY year DESC, financial_item…
2026-06-01 00:58:52 | INFO     | query_engine                   | SQL: SELECT financial_item, year, value, units FROM financials WHERE company_id = 'LUPIN'   AND financial_category = 'P&L Standalone'   AND is_active = TRUE…
2026-06-01 00:58:52 | INFO     | cost_structure | Running cost structure analysis …
2026-06-01 00:58:52 | INFO     | cost_structure | Cost structure analysis complete.
2026-06-01 00:58:52 | INFO     | query_engine                   | SQL: SELECT financial_item, financial_category, year, value, units FROM financials WHERE company_id = 'LUPIN' AND is_active = TRUE ORDER BY year DESC, financial_item…
2026-06-01 00:58:52 | INFO     | query_engine                   | SQL: SELECT financial_item, year, value, units FROM financials WHERE company_id = 'LUPIN'   AND financial_category = 'P&L Standalone'   AND is_active = TRUE…
2026-06-01 00:58:52 | INFO     | cost_structure | Running cost structure analysis …
2026-06-01 00:58:52 | INFO     | cost_structure | Cost structure analysis complete.
2026-06-01 00:58:53 | INFO     | query_engine                   | SQL: SELECT financial_item, financial_category, year, value, units FROM financials WHERE company_id = 'LUPIN' AND is_active = TRUE ORDER BY year DESC, financial_item…
2026-06-01 00:58:53 | INFO     | query_engine                   | SQL: SELECT financial_item, year, value, units FROM financials WHERE company_id = 'LUPIN'   AND financial_category = 'P&L Standalone'   AND is_active = TRUE…
2026-06-01 00:58:53 | INFO     | cost_structure | Running cost structure analysis …
2026-06-01 00:58:53 | INFO     | cost_structure | Cost structure analysis complete.
2026-06-01 00:58:53 | INFO     | query_engine                   | SQL: SELECT financial_item, financial_category, year, value, units FROM financials WHERE company_id = 'LUPIN' AND is_active = TRUE ORDER BY year DESC, financial_item…
2026-06-01 00:58:53 | INFO     | query_engine                   | SQL: SELECT financial_item, year, value, units FROM financials WHERE company_id = 'LUPIN'   AND financial_category = 'P&L Standalone'   AND is_active = TRUE…
2026-06-01 00:58:53 | INFO     | cost_structure | Running cost structure analysis …
2026-06-01 00:58:53 | INFO     | cost_structure | Cost structure analysis complete.
2026-06-01 00:58:53 | INFO     | query_engine                   | SQL: SELECT financial_item, financial_category, year, value, units FROM financials WHERE company_id = 'LUPIN' AND is_active = TRUE ORDER BY year DESC, financial_item…
2026-06-01 00:58:54 | INFO     | query_engine                   | SQL: SELECT financial_item, year, value, units FROM financials WHERE company_id = 'LUPIN'   AND financial_category = 'P&L Standalone'   AND is_active = TRUE…
2026-06-01 00:58:54 | INFO     | cost_structure | Running cost structure analysis …
2026-06-01 00:58:54 | INFO     | cost_structure | Cost structure analysis complete.
2026-06-01 00:58:54 | INFO     | query_engine                   | SQL: SELECT financial_item, financial_category, year, value, units FROM financials WHERE company_id = 'SUN' AND is_active = TRUE ORDER BY year DESC, financial_item…
2026-06-01 00:58:54 | INFO     | query_engine                   | SQL: SELECT financial_item, year, value, units FROM financials WHERE company_id = 'SUN'   AND financial_category = 'P&L Standalone'   AND is_active = TRUE…
2026-06-01 00:58:54 | INFO     | cost_structure | Running cost structure analysis …
2026-06-01 00:58:54 | INFO     | cost_structure | Cost structure analysis complete.
2026-06-01 00:58:54 | INFO     | query_engine                   | SQL: SELECT financial_item, financial_category, year, value, units FROM financials WHERE company_id = 'SUN' AND is_active = TRUE ORDER BY year DESC, financial_item…
2026-06-01 00:58:55 | INFO     | query_engine                   | SQL: SELECT financial_item, year, value, units FROM financials WHERE company_id = 'SUN'   AND financial_category = 'P&L Standalone'   AND is_active = TRUE…
2026-06-01 00:58:55 | INFO     | cost_structure | Running cost structure analysis …
2026-06-01 00:58:55 | INFO     | cost_structure | Cost structure analysis complete.
2026-06-01 00:58:55 | INFO     | query_engine                   | SQL: SELECT financial_item, financial_category, year, value, units FROM financials WHERE company_id = 'SUN' AND is_active = TRUE ORDER BY year DESC, financial_item…
2026-06-01 00:58:55 | INFO     | query_engine                   | SQL: SELECT financial_item, year, value, units FROM financials WHERE company_id = 'SUN'   AND financial_category = 'P&L Standalone'   AND is_active = TRUE…
2026-06-01 00:58:55 | INFO     | cost_structure | Running cost structure analysis …
2026-06-01 00:58:56 | INFO     | cost_structure | Cost structure analysis complete.
2026-06-01 00:58:56 | INFO     | query_engine                   | SQL: SELECT financial_item, financial_category, year, value, units FROM financials WHERE company_id = 'SUN' AND is_active = TRUE ORDER BY year DESC, financial_item…
2026-06-01 00:58:56 | INFO     | query_engine                   | SQL: SELECT financial_item, year, value, units FROM financials WHERE company_id = 'SUN'   AND financial_category = 'P&L Standalone'   AND is_active = TRUE…
2026-06-01 00:58:56 | INFO     | cost_structure | Running cost structure analysis …
2026-06-01 00:58:56 | INFO     | cost_structure | Cost structure analysis complete.
2026-06-01 00:58:56 | INFO     | query_engine                   | SQL: SELECT financial_item, financial_category, year, value, units FROM financials WHERE company_id = 'SUN' AND is_active = TRUE ORDER BY year DESC, financial_item…
2026-06-01 00:58:56 | INFO     | query_engine                   | SQL: SELECT financial_item, year, value, units FROM financials WHERE company_id = 'SUN'   AND financial_category = 'P&L Standalone'   AND is_active = TRUE…
2026-06-01 00:58:56 | INFO     | cost_structure | Running cost structure analysis …
2026-06-01 00:58:57 | INFO     | cost_structure | Cost structure analysis complete.
2026-06-01 00:58:57 | INFO     | query_engine                   | SQL: SELECT financial_item, financial_category, year, value, units FROM financials WHERE company_id = 'SUN' AND is_active = TRUE ORDER BY year DESC, financial_item…
2026-06-01 00:58:57 | INFO     | query_engine                   | SQL: SELECT financial_item, year, value, units FROM financials WHERE company_id = 'SUN'   AND financial_category = 'P&L Standalone'   AND is_active = TRUE…
2026-06-01 00:58:57 | INFO     | cost_structure | Running cost structure analysis …
2026-06-01 00:58:57 | INFO     | cost_structure | Cost structure analysis complete.
2026-06-01 00:59:00 | INFO     | query_engine                   | DuckDB views registered: financials, financials_latest, company_master, sector_mapping, audit_log
2026-06-01 00:59:00 | INFO     | query_engine                   | SQL: SELECT financial_item, financial_category, year, value, units FROM financials WHERE company_id = 'CIPLA' AND is_active = TRUE ORDER BY year DESC, financial_item…
2026-06-01 00:59:00 | INFO     | query_engine                   | SQL: SELECT financial_item, year, value, units FROM financials WHERE company_id = 'CIPLA'   AND financial_category = 'P&L Consolidated'   AND is_active = TRUE…
2026-06-01 00:59:00 | INFO     | cost_structure | Running cost structure analysis …
2026-06-01 00:59:01 | INFO     | cost_structure | Cost structure analysis complete.
2026-06-01 00:59:06 | INFO     | query_engine                   | DuckDB views registered: financials, financials_latest, company_master, sector_mapping, audit_log
2026-06-01 00:59:06 | INFO     | query_engine                   | SQL: SELECT financial_item, financial_category, year, value, units FROM financials WHERE company_id = 'CIPLA' AND is_active = TRUE ORDER BY year DESC, financial_item…
2026-06-01 00:59:06 | INFO     | query_engine                   | SQL: SELECT financial_item, year, value, units FROM financials WHERE company_id = 'CIPLA'   AND financial_category = 'P&L Consolidated'   AND is_active = TRUE…
2026-06-01 00:59:06 | INFO     | cost_structure | Running cost structure analysis …
2026-06-01 00:59:06 | INFO     | cost_structure | Cost structure analysis complete.
^CINFO:     Started server process [2064]
INFO:     Waiting for application startup.
INFO:     Application startup complete.
INFO:     Uvicorn running on http://127.0.0.1:8000 (Press CTRL+C to quit)
2026-06-01 10:31:19 | INFO     | query_engine                   | DuckDB views registered: financials, financials_latest, company_master, sector_mapping, audit_log
2026-06-01 10:31:19 | INFO     | normalizer                     | Loaded 27 canonical items, 93 total aliases
2026-06-01 10:31:19 | INFO     | query_engine                   | DuckDB views registered: financials, financials_latest, company_master, sector_mapping, audit_log
2026-06-01 10:31:19 | INFO     | query_engine                   | SQL: SELECT financial_item, financial_category, year, value, units FROM financials WHERE company_id = 'CIPLA' AND is_active = TRUE ORDER BY year DESC, financial_item…
2026-06-01 10:31:38 | INFO     | query_engine                   | DuckDB views registered: financials, financials_latest, company_master, sector_mapping, audit_log
2026-06-01 10:31:38 | INFO     | query_engine                   | SQL: SELECT financial_item, financial_category, year, value, units FROM financials WHERE company_id = 'DRL' AND is_active = TRUE ORDER BY year DESC, financial_item…
2026-06-01 10:32:25 | INFO     | query_engine                   | DuckDB views registered: financials, financials_latest, company_master, sector_mapping, audit_log
2026-06-01 10:32:26 | INFO     | warehouse                      | Ingested batch: {'ingestion_id': '939d35eb-af6e-4c3f-9f08-d6d352eae8d2', 'rows_loaded': 43, 'rows_revised': 43, 'rows_new': 0}
2026-06-01 10:32:26 | INFO     | query_engine                   | DuckDB views registered: financials, financials_latest, company_master, sector_mapping, audit_log
2026-06-01 10:32:26 | INFO     | query_engine                   | DuckDB views registered: financials, financials_latest, company_master, sector_mapping, audit_log
2026-06-01 10:32:26 | INFO     | query_engine                   | SQL: SELECT financial_item, year, value, units FROM financials WHERE company_id = 'DRL'   AND financial_category = 'P&L Consolidated'   AND is_active = TRUE…
2026-06-01 10:32:27 | INFO     | query_engine                   | SQL: SELECT financial_item, year, value, units FROM financials WHERE company_id = 'DRL'   AND financial_category = 'P&L Standalone'   AND is_active = TRUE…
2026-06-01 10:32:27 | INFO     | query_engine                   | SQL: SELECT financial_item, year, value, units FROM financials WHERE company_id = 'DRL'   AND financial_category = 'Altman Z'   AND financial_item IN ('Revenue from Operations','EBITDA','PAT','Total Assets…
2026-06-01 10:32:27 | INFO     | cost_structure | Running cost structure analysis …
2026-06-01 10:32:27 | INFO     | cost_structure | Cost structure analysis complete.
2026-06-01 10:32:27 | INFO     | bankruptcy | Running bankruptcy/Altman Z analysis …
2026-06-01 10:32:30 | INFO     | query_engine                   | DuckDB views registered: financials, financials_latest, company_master, sector_mapping, audit_log
2026-06-01 10:32:30 | INFO     | query_engine                   | SQL: SELECT financial_item, financial_category, year, value, units FROM financials WHERE company_id = 'DRL' AND is_active = TRUE ORDER BY year DESC, financial_item…
2026-06-01 10:32:30 | INFO     | query_engine                   | SQL: SELECT financial_item, year, value, units FROM financials WHERE company_id = 'DRL'   AND financial_category = 'P&L Consolidated'   AND is_active = TRUE…
2026-06-01 10:32:30 | INFO     | cost_structure | Running cost structure analysis …
2026-06-01 10:32:31 | INFO     | cost_structure | Cost structure analysis complete.
2026-06-01 10:32:31 | INFO     | query_engine                   | DuckDB views registered: financials, financials_latest, company_master, sector_mapping, audit_log
2026-06-01 10:32:31 | INFO     | query_engine                   | SQL: SELECT financial_item, financial_category, year, value, units FROM financials WHERE company_id = 'DRL' AND is_active = TRUE ORDER BY year DESC, financial_item…
2026-06-01 10:32:47 | INFO     | query_engine                   | DuckDB views registered: financials, financials_latest, company_master, sector_mapping, audit_log
2026-06-01 10:32:47 | INFO     | query_engine                   | SQL: SELECT financial_item, financial_category, year, value, units FROM financials WHERE company_id = 'DRL' AND is_active = TRUE ORDER BY year DESC, financial_item…
2026-06-01 10:32:47 | INFO     | query_engine                   | DuckDB views registered: financials, financials_latest, company_master, sector_mapping, audit_log
2026-06-01 10:32:47 | INFO     | query_engine                   | SQL: SELECT financial_item, financial_category, year, value, units FROM financials WHERE company_id = 'DRL' AND is_active = TRUE ORDER BY year DESC, financial_item…
2026-06-01 10:32:47 | INFO     | query_engine                   | SQL: SELECT financial_item, year, value, units FROM financials WHERE company_id = 'DRL'   AND financial_category = 'P&L Consolidated'   AND is_active = TRUE…
2026-06-01 10:32:47 | INFO     | cost_structure | Running cost structure analysis …
2026-06-01 10:32:47 | INFO     | cost_structure | Cost structure analysis complete.
2026-06-01 10:32:49 | INFO     | query_engine                   | DuckDB views registered: financials, financials_latest, company_master, sector_mapping, audit_log
2026-06-01 10:32:49 | INFO     | query_engine                   | SQL: SELECT financial_item, financial_category, year, value, units FROM financials WHERE company_id = 'DRL' AND is_active = TRUE ORDER BY year DESC, financial_item…
2026-06-01 10:32:49 | INFO     | query_engine                   | SQL: SELECT financial_item, year, value, units FROM financials WHERE company_id = 'DRL'   AND financial_category = 'P&L Consolidated'   AND is_active = TRUE…
2026-06-01 10:32:49 | INFO     | cost_structure | Running cost structure analysis …
2026-06-01 10:32:50 | INFO     | cost_structure | Cost structure analysis complete.
2026-06-01 10:32:50 | INFO     | query_engine                   | DuckDB views registered: financials, financials_latest, company_master, sector_mapping, audit_log
2026-06-01 10:32:50 | INFO     | query_engine                   | SQL: SELECT financial_item, financial_category, year, value, units FROM financials WHERE company_id = 'DRL' AND is_active = TRUE ORDER BY year DESC, financial_item…
2026-06-01 10:35:04 | INFO     | query_engine                   | DuckDB views registered: financials, financials_latest, company_master, sector_mapping, audit_log
2026-06-01 10:35:04 | INFO     | query_engine                   | SQL: SELECT financial_item, year, value, units FROM financials WHERE company_id = 'CIPLA'   AND financial_category = 'P&L Consolidated'   AND is_active = TRUE…
2026-06-01 10:35:04 | INFO     | cost_structure | Running cost structure analysis …
2026-06-01 10:35:04 | INFO     | cost_structure | Cost structure analysis complete.
2026-06-01 10:35:04 | INFO     | query_engine                   | SQL: SELECT financial_item, year, value, units FROM financials WHERE company_id = 'DRL'   AND financial_category = 'P&L Consolidated'   AND is_active = TRUE…
2026-06-01 10:35:04 | INFO     | cost_structure | Running cost structure analysis …
2026-06-01 10:35:04 | INFO     | cost_structure | Cost structure analysis complete.
2026-06-01 10:35:04 | INFO     | query_engine                   | SQL: SELECT financial_item, year, value, units FROM financials WHERE company_id = 'LUPIN'   AND financial_category = 'P&L Consolidated'   AND is_active = TRUE…
2026-06-01 10:35:04 | INFO     | cost_structure | Running cost structure analysis …
2026-06-01 10:35:05 | INFO     | cost_structure | Cost structure analysis complete.
2026-06-01 10:35:05 | INFO     | query_engine                   | SQL: SELECT financial_item, year, value, units FROM financials WHERE company_id = 'SUN'   AND financial_category = 'P&L Consolidated'   AND is_active = TRUE…
2026-06-01 10:35:05 | INFO     | cost_structure | Running cost structure analysis …
2026-06-01 10:35:05 | INFO     | cost_structure | Cost structure analysis complete.
2026-06-01 10:35:05 | INFO     | query_engine                   | DuckDB views registered: financials, financials_latest, company_master, sector_mapping, audit_log
2026-06-01 10:35:05 | INFO     | query_engine                   | SQL: SELECT financial_item, financial_category, year, value, units FROM financials WHERE company_id = 'CIPLA' AND is_active = TRUE ORDER BY year DESC, financial_item…
2026-06-01 10:35:05 | INFO     | query_engine                   | SQL: SELECT financial_item, year, value, units FROM financials WHERE company_id = 'CIPLA'   AND financial_category = 'P&L Consolidated'   AND is_active = TRUE…
2026-06-01 10:35:05 | INFO     | cost_structure | Running cost structure analysis …
2026-06-01 10:35:06 | INFO     | cost_structure | Cost structure analysis complete.
2026-06-01 10:35:06 | INFO     | query_engine                   | SQL: SELECT financial_item, financial_category, year, value, units FROM financials WHERE company_id = 'DRL' AND is_active = TRUE ORDER BY year DESC, financial_item…
2026-06-01 10:35:06 | INFO     | query_engine                   | SQL: SELECT financial_item, year, value, units FROM financials WHERE company_id = 'DRL'   AND financial_category = 'P&L Consolidated'   AND is_active = TRUE…
2026-06-01 10:35:06 | INFO     | cost_structure | Running cost structure analysis …
2026-06-01 10:35:06 | INFO     | cost_structure | Cost structure analysis complete.
2026-06-01 10:35:06 | INFO     | query_engine                   | SQL: SELECT financial_item, financial_category, year, value, units FROM financials WHERE company_id = 'LUPIN' AND is_active = TRUE ORDER BY year DESC, financial_item…
2026-06-01 10:35:07 | INFO     | query_engine                   | SQL: SELECT financial_item, year, value, units FROM financials WHERE company_id = 'LUPIN'   AND financial_category = 'P&L Consolidated'   AND is_active = TRUE…
2026-06-01 10:35:07 | INFO     | cost_structure | Running cost structure analysis …
2026-06-01 10:35:07 | INFO     | cost_structure | Cost structure analysis complete.
2026-06-01 10:35:07 | INFO     | query_engine                   | SQL: SELECT financial_item, financial_category, year, value, units FROM financials WHERE company_id = 'SUN' AND is_active = TRUE ORDER BY year DESC, financial_item…
2026-06-01 10:35:07 | INFO     | query_engine                   | SQL: SELECT financial_item, year, value, units FROM financials WHERE company_id = 'SUN'   AND financial_category = 'P&L Consolidated'   AND is_active = TRUE…
2026-06-01 10:35:07 | INFO     | cost_structure | Running cost structure analysis …
2026-06-01 10:35:07 | INFO     | cost_structure | Cost structure analysis complete.
2026-06-01 10:35:07 | INFO     | query_engine                   | DuckDB views registered: financials, financials_latest, company_master, sector_mapping, audit_log
2026-06-01 10:35:07 | INFO     | query_engine                   | SQL:              SELECT c.company_id, c.company_name,                 MAX(CASE WHEN f.financial_item='Revenue from Operations' THEN f.value END) as revenue,                 MAX(CASE WHEN f.financial_item=…
2026-06-01 10:35:07 | INFO     | query_engine                   | SQL: SELECT financial_item, financial_category, year, value, units FROM financials WHERE company_id = 'SUN' AND is_active = TRUE ORDER BY year DESC, financial_item…
2026-06-01 10:35:08 | INFO     | query_engine                   | SQL: SELECT financial_item, year, value, units FROM financials WHERE company_id = 'SUN'   AND financial_category = 'P&L Consolidated'   AND is_active = TRUE…
2026-06-01 10:35:08 | INFO     | cost_structure | Running cost structure analysis …
2026-06-01 10:35:08 | INFO     | cost_structure | Cost structure analysis complete.
2026-06-01 10:35:08 | INFO     | query_engine                   | SQL: SELECT financial_item, financial_category, year, value, units FROM financials WHERE company_id = 'DRL' AND is_active = TRUE ORDER BY year DESC, financial_item…
2026-06-01 10:35:08 | INFO     | query_engine                   | SQL: SELECT financial_item, year, value, units FROM financials WHERE company_id = 'DRL'   AND financial_category = 'P&L Consolidated'   AND is_active = TRUE…
2026-06-01 10:35:08 | INFO     | cost_structure | Running cost structure analysis …
2026-06-01 10:35:08 | INFO     | cost_structure | Cost structure analysis complete.
2026-06-01 10:35:08 | INFO     | query_engine                   | SQL: SELECT financial_item, financial_category, year, value, units FROM financials WHERE company_id = 'CIPLA' AND is_active = TRUE ORDER BY year DESC, financial_item…
2026-06-01 10:35:08 | INFO     | query_engine                   | SQL: SELECT financial_item, year, value, units FROM financials WHERE company_id = 'CIPLA'   AND financial_category = 'P&L Consolidated'   AND is_active = TRUE…
2026-06-01 10:35:09 | INFO     | cost_structure | Running cost structure analysis …
2026-06-01 10:35:09 | INFO     | cost_structure | Cost structure analysis complete.
2026-06-01 10:35:09 | INFO     | query_engine                   | SQL: SELECT financial_item, financial_category, year, value, units FROM financials WHERE company_id = 'LUPIN' AND is_active = TRUE ORDER BY year DESC, financial_item…
2026-06-01 10:35:09 | INFO     | query_engine                   | SQL: SELECT financial_item, year, value, units FROM financials WHERE company_id = 'LUPIN'   AND financial_category = 'P&L Consolidated'   AND is_active = TRUE…
2026-06-01 10:35:09 | INFO     | cost_structure | Running cost structure analysis …
2026-06-01 10:35:09 | INFO     | cost_structure | Cost structure analysis complete.
2026-06-01 10:38:14 | INFO     | query_engine                   | DuckDB views registered: financials, financials_latest, company_master, sector_mapping, audit_log
2026-06-01 10:38:14 | INFO     | query_engine                   | SQL: SELECT financial_item, financial_category, year, value, units FROM financials WHERE company_id = 'DRL' AND is_active = TRUE ORDER BY year DESC, financial_item…
2026-06-01 10:38:14 | INFO     | query_engine                   | SQL: SELECT financial_item, year, value, units FROM financials WHERE company_id = 'DRL'   AND financial_category = 'P&L Consolidated'   AND is_active = TRUE…
2026-06-01 10:38:14 | INFO     | cost_structure | Running cost structure analysis …
2026-06-01 10:38:14 | INFO     | cost_structure | Cost structure analysis complete.
